timestamp,junction_id,vehicle_count,congestion_pct,traffic_level
2024-01-01 00:00:00,J-101,33,13,LOW
2024-01-01 00:00:00,J-102,27,12,LOW
2024-01-01 00:00:00,J-103,21,13,LOW
2024-01-01 00:00:00,J-104,18,13,LOW
2024-01-01 00:00:00,J-105,12,13,LOW
2024-01-01 00:00:00,J-106,8,13,LOW
2024-01-01 00:00:00,J-107,6,13,LOW
2024-01-01 00:00:00,J-108,28,12,LOW
2024-01-01 00:15:00,J-101,33,13,LOW
2024-01-01 00:15:00,J-102,28,13,LOW
2024-01-01 00:15:00,J-103,13,8,LOW
2024-01-01 00:15:00,J-104,16,11,LOW
2024-01-01 00:15:00,J-105,13,14,LOW
2024-01-01 00:15:00,J-106,7,11,LOW
2024-01-01 00:15:00,J-107,6,13,LOW
2024-01-01 00:15:00,J-108,31,13,LOW
2024-01-01 00:30:00,J-101,32,13,LOW
2024-01-01 00:30:00,J-102,30,13,LOW
2024-01-01 00:30:00,J-103,19,12,LOW
2024-01-01 00:30:00,J-104,16,11,LOW
2024-01-01 00:30:00,J-105,10,10,LOW
2024-01-01 00:30:00,J-106,6,9,LOW
2024-01-01 00:30:00,J-107,5,10,LOW
2024-01-01 00:30:00,J-108,32,13,LOW
2024-01-01 00:45:00,J-101,35,14,LOW
2024-01-01 00:45:00,J-102,26,12,LOW
2024-01-01 00:45:00,J-103,15,9,LOW
2024-01-01 00:45:00,J-104,15,10,LOW
2024-01-01 00:45:00,J-105,12,13,LOW
2024-01-01 00:45:00,J-106,8,13,LOW
2024-01-01 00:45:00,J-107,6,13,LOW
2024-01-01 00:45:00,J-108,31,13,LOW
2024-01-01 01:00:00,J-101,4,1,LOW
2024-01-01 01:00:00,J-102,3,1,LOW
2024-01-01 01:00:00,J-103,2,1,LOW
2024-01-01 01:00:00,J-104,2,1,LOW
2024-01-01 01:00:00,J-105,2,2,LOW
2024-01-01 01:00:00,J-106,1,1,LOW
2024-01-01 01:00:00,J-107,1,2,LOW
2024-01-01 01:00:00,J-108,5,,LOW
2024-01-01 01:15:00,J-101,6,2,LOW
2024-01-01 01:15:00,J-102,4,1,LOW
2024-01-01 01:15:00,J-103,3,1,LOW
2024-01-01 01:15:00,J-104,2,1,LOW
2024-01-01 01:15:00,J-105,1,1,LOW
2024-01-01 01:15:00,J-106,1,1,LOW
2024-01-01 01:15:00,J-107,0,0,LOW
2024-01-01 01:15:00,J-108,4,1,LOW
2024-01-01 01:30:00,J-101,3,1,LOW
2024-01-01 01:30:00,J-102,3,1,LOW
2024-01-01 01:30:00,J-103,2,1,LOW
2024-01-01 01:30:00,J-104,2,1,LOW
2024-01-01 01:30:00,J-105,1,1,LOW
2024-01-01 01:30:00,J-106,0,0,LOW
2024-01-01 01:30:00,J-107,0,0,LOW
2024-01-01 01:30:00,J-108,4,1,LOW
2024-01-01 01:45:00,J-101,5,2,LOW
2024-01-01 01:45:00,J-102,4,1,LOW
2024-01-01 01:45:00,J-103,3,1,LOW
2024-01-01 01:45:00,J-104,2,1,LOW
2024-01-01 01:45:00,J-105,1,1,LOW
2024-01-01 01:45:00,J-106,1,1,LOW
2024-01-01 01:45:00,J-107,0,0,LOW
2024-01-01 01:45:00,J-108,4,1,LOW
2024-01-01 02:00:00,J-101,5,2,LOW
2024-01-01 02:00:00,J-102,3,1,LOW
2024-01-01 02:00:00,J-103,2,1,LOW
2024-01-01 02:00:00,J-104,2,1,LOW
2024-01-01 02:00:00,J-105,1,1,LOW
2024-01-01 02:00:00,J-106,1,1,LOW
2024-01-01 02:00:00,J-107,0,0,LOW
2024-01-01 02:00:00,J-108,5,2,LOW
2024-01-01 02:15:00,J-101,3,1,LOW
2024-01-01 02:15:00,J-102,3,1,LOW
2024-01-01 02:15:00,J-103,2,1,LOW
2024-01-01 02:15:00,J-104,2,1,LOW
2024-01-01 02:15:00,J-105,1,1,LOW
2024-01-01 02:15:00,J-106,1,1,LOW
2024-01-01 02:15:00,J-107,0,0,LOW
2024-01-01 02:15:00,J-108,5,2,LOW
2024-01-01 02:30:00,J-101,4,1,LOW
2024-01-01 02:30:00,J-102,4,1,LOW
2024-01-01 02:30:00,J-103,3,1,LOW
2024-01-01 02:30:00,J-104,2,1,LOW
2024-01-01 02:30:00,J-105,2,2,LOW
2024-01-01 02:30:00,J-106,1,1,LOW
2024-01-01 02:30:00,J-107,1,2,LOW
2024-01-01 02:30:00,J-108,4,1,LOW
2024-01-01 02:45:00,J-101,5,2,LOW
2024-01-01 02:45:00,J-102,4,1,LOW
2024-01-01 02:45:00,J-103,2,1,LOW
2024-01-01 02:45:00,J-104,2,1,LOW
2024-01-01 02:45:00,J-105,,1,LOW
2024-01-01 02:45:00,J-106,1,1,LOW
2024-01-01 02:45:00,J-107,0,0,LOW
2024-01-01 02:45:00,J-108,3,1,LOW
2024-01-01 03:00:00,J-101,2,0,LOW
2024-01-01 03:00:00,J-102,2,0,LOW
2024-01-01 03:00:00,J-103,2,1,LOW
2024-01-01 03:00:00,J-104,1,0,LOW
2024-01-01 03:00:00,J-105,1,1,LOW
2024-01-01 03:00:00,J-106,0,0,LOW
2024-01-01 03:00:00,J-107,0,0,LOW
2024-01-01 03:00:00,J-108,2,0,LOW
2024-01-01 03:15:00,J-101,3,1,LOW
2024-01-01 03:15:00,J-102,4,1,LOW
2024-01-01 03:15:00,J-103,2,1,LOW
2024-01-01 03:15:00,J-104,2,1,LOW
2024-01-01 03:15:00,J-105,1,1,LOW
2024-01-01 03:15:00,J-106,1,1,LOW
2024-01-01 03:15:00,J-107,0,0,LOW
2024-01-01 03:15:00,J-108,4,1,LOW
2024-01-01 03:30:00,J-101,3,1,LOW
2024-01-01 03:30:00,J-102,3,1,LOW
2024-01-01 03:30:00,J-103,2,1,LOW
2024-01-01 03:30:00,J-104,2,1,LOW
2024-01-01 03:30:00,J-105,1,1,LOW
2024-01-01 03:30:00,J-106,1,,LOW
2024-01-01 03:30:00,J-107,0,0,LOW
2024-01-01 03:30:00,J-108,3,1,LOW
2024-01-01 03:45:00,J-101,4,1,LOW
2024-01-01 03:45:00,J-102,3,1,LOW
2024-01-01 03:45:00,J-103,2,1,LOW
2024-01-01 03:45:00,J-104,3,2,LOW
2024-01-01 03:45:00,J-105,2,2,LOW
2024-01-01 03:45:00,J-106,1,1,LOW
2024-01-01 03:45:00,J-107,0,0,LOW
2024-01-01 03:45:00,J-108,4,1,LOW
2024-01-01 04:00:00,J-101,4,1,LOW
2024-01-01 04:00:00,J-102,4,1,LOW
2024-01-01 04:00:00,J-103,2,1,LOW
2024-01-01 04:00:00,J-104,2,1,LOW
2024-01-01 04:00:00,J-105,1,1,LOW
2024-01-01 04:00:00,J-106,1,1,LOW
2024-01-01 04:00:00,J-107,1,2,LOW
2024-01-01 04:00:00,J-108,4,1,LOW
2024-01-01 04:15:00,J-101,4,1,LOW
2024-01-01 04:15:00,J-102,4,1,LOW
2024-01-01 04:15:00,J-103,3,1,LOW
2024-01-01 04:15:00,J-104,3,2,LOW
2024-01-01 04:15:00,J-105,1,1,LOW
2024-01-01 04:15:00,J-106,1,1,LOW
2024-01-01 04:15:00,J-107,1,2,LOW
2024-01-01 04:15:00,J-108,4,1,LOW
2024-01-01 04:30:00,J-101,2,0,LOW
2024-01-01 04:30:00,J-102,2,0,LOW
2024-01-01 04:30:00,J-103,1,0,LOW
2024-01-01 04:30:00,J-104,1,0,LOW
2024-01-01 04:30:00,J-105,1,1,LOW
2024-01-01 04:30:00,J-106,0,0,LOW
2024-01-01 04:30:00,J-107,0,0,LOW
2024-01-01 04:30:00,J-108,2,0,LOW
2024-01-01 04:45:00,J-101,2,0,LOW
2024-01-01 04:45:00,J-102,2,0,LOW
2024-01-01 04:45:00,J-103,1,0,LOW
2024-01-01 04:45:00,J-104,2,1,LOW
2024-01-01 04:45:00,J-105,1,1,LOW
2024-01-01 04:45:00,J-106,0,0,LOW
2024-01-01 04:45:00,J-107,0,0,LOW
2024-01-01 04:45:00,J-108,3,1,LOW
2024-01-01 05:00:00,J-101,5,2,LOW
2024-01-01 05:00:00,J-102,4,1,LOW
2024-01-01 05:00:00,J-103,2,1,LOW
2024-01-01 05:00:00,J-104,2,1,LOW
2024-01-01 05:00:00,J-105,1,1,LOW
2024-01-01 05:00:00,J-106,1,1,LOW
2024-01-01 05:00:00,J-107,0,0,LOW
2024-01-01 05:00:00,J-108,3,1,LOW
2024-01-01 05:15:00,J-101,29,11,LOW
2024-01-01 05:15:00,J-102,23,10,LOW
2024-01-01 05:15:00,J-103,15,9,LOW
2024-01-01 05:15:00,J-104,14,10,LOW
2024-01-01 05:15:00,J-105,10,10,LOW
2024-01-01 05:15:00,J-106,6,9,LOW
2024-01-01 05:15:00,J-107,4,8,LOW
2024-01-01 05:15:00,J-108,29,12,LOW
2024-01-01 05:30:00,J-101,29,11,LOW
2024-01-01 05:30:00,J-102,25,11,LOW
2024-01-01 05:30:00,J-103,22,14,LOW
2024-01-01 05:30:00,J-104,16,11,LOW
2024-01-01 05:30:00,J-105,9,9,LOW
2024-01-01 05:30:00,J-106,9,14,LOW
2024-01-01 05:30:00,J-107,6,13,LOW
2024-01-01 05:30:00,J-108,23,9,LOW
2024-01-01 05:45:00,J-101,23,9,LOW
2024-01-01 05:45:00,J-102,23,10,LOW
2024-01-01 05:45:00,J-103,17,11,LOW
2024-01-01 05:45:00,J-104,14,10,LOW
2024-01-01 05:45:00,J-105,9,9,LOW
2024-01-01 05:45:00,J-106,6,9,LOW
2024-01-01 05:45:00,J-107,4,8,LOW
2024-01-01 05:45:00,J-108,30,13,LOW
2024-01-01 06:00:00,J-101,31,12,LOW
2024-01-01 06:00:00,J-102,24,11,LOW
2024-01-01 06:00:00,J-103,20,13,LOW
2024-01-01 06:00:00,J-104,17,12,LOW
2024-01-01 06:00:00,J-105,10,10,LOW
2024-01-01 06:00:00,J-106,8,13,LOW
2024-01-01 06:00:00,J-107,5,10,LOW
2024-01-01 06:00:00,J-108,32,13,LOW
2024-01-01 06:15:00,J-101,28,11,LOW
2024-01-01 06:15:00,J-102,25,11,LOW
2024-01-01 06:15:00,J-103,16,10,LOW
2024-01-01 06:15:00,J-104,16,11,LOW
2024-01-01 06:15:00,J-105,9,9,LOW
2024-01-01 06:15:00,J-106,6,9,LOW
2024-01-01 06:15:00,J-107,5,10,LOW
2024-01-01 06:15:00,J-108,22,9,LOW
2024-01-01 06:30:00,J-101,40,16,LOW
2024-01-01 06:30:00,J-102,30,13,LOW
2024-01-01 06:30:00,J-103,19,12,LOW
2024-01-01 06:30:00,J-104,17,12,LOW
2024-01-01 06:30:00,J-105,13,14,LOW
2024-01-01 06:30:00,J-106,9,14,LOW
2024-01-01 06:30:00,J-107,5,10,LOW
2024-01-01 06:30:00,J-108,31,13,LOW
2024-01-01 06:45:00,J-101,29,11,LOW
2024-01-01 06:45:00,J-102,18,8,LOW
2024-01-01 06:45:00,J-103,,12,LOW
2024-01-01 06:45:00,J-104,17,12,LOW
2024-01-01 06:45:00,J-105,11,11,LOW
2024-01-01 06:45:00,J-106,9,14,LOW
2024-01-01 06:45:00,J-107,5,10,LOW
2024-01-01 06:45:00,J-108,23,9,LOW
2024-01-01 07:00:00,J-101,36,14,LOW
2024-01-01 07:00:00,J-102,23,10,LOW
2024-01-01 07:00:00,J-103,17,11,LOW
2024-01-01 07:00:00,J-104,16,11,LOW
2024-01-01 07:00:00,J-105,9,9,LOW
2024-01-01 07:00:00,J-106,7,11,LOW
2024-01-01 07:00:00,J-107,5,10,LOW
2024-01-01 07:00:00,J-108,29,12,LOW
2024-01-01 07:15:00,J-101,27,10,LOW
2024-01-01 07:15:00,J-102,23,10,LOW
2024-01-01 07:15:00,J-103,19,12,LOW
2024-01-01 07:15:00,J-104,15,10,LOW
2024-01-01 07:15:00,J-105,10,10,LOW
2024-01-01 07:15:00,J-106,7,11,LOW
2024-01-01 07:15:00,J-107,5,10,LOW
2024-01-01 07:15:00,J-108,34,14,LOW
2024-01-01 07:30:00,J-101,89,36,LOW
2024-01-01 07:30:00,J-102,68,31,LOW
2024-01-01 07:30:00,J-103,46,29,LOW
2024-01-01 07:30:00,J-104,46,33,LOW
2024-01-01 07:30:00,J-105,31,33,LOW
2024-01-01 07:30:00,J-106,22,35,LOW
2024-01-01 07:30:00,J-107,17,36,LOW
2024-01-01 07:30:00,J-108,72,31,LOW
2024-01-01 07:45:00,J-101,132,53,MODERATE
2024-01-01 07:45:00,J-102,90,41,MODERATE
2024-01-01 07:45:00,J-103,63,40,MODERATE
2024-01-01 07:45:00,J-104,50,36,LOW
2024-01-01 07:45:00,J-105,34,36,LOW
2024-01-01 07:45:00,J-106,25,40,MODERATE
2024-01-01 07:45:00,J-107,18,39,LOW
2024-01-01 07:45:00,J-108,118,51,MODERATE
2024-01-01 08:00:00,J-101,120,48,MODERATE
2024-01-01 08:00:00,J-102,128,59,MODERATE
2024-01-01 08:00:00,J-103,72,46,MODERATE
2024-01-01 08:00:00,J-104,80,57,MODERATE
2024-01-01 08:00:00,J-105,45,48,MODERATE
2024-01-01 08:00:00,J-106,27,43,MODERATE
2024-01-01 08:00:00,J-107,22,47,MODERATE
2024-01-01 08:00:00,J-108,94,40,MODERATE
2024-01-01 08:15:00,J-101,156,63,MODERATE
2024-01-01 08:15:00,J-102,124,57,MODERATE
2024-01-01 08:15:00,J-103,74,48,MODERATE
2024-01-01 08:15:00,J-104,75,54,MODERATE
2024-01-01 08:15:00,J-105,35,37,LOW
2024-01-01 08:15:00,J-106,36,58,MODERATE
2024-01-01 08:15:00,J-107,29,62,MODERATE
2024-01-01 08:15:00,J-108,104,45,MODERATE
2024-01-01 08:30:00,J-101,97,39,LOW
2024-01-01 08:30:00,J-102,82,38,LOW
2024-01-01 08:30:00,J-103,55,35,LOW
2024-01-01 08:30:00,J-104,53,38,LOW
2024-01-01 08:30:00,J-105,36,39,LOW
2024-01-01 08:30:00,J-106,22,35,LOW
2024-01-01 08:30:00,J-107,14,30,LOW
2024-01-01 08:30:00,J-108,85,36,LOW
2024-01-01 08:45:00,J-101,154,62,MODERATE
2024-01-01 08:45:00,J-102,168,78,HIGH
2024-01-01 08:45:00,J-103,115,74,HIGH
2024-01-01 08:45:00,J-104,86,62,MODERATE
2024-01-01 08:45:00,J-105,51,55,MODERATE
2024-01-01 08:45:00,J-106,43,69,MODERATE
2024-01-01 08:45:00,J-107,29,62,MODERATE
2024-01-01 08:45:00,J-108,158,68,MODERATE
2024-01-01 09:00:00,J-101,127,51,MODERATE
2024-01-01 09:00:00,J-102,162,75,HIGH
2024-01-01 09:00:00,J-103,87,56,MODERATE
2024-01-01 09:00:00,J-104,76,54,MODERATE
2024-01-01 09:00:00,J-105,55,59,MODERATE
2024-01-01 09:00:00,J-106,29,47,MODERATE
2024-01-01 09:00:00,J-107,25,54,MODERATE
2024-01-01 09:00:00,J-108,108,46,MODERATE
2024-01-01 09:15:00,J-101,123,49,MODERATE
2024-01-01 09:15:00,J-102,133,61,MODERATE
2024-01-01 09:15:00,J-103,93,60,MODERATE
2024-01-01 09:15:00,J-104,86,62,MODERATE
2024-01-01 09:15:00,J-105,56,60,MODERATE
2024-01-01 09:15:00,J-106,33,53,MODERATE
2024-01-01 09:15:00,J-107,26,56,MODERATE
2024-01-01 09:15:00,J-108,142,61,MODERATE
2024-01-01 09:30:00,J-101,141,57,MODERATE
2024-01-01 09:30:00,J-102,90,41,MODERATE
2024-01-01 09:30:00,J-103,58,37,LOW
2024-01-01 09:30:00,J-104,58,41,MODERATE
2024-01-01 09:30:00,J-105,42,45,MODERATE
2024-01-01 09:30:00,J-106,26,42,MODERATE
2024-01-01 09:30:00,J-107,21,45,MODERATE
2024-01-01 09:30:00,J-108,96,41,MODERATE
2024-01-01 09:45:00,J-101,124,50,MODERATE
2024-01-01 09:45:00,J-102,112,52,MODERATE
2024-01-01 09:45:00,J-103,71,46,MODERATE
2024-01-01 09:45:00,J-104,64,46,MODERATE
2024-01-01 09:45:00,J-105,39,42,MODERATE
2024-01-01 09:45:00,J-106,24,39,LOW
2024-01-01 09:45:00,J-107,20,43,MODERATE
2024-01-01 09:45:00,J-108,97,42,MODERATE
2024-01-01 10:00:00,J-101,75,30,LOW
2024-01-01 10:00:00,J-102,60,27,LOW
2024-01-01 10:00:00,J-103,58,37,LOW
2024-01-01 10:00:00,J-104,52,37,LOW
2024-01-01 10:00:00,J-105,36,39,LOW
2024-01-01 10:00:00,J-106,20,32,LOW
2024-01-01 10:00:00,J-107,15,32,LOW
2024-01-01 10:00:00,J-108,68,29,LOW
2024-01-01 10:15:00,J-101,27,10,LOW
2024-01-01 10:15:00,J-102,19,8,LOW
2024-01-01 10:15:00,J-103,13,8,LOW
2024-01-01 10:15:00,J-104,12,8,LOW
2024-01-01 10:15:00,J-105,8,8,LOW
2024-01-01 10:15:00,J-106,5,8,LOW
2024-01-01 10:15:00,J-107,4,8,LOW
2024-01-01 10:15:00,J-108,18,7,LOW
2024-01-01 10:30:00,J-101,29,11,LOW
2024-01-01 10:30:00,J-102,21,9,LOW
2024-01-01 10:30:00,J-103,14,9,LOW
2024-01-01 10:30:00,J-104,16,11,LOW
2024-01-01 10:30:00,J-105,9,9,LOW
2024-01-01 10:30:00,J-106,6,9,LOW
2024-01-01 10:30:00,J-107,5,10,LOW
2024-01-01 10:30:00,J-108,25,10,LOW
2024-01-01 10:45:00,J-101,16,6,LOW
2024-01-01 10:45:00,J-102,13,6,LOW
2024-01-01 10:45:00,J-103,11,7,LOW
2024-01-01 10:45:00,J-104,12,8,LOW
2024-01-01 10:45:00,J-105,6,6,LOW
2024-01-01 10:45:00,J-106,5,8,LOW
2024-01-01 10:45:00,J-107,4,8,LOW
2024-01-01 10:45:00,J-108,20,8,LOW
2024-01-01 11:00:00,J-101,34,13,LOW
2024-01-01 11:00:00,J-102,30,13,LOW
2024-01-01 11:00:00,J-103,23,14,LOW
2024-01-01 11:00:00,J-104,17,12,LOW
2024-01-01 11:00:00,J-105,12,13,LOW
2024-01-01 11:00:00,J-106,8,13,LOW
2024-01-01 11:00:00,J-107,6,13,LOW
2024-01-01 11:00:00,J-108,23,9,LOW
2024-01-01 11:15:00,J-101,38,15,LOW
2024-01-01 11:15:00,J-102,25,11,LOW
2024-01-01 11:15:00,J-103,19,12,LOW
2024-01-01 11:15:00,J-104,18,13,LOW
2024-01-01 11:15:00,J-105,11,11,LOW
2024-01-01 11:15:00,J-106,7,11,LOW
2024-01-01 11:15:00,J-107,5,10,LOW
2024-01-01 11:15:00,J-108,34,14,LOW
2024-01-01 11:30:00,J-101,27,10,LOW
2024-01-01 11:30:00,J-102,24,11,LOW
2024-01-01 11:30:00,J-103,19,12,LOW
2024-01-01 11:30:00,J-104,21,15,LOW
2024-01-01 11:30:00,J-105,9,9,LOW
2024-01-01 11:30:00,J-106,8,13,LOW
2024-01-01 11:30:00,J-107,5,10,LOW
2024-01-01 11:30:00,J-108,32,13,LOW
2024-01-01 11:45:00,J-101,28,11,LOW
2024-01-01 11:45:00,J-102,26,12,LOW
2024-01-01 11:45:00,J-103,20,13,LOW
2024-01-01 11:45:00,J-104,16,11,LOW
2024-01-01 11:45:00,J-105,8,8,LOW
2024-01-01 11:45:00,J-106,6,9,LOW
2024-01-01 11:45:00,J-107,4,8,LOW
2024-01-01 11:45:00,J-108,30,13,LOW
2024-01-01 12:00:00,J-101,54,21,LOW
2024-01-01 12:00:00,J-102,55,25,LOW
2024-01-01 12:00:00,J-103,32,20,LOW
2024-01-01 12:00:00,J-104,32,23,LOW
2024-01-01 12:00:00,J-105,18,19,LOW
2024-01-01 12:00:00,J-106,15,24,LOW
2024-01-01 12:00:00,J-107,10,21,LOW
2024-01-01 12:00:00,J-108,58,25,LOW
2024-01-01 12:15:00,J-101,61,24,LOW
2024-01-01 12:15:00,J-102,42,19,LOW
2024-01-01 12:15:00,J-103,31,20,LOW
2024-01-01 12:15:00,J-104,28,20,LOW
2024-01-01 12:15:00,J-105,22,23,LOW
2024-01-01 12:15:00,J-106,16,26,LOW
2024-01-01 12:15:00,J-107,13,28,LOW
2024-01-01 12:15:00,J-108,61,26,LOW
2024-01-01 12:30:00,J-101,51,20,LOW
2024-01-01 12:30:00,J-102,55,25,LOW
2024-01-01 12:30:00,J-103,35,22,LOW
2024-01-01 12:30:00,J-104,31,22,LOW
2024-01-01 12:30:00,J-105,24,26,LOW
2024-01-01 12:30:00,J-106,14,22,LOW
2024-01-01 12:30:00,J-107,10,21,LOW
2024-01-01 12:30:00,J-108,59,25,LOW
2024-01-01 12:45:00,J-101,58,23,LOW
2024-01-01 12:45:00,J-102,63,29,LOW
2024-01-01 12:45:00,J-103,38,24,LOW
2024-01-01 12:45:00,J-104,32,23,LOW
2024-01-01 12:45:00,J-105,22,23,LOW
2024-01-01 12:45:00,J-106,18,29,LOW
2024-01-01 12:45:00,J-107,10,21,LOW
2024-01-01 12:45:00,J-108,66,28,LOW
2024-01-01 13:00:00,J-101,48,19,LOW
2024-01-01 13:00:00,J-102,38,17,LOW
2024-01-01 13:00:00,J-103,30,19,LOW
2024-01-01 13:00:00,J-104,32,23,LOW
2024-01-01 13:00:00,J-105,18,19,LOW
2024-01-01 13:00:00,J-106,13,21,LOW
2024-01-01 13:00:00,J-107,10,21,LOW
2024-01-01 13:00:00,J-108,39,16,LOW
2024-01-01 13:15:00,J-101,60,24,LOW
2024-01-01 13:15:00,J-102,58,26,LOW
2024-01-01 13:15:00,J-103,35,22,LOW
2024-01-01 13:15:00,J-104,37,26,LOW
2024-01-01 13:15:00,J-105,23,24,LOW
2024-01-01 13:15:00,J-106,13,21,LOW
2024-01-01 13:15:00,J-107,12,26,LOW
2024-01-01 13:15:00,J-108,54,23,LOW
2024-01-01 13:30:00,J-101,44,17,LOW
2024-01-01 13:30:00,J-102,52,24,LOW
2024-01-01 13:30:00,J-103,33,21,LOW
2024-01-01 13:30:00,J-104,29,20,LOW
2024-01-01 13:30:00,J-105,22,23,LOW
2024-01-01 13:30:00,J-106,19,30,LOW
2024-01-01 13:30:00,J-107,12,26,LOW
2024-01-01 13:30:00,J-108,58,25,LOW
2024-01-01 13:45:00,J-101,31,12,LOW
2024-01-01 13:45:00,J-102,36,16,LOW
2024-01-01 13:45:00,J-103,16,10,LOW
2024-01-01 13:45:00,J-104,14,10,LOW
2024-01-01 13:45:00,J-105,12,13,LOW
2024-01-01 13:45:00,J-106,8,13,LOW
2024-01-01 13:45:00,J-107,6,13,LOW
2024-01-01 13:45:00,J-108,24,10,LOW
2024-01-01 14:00:00,J-101,35,14,LOW
2024-01-01 14:00:00,J-102,29,13,LOW
2024-01-01 14:00:00,J-103,19,12,LOW
2024-01-01 14:00:00,J-104,17,12,LOW
2024-01-01 14:00:00,J-105,11,11,LOW
2024-01-01 14:00:00,J-106,7,11,LOW
2024-01-01 14:00:00,J-107,6,13,LOW
2024-01-01 14:00:00,J-108,31,13,LOW
2024-01-01 14:15:00,J-101,23,9,LOW
2024-01-01 14:15:00,J-102,19,8,LOW
2024-01-01 14:15:00,J-103,18,11,LOW
2024-01-01 14:15:00,J-104,14,10,LOW
2024-01-01 14:15:00,J-105,8,8,LOW
2024-01-01 14:15:00,J-106,7,11,LOW
2024-01-01 14:15:00,J-107,4,8,LOW
2024-01-01 14:15:00,J-108,23,9,LOW
2024-01-01 14:30:00,J-101,32,13,LOW
2024-01-01 14:30:00,J-102,28,13,LOW
2024-01-01 14:30:00,J-103,19,12,LOW
2024-01-01 14:30:00,J-104,21,15,LOW
2024-01-01 14:30:00,J-105,11,11,LOW
2024-01-01 14:30:00,J-106,8,13,LOW
2024-01-01 14:30:00,J-107,4,8,LOW
2024-01-01 14:30:00,J-108,36,15,LOW
2024-01-01 14:45:00,J-101,27,10,LOW
2024-01-01 14:45:00,J-102,22,10,LOW
2024-01-01 14:45:00,J-103,19,12,LOW
2024-01-01 14:45:00,J-104,16,11,LOW
2024-01-01 14:45:00,J-105,9,9,LOW
2024-01-01 14:45:00,J-106,6,9,LOW
2024-01-01 14:45:00,J-107,6,13,LOW
2024-01-01 14:45:00,J-108,24,10,LOW
2024-01-01 15:00:00,J-101,32,13,LOW
2024-01-01 15:00:00,J-102,26,12,LOW
2024-01-01 15:00:00,J-103,19,12,LOW
2024-01-01 15:00:00,J-104,15,10,LOW
2024-01-01 15:00:00,J-105,12,13,LOW
2024-01-01 15:00:00,J-106,7,11,LOW
2024-01-01 15:00:00,J-107,5,10,LOW
2024-01-01 15:00:00,J-108,26,11,LOW
2024-01-01 15:15:00,J-101,30,12,LOW
2024-01-01 15:15:00,J-102,29,13,LOW
2024-01-01 15:15:00,J-103,17,11,LOW
2024-01-01 15:15:00,J-104,17,12,LOW
2024-01-01 15:15:00,J-105,13,14,LOW
2024-01-01 15:15:00,J-106,8,13,LOW
2024-01-01 15:15:00,J-107,4,8,LOW
2024-01-01 15:15:00,J-108,26,11,LOW
2024-01-01 15:30:00,J-101,25,10,LOW
2024-01-01 15:30:00,J-102,23,10,LOW
2024-01-01 15:30:00,J-103,15,9,LOW
2024-01-01 15:30:00,J-104,14,10,LOW
2024-01-01 15:30:00,J-105,8,8,LOW
2024-01-01 15:30:00,J-106,9,14,LOW
2024-01-01 15:30:00,J-107,6,13,LOW
2024-01-01 15:30:00,J-108,29,12,LOW
2024-01-01 15:45:00,J-101,19,7,LOW
2024-01-01 15:45:00,J-102,13,6,LOW
2024-01-01 15:45:00,J-103,12,7,LOW
2024-01-01 15:45:00,J-104,11,7,LOW
2024-01-01 15:45:00,J-105,6,6,LOW
2024-01-01 15:45:00,J-106,5,8,LOW
2024-01-01 15:45:00,J-107,3,6,LOW
2024-01-01 15:45:00,J-108,17,7,LOW
2024-01-01 16:00:00,J-101,24,9,LOW
2024-01-01 16:00:00,J-102,22,10,LOW
2024-01-01 16:00:00,J-103,14,9,LOW
2024-01-01 16:00:00,J-104,12,8,LOW
2024-01-01 16:00:00,J-105,8,8,LOW
2024-01-01 16:00:00,J-106,4,6,LOW
2024-01-01 16:00:00,J-107,4,8,LOW
2024-01-01 16:00:00,J-108,20,8,LOW
2024-01-01 16:15:00,J-101,27,10,LOW
2024-01-01 16:15:00,J-102,29,13,LOW
2024-01-01 16:15:00,J-103,19,12,LOW
2024-01-01 16:15:00,J-104,13,9,LOW
2024-01-01 16:15:00,J-105,11,11,LOW
2024-01-01 16:15:00,J-106,8,13,LOW
2024-01-01 16:15:00,J-107,5,10,LOW
2024-01-01 16:15:00,J-108,33,14,LOW
2024-01-01 16:30:00,J-101,84,34,LOW
2024-01-01 16:30:00,J-102,94,43,MODERATE
2024-01-01 16:30:00,J-103,73,47,MODERATE
2024-01-01 16:30:00,J-104,53,38,LOW
2024-01-01 16:30:00,J-105,38,41,MODERATE
2024-01-01 16:30:00,J-106,23,37,LOW
2024-01-01 16:30:00,J-107,18,39,LOW
2024-01-01 16:30:00,J-108,76,32,LOW
2024-01-01 16:45:00,J-101,104,42,MODERATE
2024-01-01 16:45:00,J-102,95,44,MODERATE
2024-01-01 16:45:00,J-103,65,42,MODERATE
2024-01-01 16:45:00,J-104,85,61,MODERATE
2024-01-01 16:45:00,J-105,43,46,MODERATE
2024-01-01 16:45:00,J-106,25,40,MODERATE
2024-01-01 16:45:00,J-107,20,43,MODERATE
2024-01-01 16:45:00,J-108,105,45,MODERATE
2024-01-01 17:00:00,J-101,108,43,MODERATE
2024-01-01 17:00:00,J-102,105,48,MODERATE
2024-01-01 17:00:00,J-103,73,47,MODERATE
2024-01-01 17:00:00,J-104,75,54,MODERATE
2024-01-01 17:00:00,J-105,47,50,MODERATE
2024-01-01 17:00:00,J-106,27,43,MODERATE
2024-01-01 17:00:00,J-107,22,47,MODERATE
2024-01-01 17:00:00,J-108,93,40,MODERATE
2024-01-01 17:15:00,J-101,99,40,MODERATE
2024-01-01 17:15:00,J-102,95,44,MODERATE
2024-01-01 17:15:00,J-103,77,50,MODERATE
2024-01-01 17:15:00,J-104,63,45,MODERATE
2024-01-01 17:15:00,J-105,49,53,MODERATE
2024-01-01 17:15:00,J-106,30,48,MODERATE
2024-01-01 17:15:00,J-107,27,58,MODERATE
2024-01-01 17:15:00,J-108,99,42,MODERATE
2024-01-01 17:30:00,J-101,139,56,MODERATE
2024-01-01 17:30:00,J-102,115,53,MODERATE
2024-01-01 17:30:00,J-103,82,53,MODERATE
2024-01-01 17:30:00,J-104,99,71,HIGH
2024-01-01 17:30:00,J-105,58,62,MODERATE
2024-01-01 17:30:00,J-106,41,66,MODERATE
2024-01-01 17:30:00,J-107,27,58,MODERATE
2024-01-01 17:30:00,J-108,153,66,MODERATE
2024-01-01 17:45:00,J-101,132,53,MODERATE
2024-01-01 17:45:00,J-102,124,57,MODERATE
2024-01-01 17:45:00,J-103,101,65,MODERATE
2024-01-01 17:45:00,J-104,70,50,MODERATE
2024-01-01 17:45:00,J-105,45,48,MODERATE
2024-01-01 17:45:00,J-106,34,55,MODERATE
2024-01-01 17:45:00,J-107,24,52,MODERATE
2024-01-01 17:45:00,J-108,118,51,MODERATE
2024-01-01 18:00:00,J-101,148,60,MODERATE
2024-01-01 18:00:00,J-102,129,59,MODERATE
2024-01-01 18:00:00,J-103,109,70,HIGH
2024-01-01 18:00:00,J-104,85,61,MODERATE
2024-01-01 18:00:00,J-105,52,56,MODERATE
2024-01-01 18:00:00,J-106,38,61,MODERATE
2024-01-01 18:00:00,J-107,32,69,MODERATE
2024-01-01 18:00:00,J-108,154,66,MODERATE
2024-01-01 18:15:00,J-101,166,67,MODERATE
2024-01-01 18:15:00,J-102,131,60,MODERATE
2024-01-01 18:15:00,J-103,126,81,HIGH
2024-01-01 18:15:00,J-104,78,56,MODERATE
2024-01-01 18:15:00,J-105,75,81,HIGH
2024-01-01 18:15:00,J-106,47,76,HIGH
2024-01-01 18:15:00,J-107,36,78,HIGH
2024-01-01 18:15:00,J-108,134,58,MODERATE
2024-01-01 18:30:00,J-101,143,58,MODERATE
2024-01-01 18:30:00,J-102,135,62,MODERATE
2024-01-01 18:30:00,J-103,99,64,MODERATE
2024-01-01 18:30:00,J-104,97,70,HIGH
2024-01-01 18:30:00,J-105,51,55,MODERATE
2024-01-01 18:30:00,J-106,33,53,MODERATE
2024-01-01 18:30:00,J-107,27,58,MODERATE
2024-01-01 18:30:00,J-108,161,69,MODERATE
2024-01-01 18:45:00,J-101,132,53,MODERATE
2024-01-01 18:45:00,J-102,112,52,MODERATE
2024-01-01 18:45:00,J-103,96,62,MODERATE
2024-01-01 18:45:00,J-104,66,47,MODERATE
2024-01-01 18:45:00,J-105,47,50,MODERATE
2024-01-01 18:45:00,J-106,31,50,MODERATE
2024-01-01 18:45:00,J-107,21,45,MODERATE
2024-01-01 18:45:00,J-108,135,58,MODERATE
2024-01-01 19:00:00,J-101,128,52,MODERATE
2024-01-01 19:00:00,J-102,84,39,LOW
2024-01-01 19:00:00,J-103,76,49,MODERATE
2024-01-01 19:00:00,J-104,70,50,MODERATE
2024-01-01 19:00:00,J-105,44,47,MODERATE
2024-01-01 19:00:00,J-106,36,58,MODERATE
2024-01-01 19:00:00,J-107,18,39,LOW
2024-01-01 19:00:00,J-108,118,51,MODERATE
2024-01-01 19:15:00,J-101,114,46,MODERATE
2024-01-01 19:15:00,J-102,76,35,LOW
2024-01-01 19:15:00,J-103,73,47,MODERATE
2024-01-01 19:15:00,J-104,62,44,MODERATE
2024-01-01 19:15:00,J-105,41,44,MODERATE
2024-01-01 19:15:00,J-106,26,42,MODERATE
2024-01-01 19:15:00,J-107,18,39,LOW
2024-01-01 19:15:00,J-108,90,39,LOW
2024-01-01 19:30:00,J-101,89,36,LOW
2024-01-01 19:30:00,J-102,70,32,LOW
2024-01-01 19:30:00,J-103,51,33,LOW
2024-01-01 19:30:00,J-104,,37,LOW
2024-01-01 19:30:00,J-105,34,36,LOW
2024-01-01 19:30:00,J-106,28,45,MODERATE
2024-01-01 19:30:00,J-107,17,36,LOW
2024-01-01 19:30:00,J-108,97,42,MODERATE
2024-01-01 19:45:00,J-101,32,13,LOW
2024-01-01 19:45:00,J-102,21,9,LOW
2024-01-01 19:45:00,J-103,16,10,LOW
2024-01-01 19:45:00,J-104,16,11,LOW
2024-01-01 19:45:00,J-105,12,13,LOW
2024-01-01 19:45:00,J-106,9,14,LOW
2024-01-01 19:45:00,J-107,5,10,LOW
2024-01-01 19:45:00,J-108,26,11,LOW
2024-01-01 20:00:00,J-101,30,12,LOW
2024-01-01 20:00:00,J-102,25,11,LOW
2024-01-01 20:00:00,J-103,22,14,LOW
2024-01-01 20:00:00,J-104,16,11,LOW
2024-01-01 20:00:00,J-105,10,10,LOW
2024-01-01 20:00:00,J-106,6,9,LOW
2024-01-01 20:00:00,J-107,6,13,LOW
2024-01-01 20:00:00,J-108,25,10,LOW
2024-01-01 20:15:00,J-101,15,6,LOW
2024-01-01 20:15:00,J-102,17,7,LOW
2024-01-01 20:15:00,J-103,11,7,LOW
2024-01-01 20:15:00,J-104,9,6,LOW
2024-01-01 20:15:00,J-105,8,8,LOW
2024-01-01 20:15:00,J-106,6,9,LOW
2024-01-01 20:15:00,J-107,4,8,LOW
2024-01-01 20:15:00,J-108,17,7,LOW
2024-01-01 20:30:00,J-101,41,16,LOW
2024-01-01 20:30:00,J-102,24,11,LOW
2024-01-01 20:30:00,J-103,18,11,LOW
2024-01-01 20:30:00,J-104,17,12,LOW
2024-01-01 20:30:00,J-105,10,10,LOW
2024-01-01 20:30:00,J-106,7,11,LOW
2024-01-01 20:30:00,J-107,6,13,LOW
2024-01-01 20:30:00,J-108,29,12,LOW
2024-01-01 20:45:00,J-101,30,12,LOW
2024-01-01 20:45:00,J-102,28,13,LOW
2024-01-01 20:45:00,J-103,20,13,LOW
2024-01-01 20:45:00,J-104,18,13,LOW
2024-01-01 20:45:00,J-105,10,10,LOW
2024-01-01 20:45:00,J-106,6,9,LOW
2024-01-01 20:45:00,J-107,6,13,LOW
2024-01-01 20:45:00,J-108,33,14,LOW
2024-01-01 21:00:00,J-101,29,11,LOW
2024-01-01 21:00:00,J-102,25,11,LOW
2024-01-01 21:00:00,J-103,19,12,LOW
2024-01-01 21:00:00,J-104,14,10,LOW
2024-01-01 21:00:00,J-105,10,10,LOW
2024-01-01 21:00:00,J-106,7,11,LOW
2024-01-01 21:00:00,J-107,5,10,LOW
2024-01-01 21:00:00,J-108,28,12,LOW
2024-01-01 21:15:00,J-101,35,14,LOW
2024-01-01 21:15:00,J-102,25,11,LOW
2024-01-01 21:15:00,J-103,19,12,LOW
2024-01-01 21:15:00,J-104,16,11,LOW
2024-01-01 21:15:00,J-105,9,9,LOW
2024-01-01 21:15:00,J-106,7,11,LOW
2024-01-01 21:15:00,J-107,4,8,LOW
2024-01-01 21:15:00,J-108,21,9,LOW
2024-01-01 21:30:00,J-101,30,12,LOW
2024-01-01 21:30:00,J-102,27,12,LOW
2024-01-01 21:30:00,J-103,20,13,LOW
2024-01-01 21:30:00,J-104,15,10,LOW
2024-01-01 21:30:00,J-105,12,13,LOW
2024-01-01 21:30:00,J-106,9,14,LOW
2024-01-01 21:30:00,J-107,7,15,LOW
2024-01-01 21:30:00,J-108,26,11,LOW
2024-01-01 21:45:00,J-101,23,9,LOW
2024-01-01 21:45:00,J-102,22,10,LOW
2024-01-01 21:45:00,J-103,18,11,LOW
2024-01-01 21:45:00,J-104,19,13,LOW
2024-01-01 21:45:00,J-105,13,14,LOW
2024-01-01 21:45:00,J-106,9,14,LOW
2024-01-01 21:45:00,J-107,4,8,LOW
2024-01-01 21:45:00,J-108,29,12,LOW
2024-01-01 22:00:00,J-101,29,11,LOW
2024-01-01 22:00:00,J-102,24,11,LOW
2024-01-01 22:00:00,J-103,14,9,LOW
2024-01-01 22:00:00,J-104,16,11,LOW
2024-01-01 22:00:00,J-105,10,10,LOW
2024-01-01 22:00:00,J-106,6,9,LOW
2024-01-01 22:00:00,J-107,,8,LOW
2024-01-01 22:00:00,J-108,26,11,LOW
2024-01-01 22:15:00,J-101,33,13,LOW
2024-01-01 22:15:00,J-102,31,14,LOW
2024-01-01 22:15:00,J-103,22,14,LOW
2024-01-01 22:15:00,J-104,19,13,LOW
2024-01-01 22:15:00,J-105,14,15,LOW
2024-01-01 22:15:00,J-106,9,14,LOW
2024-01-01 22:15:00,J-107,5,10,LOW
2024-01-01 22:15:00,J-108,31,13,LOW
2024-01-01 22:30:00,J-101,30,12,LOW
2024-01-01 22:30:00,J-102,28,13,LOW
2024-01-01 22:30:00,J-103,20,13,LOW
2024-01-01 22:30:00,J-104,18,13,LOW
2024-01-01 22:30:00,J-105,12,13,LOW
2024-01-01 22:30:00,J-106,7,11,LOW
2024-01-01 22:30:00,J-107,6,13,LOW
2024-01-01 22:30:00,J-108,32,13,LOW
2024-01-01 22:45:00,J-101,27,10,LOW
2024-01-01 22:45:00,J-102,29,13,LOW
2024-01-01 22:45:00,J-103,18,11,LOW
2024-01-01 22:45:00,J-104,14,10,LOW
2024-01-01 22:45:00,J-105,10,10,LOW
2024-01-01 22:45:00,J-106,6,9,LOW
2024-01-01 22:45:00,J-107,5,10,LOW
2024-01-01 22:45:00,J-108,31,13,LOW
2024-01-01 23:00:00,J-101,30,12,LOW
2024-01-01 23:00:00,J-102,31,14,LOW
2024-01-01 23:00:00,J-103,16,10,LOW
2024-01-01 23:00:00,J-104,17,12,LOW
2024-01-01 23:00:00,J-105,11,11,LOW
2024-01-01 23:00:00,J-106,6,9,LOW
2024-01-01 23:00:00,J-107,5,10,LOW
2024-01-01 23:00:00,J-108,23,9,LOW
2024-01-01 23:15:00,J-101,25,10,LOW
2024-01-01 23:15:00,J-102,29,13,LOW
2024-01-01 23:15:00,J-103,16,10,LOW
2024-01-01 23:15:00,J-104,16,11,LOW
2024-01-01 23:15:00,J-105,11,11,LOW
2024-01-01 23:15:00,J-106,6,9,LOW
2024-01-01 23:15:00,J-107,4,8,LOW
2024-01-01 23:15:00,J-108,32,13,LOW
2024-01-01 23:30:00,J-101,31,12,LOW
2024-01-01 23:30:00,J-102,30,13,LOW
2024-01-01 23:30:00,J-103,17,11,LOW
2024-01-01 23:30:00,J-104,20,14,LOW
2024-01-01 23:30:00,J-105,13,14,LOW
2024-01-01 23:30:00,J-106,9,14,LOW
2024-01-01 23:30:00,J-107,6,13,LOW
2024-01-01 23:30:00,J-108,27,11,LOW
2024-01-01 23:45:00,J-101,30,12,LOW
2024-01-01 23:45:00,J-102,26,12,LOW
2024-01-01 23:45:00,J-103,20,13,LOW
2024-01-01 23:45:00,J-104,14,10,LOW
2024-01-01 23:45:00,J-105,11,11,LOW
2024-01-01 23:45:00,J-106,8,13,LOW
2024-01-01 23:45:00,J-107,5,10,LOW
2024-01-01 23:45:00,J-108,27,11,LOW
2024-01-02 00:00:00,J-101,26,10,LOW
2024-01-02 00:00:00,J-102,21,9,LOW
2024-01-02 00:00:00,J-103,16,10,LOW
2024-01-02 00:00:00,J-104,16,11,LOW
2024-01-02 00:00:00,J-105,9,9,LOW
2024-01-02 00:00:00,J-106,7,11,LOW
2024-01-02 00:00:00,J-107,4,8,LOW
2024-01-02 00:00:00,J-108,24,10,LOW
2024-01-02 00:15:00,J-101,34,13,LOW
2024-01-02 00:15:00,J-102,28,13,LOW
2024-01-02 00:15:00,J-103,19,12,LOW
2024-01-02 00:15:00,J-104,15,10,LOW
2024-01-02 00:15:00,J-105,12,13,LOW
2024-01-02 00:15:00,J-106,7,11,LOW
2024-01-02 00:15:00,J-107,5,10,LOW
2024-01-02 00:15:00,J-108,23,9,LOW
2024-01-02 00:30:00,J-101,23,9,LOW
2024-01-02 00:30:00,J-102,27,12,LOW
2024-01-02 00:30:00,J-103,20,13,LOW
2024-01-02 00:30:00,J-104,17,12,LOW
2024-01-02 00:30:00,J-105,8,8,LOW
2024-01-02 00:30:00,J-106,8,13,LOW
2024-01-02 00:30:00,J-107,5,10,LOW
2024-01-02 00:30:00,J-108,21,9,LOW
2024-01-02 00:45:00,J-101,32,13,LOW
2024-01-02 00:45:00,J-102,30,13,LOW
2024-01-02 00:45:00,J-103,18,11,LOW
2024-01-02 00:45:00,J-104,21,15,LOW
2024-01-02 00:45:00,J-105,11,11,LOW
2024-01-02 00:45:00,J-106,7,11,LOW
2024-01-02 00:45:00,J-107,6,13,LOW
2024-01-02 00:45:00,J-108,28,12,LOW
2024-01-02 01:00:00,J-101,3,1,LOW
2024-01-02 01:00:00,J-102,3,1,LOW
2024-01-02 01:00:00,J-103,2,1,LOW
2024-01-02 01:00:00,J-104,1,0,LOW
2024-01-02 01:00:00,J-105,1,,LOW
2024-01-02 01:00:00,J-106,1,1,LOW
2024-01-02 01:00:00,J-107,0,0,LOW
2024-01-02 01:00:00,J-108,3,1,LOW
2024-01-02 01:15:00,J-101,4,1,LOW
2024-01-02 01:15:00,J-102,4,1,LOW
2024-01-02 01:15:00,J-103,2,1,LOW
2024-01-02 01:15:00,J-104,2,1,LOW
2024-01-02 01:15:00,J-105,1,1,LOW
2024-01-02 01:15:00,J-106,1,,LOW
2024-01-02 01:15:00,J-107,0,0,LOW
2024-01-02 01:15:00,J-108,4,1,LOW
2024-01-02 01:30:00,J-101,3,1,LOW
2024-01-02 01:30:00,J-102,3,1,LOW
2024-01-02 01:30:00,J-103,1,0,LOW
2024-01-02 01:30:00,J-104,2,1,LOW
2024-01-02 01:30:00,J-105,1,1,LOW
2024-01-02 01:30:00,J-106,0,0,LOW
2024-01-02 01:30:00,J-107,0,0,LOW
2024-01-02 01:30:00,J-108,2,0,LOW
2024-01-02 01:45:00,J-101,4,1,LOW
2024-01-02 01:45:00,J-102,3,1,LOW
2024-01-02 01:45:00,J-103,3,1,LOW
2024-01-02 01:45:00,J-104,2,1,LOW
2024-01-02 01:45:00,J-105,1,1,LOW
2024-01-02 01:45:00,J-106,1,1,LOW
2024-01-02 01:45:00,J-107,0,0,LOW
2024-01-02 01:45:00,J-108,3,1,LOW
2024-01-02 02:00:00,J-101,5,2,LOW
2024-01-02 02:00:00,J-102,4,1,LOW
2024-01-02 02:00:00,J-103,2,1,LOW
2024-01-02 02:00:00,J-104,2,1,LOW
2024-01-02 02:00:00,J-105,1,1,LOW
2024-01-02 02:00:00,J-106,1,1,LOW
2024-01-02 02:00:00,J-107,1,2,LOW
2024-01-02 02:00:00,J-108,3,1,LOW
2024-01-02 02:15:00,J-101,6,2,LOW
2024-01-02 02:15:00,J-102,3,1,LOW
2024-01-02 02:15:00,J-103,2,1,LOW
2024-01-02 02:15:00,J-104,2,1,LOW
2024-01-02 02:15:00,J-105,1,1,LOW
2024-01-02 02:15:00,J-106,1,1,LOW
2024-01-02 02:15:00,J-107,0,0,LOW
2024-01-02 02:15:00,J-108,3,1,LOW
2024-01-02 02:30:00,J-101,4,1,LOW
2024-01-02 02:30:00,J-102,4,1,LOW
2024-01-02 02:30:00,J-103,2,1,LOW
2024-01-02 02:30:00,J-104,2,1,LOW
2024-01-02 02:30:00,J-105,1,1,LOW
2024-01-02 02:30:00,J-106,0,0,LOW
2024-01-02 02:30:00,J-107,0,0,LOW
2024-01-02 02:30:00,J-108,3,1,LOW
2024-01-02 02:45:00,J-101,4,1,LOW
2024-01-02 02:45:00,J-102,4,1,LOW
2024-01-02 02:45:00,J-103,2,1,LOW
2024-01-02 02:45:00,J-104,2,1,LOW
2024-01-02 02:45:00,J-105,1,1,LOW
2024-01-02 02:45:00,J-106,0,0,LOW
2024-01-02 02:45:00,J-107,0,0,LOW
2024-01-02 02:45:00,J-108,3,1,LOW
2024-01-02 03:00:00,J-101,3,1,LOW
2024-01-02 03:00:00,J-102,3,1,LOW
2024-01-02 03:00:00,J-103,3,1,LOW
2024-01-02 03:00:00,J-104,3,2,LOW
2024-01-02 03:00:00,J-105,1,1,LOW
2024-01-02 03:00:00,J-106,1,1,LOW
2024-01-02 03:00:00,J-107,0,0,LOW
2024-01-02 03:00:00,J-108,4,1,LOW
2024-01-02 03:15:00,J-101,5,2,LOW
2024-01-02 03:15:00,J-102,2,0,LOW
2024-01-02 03:15:00,J-103,3,1,LOW
2024-01-02 03:15:00,J-104,2,1,LOW
2024-01-02 03:15:00,J-105,1,1,LOW
2024-01-02 03:15:00,J-106,1,1,LOW
2024-01-02 03:15:00,J-107,0,0,LOW
2024-01-02 03:15:00,J-108,,2,LOW
2024-01-02 03:30:00,J-101,4,1,LOW
2024-01-02 03:30:00,J-102,,1,LOW
2024-01-02 03:30:00,J-103,3,1,LOW
2024-01-02 03:30:00,J-104,2,1,LOW
2024-01-02 03:30:00,J-105,2,2,LOW
2024-01-02 03:30:00,J-106,1,1,LOW
2024-01-02 03:30:00,J-107,0,0,LOW
2024-01-02 03:30:00,J-108,4,1,LOW
2024-01-02 03:45:00,J-101,4,1,LOW
2024-01-02 03:45:00,J-102,4,1,LOW
2024-01-02 03:45:00,J-103,2,1,LOW
2024-01-02 03:45:00,J-104,2,1,LOW
2024-01-02 03:45:00,J-105,1,1,LOW
2024-01-02 03:45:00,J-106,1,1,LOW
2024-01-02 03:45:00,J-107,0,0,LOW
2024-01-02 03:45:00,J-108,5,2,LOW
2024-01-02 04:00:00,J-101,4,1,LOW
2024-01-02 04:00:00,J-102,4,1,LOW
2024-01-02 04:00:00,J-103,3,1,LOW
2024-01-02 04:00:00,J-104,2,1,LOW
2024-01-02 04:00:00,J-105,1,1,LOW
2024-01-02 04:00:00,J-106,1,1,LOW
2024-01-02 04:00:00,J-107,0,0,LOW
2024-01-02 04:00:00,J-108,4,1,LOW
2024-01-02 04:15:00,J-101,5,2,LOW
2024-01-02 04:15:00,J-102,2,0,LOW
2024-01-02 04:15:00,J-103,2,1,LOW
2024-01-02 04:15:00,J-104,2,1,LOW
2024-01-02 04:15:00,J-105,1,1,LOW
2024-01-02 04:15:00,J-106,1,1,LOW
2024-01-02 04:15:00,J-107,1,2,LOW
2024-01-02 04:15:00,J-108,4,1,LOW
2024-01-02 04:30:00,J-101,4,1,LOW
2024-01-02 04:30:00,J-102,3,1,LOW
2024-01-02 04:30:00,J-103,3,1,LOW
2024-01-02 04:30:00,J-104,2,1,LOW
2024-01-02 04:30:00,J-105,1,1,LOW
2024-01-02 04:30:00,J-106,1,1,LOW
2024-01-02 04:30:00,J-107,0,0,LOW
2024-01-02 04:30:00,J-108,3,1,LOW
2024-01-02 04:45:00,J-101,3,1,LOW
2024-01-02 04:45:00,J-102,4,1,LOW
2024-01-02 04:45:00,J-103,2,1,LOW
2024-01-02 04:45:00,J-104,3,2,LOW
2024-01-02 04:45:00,J-105,1,1,LOW
2024-01-02 04:45:00,J-106,0,0,LOW
2024-01-02 04:45:00,J-107,0,0,LOW
2024-01-02 04:45:00,J-108,3,1,LOW
2024-01-02 05:00:00,J-101,3,1,LOW
2024-01-02 05:00:00,J-102,4,1,LOW
2024-01-02 05:00:00,J-103,2,1,LOW
2024-01-02 05:00:00,J-104,1,0,LOW
2024-01-02 05:00:00,J-105,1,1,LOW
2024-01-02 05:00:00,J-106,0,0,LOW
2024-01-02 05:00:00,J-107,0,0,LOW
2024-01-02 05:00:00,J-108,3,,LOW
2024-01-02 05:15:00,J-101,22,8,LOW
2024-01-02 05:15:00,J-102,20,9,LOW
2024-01-02 05:15:00,J-103,16,10,LOW
2024-01-02 05:15:00,J-104,12,8,LOW
2024-01-02 05:15:00,J-105,9,9,LOW
2024-01-02 05:15:00,J-106,5,8,LOW
2024-01-02 05:15:00,J-107,4,8,LOW
2024-01-02 05:15:00,J-108,22,9,LOW
2024-01-02 05:30:00,J-101,37,15,LOW
2024-01-02 05:30:00,J-102,26,12,LOW
2024-01-02 05:30:00,J-103,20,13,LOW
2024-01-02 05:30:00,J-104,19,13,LOW
2024-01-02 05:30:00,J-105,13,14,LOW
2024-01-02 05:30:00,J-106,7,11,LOW
2024-01-02 05:30:00,J-107,7,15,LOW
2024-01-02 05:30:00,J-108,25,10,LOW
2024-01-02 05:45:00,J-101,27,10,LOW
2024-01-02 05:45:00,J-102,31,14,LOW
2024-01-02 05:45:00,J-103,14,9,LOW
2024-01-02 05:45:00,J-104,12,8,LOW
2024-01-02 05:45:00,J-105,,10,LOW
2024-01-02 05:45:00,J-106,7,11,LOW
2024-01-02 05:45:00,J-107,5,10,LOW
2024-01-02 05:45:00,J-108,23,9,LOW
2024-01-02 06:00:00,J-101,17,6,LOW
2024-01-02 06:00:00,J-102,14,6,LOW
2024-01-02 06:00:00,J-103,10,6,LOW
2024-01-02 06:00:00,J-104,13,9,LOW
2024-01-02 06:00:00,J-105,5,5,LOW
2024-01-02 06:00:00,J-106,4,6,LOW
2024-01-02 06:00:00,J-107,4,8,LOW
2024-01-02 06:00:00,J-108,18,7,LOW
2024-01-02 06:15:00,J-101,34,13,LOW
2024-01-02 06:15:00,J-102,32,14,LOW
2024-01-02 06:15:00,J-103,20,13,LOW
2024-01-02 06:15:00,J-104,18,13,LOW
2024-01-02 06:15:00,J-105,10,10,LOW
2024-01-02 06:15:00,J-106,8,13,LOW
2024-01-02 06:15:00,J-107,6,13,LOW
2024-01-02 06:15:00,J-108,32,13,LOW
2024-01-02 06:30:00,J-101,29,11,LOW
2024-01-02 06:30:00,J-102,25,11,LOW
2024-01-02 06:30:00,J-103,17,11,LOW
2024-01-02 06:30:00,J-104,17,12,LOW
2024-01-02 06:30:00,J-105,11,11,LOW
2024-01-02 06:30:00,J-106,6,9,LOW
2024-01-02 06:30:00,J-107,4,8,LOW
2024-01-02 06:30:00,J-108,26,11,LOW
2024-01-02 06:45:00,J-101,14,5,LOW
2024-01-02 06:45:00,J-102,17,7,LOW
2024-01-02 06:45:00,J-103,8,5,LOW
2024-01-02 06:45:00,J-104,10,7,LOW
2024-01-02 06:45:00,J-105,7,7,LOW
2024-01-02 06:45:00,J-106,4,6,LOW
2024-01-02 06:45:00,J-107,2,4,LOW
2024-01-02 06:45:00,J-108,20,8,LOW
2024-01-02 07:00:00,J-101,39,15,LOW
2024-01-02 07:00:00,J-102,24,11,LOW
2024-01-02 07:00:00,J-103,19,12,LOW
2024-01-02 07:00:00,J-104,20,14,LOW
2024-01-02 07:00:00,J-105,10,10,LOW
2024-01-02 07:00:00,J-106,8,13,LOW
2024-01-02 07:00:00,J-107,6,13,LOW
2024-01-02 07:00:00,J-108,27,11,LOW
2024-01-02 07:15:00,J-101,28,11,LOW
2024-01-02 07:15:00,J-102,30,13,LOW
2024-01-02 07:15:00,J-103,17,11,LOW
2024-01-02 07:15:00,J-104,15,10,LOW
2024-01-02 07:15:00,J-105,11,11,LOW
2024-01-02 07:15:00,J-106,5,8,LOW
2024-01-02 07:15:00,J-107,5,10,LOW
2024-01-02 07:15:00,J-108,34,14,LOW
2024-01-02 07:30:00,J-101,56,22,LOW
2024-01-02 07:30:00,J-102,67,31,LOW
2024-01-02 07:30:00,J-103,47,30,LOW
2024-01-02 07:30:00,J-104,49,35,LOW
2024-01-02 07:30:00,J-105,25,27,LOW
2024-01-02 07:30:00,J-106,17,27,LOW
2024-01-02 07:30:00,J-107,13,28,LOW
2024-01-02 07:30:00,J-108,66,28,LOW
2024-01-02 07:45:00,J-101,115,46,MODERATE
2024-01-02 07:45:00,J-102,79,36,LOW
2024-01-02 07:45:00,J-103,63,40,MODERATE
2024-01-02 07:45:00,J-104,57,41,MODERATE
2024-01-02 07:45:00,J-105,33,35,LOW
2024-01-02 07:45:00,J-106,23,37,LOW
2024-01-02 07:45:00,J-107,18,39,LOW
2024-01-02 07:45:00,J-108,104,45,MODERATE
2024-01-02 08:00:00,J-101,115,46,MODERATE
2024-01-02 08:00:00,J-102,96,44,MODERATE
2024-01-02 08:00:00,J-103,95,61,MODERATE
2024-01-02 08:00:00,J-104,68,49,MODERATE
2024-01-02 08:00:00,J-105,46,49,MODERATE
2024-01-02 08:00:00,J-106,27,43,MODERATE
2024-01-02 08:00:00,J-107,21,45,MODERATE
2024-01-02 08:00:00,J-108,121,52,MODERATE
2024-01-02 08:15:00,J-101,119,48,MODERATE
2024-01-02 08:15:00,J-102,125,58,MODERATE
2024-01-02 08:15:00,J-103,88,57,MODERATE
2024-01-02 08:15:00,J-104,85,61,MODERATE
2024-01-02 08:15:00,J-105,53,57,MODERATE
2024-01-02 08:15:00,J-106,43,69,MODERATE
2024-01-02 08:15:00,J-107,31,67,MODERATE
2024-01-02 08:15:00,J-108,118,51,MODERATE
2024-01-02 08:30:00,J-101,101,41,MODERATE
2024-01-02 08:30:00,J-102,76,35,LOW
2024-01-02 08:30:00,J-103,79,51,MODERATE
2024-01-02 08:30:00,J-104,63,45,MODERATE
2024-01-02 08:30:00,J-105,52,56,MODERATE
2024-01-02 08:30:00,J-106,24,39,LOW
2024-01-02 08:30:00,J-107,26,56,MODERATE
2024-01-02 08:30:00,J-108,117,50,MODERATE
2024-01-02 08:45:00,J-101,146,59,MODERATE
2024-01-02 08:45:00,J-102,138,64,MODERATE
2024-01-02 08:45:00,J-103,78,50,MODERATE
2024-01-02 08:45:00,J-104,91,65,MODERATE
2024-01-02 08:45:00,J-105,38,41,MODERATE
2024-01-02 08:45:00,J-106,35,56,MODERATE
2024-01-02 08:45:00,J-107,19,41,MODERATE
2024-01-02 08:45:00,J-108,127,55,MODERATE
2024-01-02 09:00:00,J-101,161,65,MODERATE
2024-01-02 09:00:00,J-102,152,70,HIGH
2024-01-02 09:00:00,J-103,93,60,MODERATE
2024-01-02 09:00:00,J-104,69,49,MODERATE
2024-01-02 09:00:00,J-105,64,69,MODERATE
2024-01-02 09:00:00,J-106,39,63,MODERATE
2024-01-02 09:00:00,J-107,29,62,MODERATE
2024-01-02 09:00:00,J-108,138,59,MODERATE
2024-01-02 09:15:00,J-101,155,62,MODERATE
2024-01-02 09:15:00,J-102,129,59,MODERATE
2024-01-02 09:15:00,J-103,96,62,MODERATE
2024-01-02 09:15:00,J-104,95,68,MODERATE
2024-01-02 09:15:00,J-105,58,62,MODERATE
2024-01-02 09:15:00,J-106,39,63,MODERATE
2024-01-02 09:15:00,J-107,25,54,MODERATE
2024-01-02 09:15:00,J-108,161,69,MODERATE
2024-01-02 09:30:00,J-101,138,56,MODERATE
2024-01-02 09:30:00,J-102,103,47,MODERATE
2024-01-02 09:30:00,J-103,81,52,MODERATE
2024-01-02 09:30:00,J-104,85,61,MODERATE
2024-01-02 09:30:00,J-105,42,45,MODERATE
2024-01-02 09:30:00,J-106,35,56,MODERATE
2024-01-02 09:30:00,J-107,32,69,MODERATE
2024-01-02 09:30:00,J-108,132,57,MODERATE
2024-01-02 09:45:00,J-101,93,37,LOW
2024-01-02 09:45:00,J-102,101,46,MODERATE
2024-01-02 09:45:00,J-103,61,39,LOW
2024-01-02 09:45:00,J-104,68,49,MODERATE
2024-01-02 09:45:00,J-105,40,43,MODERATE
2024-01-02 09:45:00,J-106,24,39,LOW
2024-01-02 09:45:00,J-107,20,43,MODERATE
2024-01-02 09:45:00,J-108,105,45,MODERATE
2024-01-02 10:00:00,J-101,90,36,LOW
2024-01-02 10:00:00,J-102,72,,LOW
2024-01-02 10:00:00,J-103,43,27,LOW
2024-01-02 10:00:00,J-104,34,24,LOW
2024-01-02 10:00:00,J-105,24,26,LOW
2024-01-02 10:00:00,J-106,19,30,LOW
2024-01-02 10:00:00,J-107,14,30,LOW
2024-01-02 10:00:00,J-108,84,36,LOW
2024-01-02 10:15:00,J-101,25,10,LOW
2024-01-02 10:15:00,J-102,28,13,LOW
2024-01-02 10:15:00,J-103,16,10,LOW
2024-01-02 10:15:00,J-104,14,10,LOW
2024-01-02 10:15:00,J-105,12,13,LOW
2024-01-02 10:15:00,J-106,7,11,LOW
2024-01-02 10:15:00,J-107,4,8,LOW
2024-01-02 10:15:00,J-108,29,12,LOW
2024-01-02 10:30:00,J-101,38,15,LOW
2024-01-02 10:30:00,J-102,29,13,LOW
2024-01-02 10:30:00,J-103,18,11,LOW
2024-01-02 10:30:00,J-104,15,10,LOW
2024-01-02 10:30:00,J-105,13,14,LOW
2024-01-02 10:30:00,J-106,5,8,LOW
2024-01-02 10:30:00,J-107,6,13,LOW
2024-01-02 10:30:00,J-108,29,12,LOW
2024-01-02 10:45:00,J-101,21,8,LOW
2024-01-02 10:45:00,J-102,23,10,LOW
2024-01-02 10:45:00,J-103,21,13,LOW
2024-01-02 10:45:00,J-104,18,13,LOW
2024-01-02 10:45:00,J-105,12,13,LOW
2024-01-02 10:45:00,J-106,6,9,LOW
2024-01-02 10:45:00,J-107,6,13,LOW
2024-01-02 10:45:00,J-108,23,9,LOW
2024-01-02 11:00:00,J-101,31,12,LOW
2024-01-02 11:00:00,J-102,25,11,LOW
2024-01-02 11:00:00,J-103,18,11,LOW
2024-01-02 11:00:00,J-104,14,10,LOW
2024-01-02 11:00:00,J-105,10,10,LOW
2024-01-02 11:00:00,J-106,,9,LOW
2024-01-02 11:00:00,J-107,4,8,LOW
2024-01-02 11:00:00,J-108,24,10,LOW
2024-01-02 11:15:00,J-101,28,11,LOW
2024-01-02 11:15:00,J-102,25,11,LOW
2024-01-02 11:15:00,J-103,14,9,LOW
2024-01-02 11:15:00,J-104,16,11,LOW
2024-01-02 11:15:00,J-105,9,9,LOW
2024-01-02 11:15:00,J-106,8,13,LOW
2024-01-02 11:15:00,J-107,5,10,LOW
2024-01-02 11:15:00,J-108,27,11,LOW
2024-01-02 11:30:00,J-101,33,13,LOW
2024-01-02 11:30:00,J-102,33,15,LOW
2024-01-02 11:30:00,J-103,20,13,LOW
2024-01-02 11:30:00,J-104,18,13,LOW
2024-01-02 11:30:00,J-105,9,9,LOW
2024-01-02 11:30:00,J-106,8,13,LOW
2024-01-02 11:30:00,J-107,7,15,LOW
2024-01-02 11:30:00,J-108,30,13,LOW
2024-01-02 11:45:00,J-101,26,10,LOW
2024-01-02 11:45:00,J-102,25,11,LOW
2024-01-02 11:45:00,J-103,17,11,LOW
2024-01-02 11:45:00,J-104,17,12,LOW
2024-01-02 11:45:00,J-105,15,16,LOW
2024-01-02 11:45:00,J-106,7,11,LOW
2024-01-02 11:45:00,J-107,5,10,LOW
2024-01-02 11:45:00,J-108,26,11,LOW
2024-01-02 12:00:00,J-101,63,25,LOW
2024-01-02 12:00:00,J-102,61,28,LOW
2024-01-02 12:00:00,J-103,31,20,LOW
2024-01-02 12:00:00,J-104,25,18,LOW
2024-01-02 12:00:00,J-105,20,21,LOW
2024-01-02 12:00:00,J-106,16,26,LOW
2024-01-02 12:00:00,J-107,12,26,LOW
2024-01-02 12:00:00,J-108,52,22,LOW
2024-01-02 12:15:00,J-101,61,24,LOW
2024-01-02 12:15:00,J-102,52,24,LOW
2024-01-02 12:15:00,J-103,43,27,LOW
2024-01-02 12:15:00,J-104,30,21,LOW
2024-01-02 12:15:00,J-105,28,30,LOW
2024-01-02 12:15:00,J-106,18,29,LOW
2024-01-02 12:15:00,J-107,12,26,LOW
2024-01-02 12:15:00,J-108,72,31,LOW
2024-01-02 12:30:00,J-101,84,34,LOW
2024-01-02 12:30:00,J-102,51,23,LOW
2024-01-02 12:30:00,J-103,33,21,LOW
2024-01-02 12:30:00,J-104,30,21,LOW
2024-01-02 12:30:00,J-105,21,22,LOW
2024-01-02 12:30:00,J-106,13,21,LOW
2024-01-02 12:30:00,J-107,11,23,LOW
2024-01-02 12:30:00,J-108,64,27,LOW
2024-01-02 12:45:00,J-101,55,22,LOW
2024-01-02 12:45:00,J-102,59,27,LOW
2024-01-02 12:45:00,J-103,39,25,LOW
2024-01-02 12:45:00,J-104,33,23,LOW
2024-01-02 12:45:00,J-105,20,21,LOW
2024-01-02 12:45:00,J-106,14,22,LOW
2024-01-02 12:45:00,J-107,11,23,LOW
2024-01-02 12:45:00,J-108,64,27,LOW
2024-01-02 13:00:00,J-101,65,26,LOW
2024-01-02 13:00:00,J-102,55,25,LOW
2024-01-02 13:00:00,J-103,38,24,LOW
2024-01-02 13:00:00,J-104,29,20,LOW
2024-01-02 13:00:00,J-105,21,22,LOW
2024-01-02 13:00:00,J-106,13,21,LOW
2024-01-02 13:00:00,J-107,10,21,LOW
2024-01-02 13:00:00,J-108,51,22,LOW
2024-01-02 13:15:00,J-101,76,30,LOW
2024-01-02 13:15:00,J-102,49,22,LOW
2024-01-02 13:15:00,J-103,42,27,LOW
2024-01-02 13:15:00,J-104,34,24,LOW
2024-01-02 13:15:00,J-105,23,24,LOW
2024-01-02 13:15:00,J-106,15,24,LOW
2024-01-02 13:15:00,J-107,11,23,LOW
2024-01-02 13:15:00,J-108,61,26,LOW
2024-01-02 13:30:00,J-101,72,29,LOW
2024-01-02 13:30:00,J-102,49,22,LOW
2024-01-02 13:30:00,J-103,45,29,LOW
2024-01-02 13:30:00,J-104,36,26,LOW
2024-01-02 13:30:00,J-105,19,20,LOW
2024-01-02 13:30:00,J-106,16,26,LOW
2024-01-02 13:30:00,J-107,10,21,LOW
2024-01-02 13:30:00,J-108,49,21,LOW
2024-01-02 13:45:00,J-101,26,10,LOW
2024-01-02 13:45:00,J-102,22,10,LOW
2024-01-02 13:45:00,J-103,12,7,LOW
2024-01-02 13:45:00,J-104,13,9,LOW
2024-01-02 13:45:00,J-105,8,8,LOW
2024-01-02 13:45:00,J-106,4,6,LOW
2024-01-02 13:45:00,J-107,4,8,LOW
2024-01-02 13:45:00,J-108,17,7,LOW
2024-01-02 14:00:00,J-101,37,15,LOW
2024-01-02 14:00:00,J-102,28,13,LOW
2024-01-02 14:00:00,J-103,21,13,LOW
2024-01-02 14:00:00,J-104,16,11,LOW
2024-01-02 14:00:00,J-105,12,13,LOW
2024-01-02 14:00:00,J-106,9,14,LOW
2024-01-02 14:00:00,J-107,6,13,LOW
2024-01-02 14:00:00,J-108,23,9,LOW
2024-01-02 14:15:00,J-101,37,15,LOW
2024-01-02 14:15:00,J-102,31,14,LOW
2024-01-02 14:15:00,J-103,22,14,LOW
2024-01-02 14:15:00,J-104,19,13,LOW
2024-01-02 14:15:00,J-105,11,11,LOW
2024-01-02 14:15:00,J-106,9,14,LOW
2024-01-02 14:15:00,J-107,6,13,LOW
2024-01-02 14:15:00,J-108,30,13,LOW
2024-01-02 14:30:00,J-101,31,12,LOW
2024-01-02 14:30:00,J-102,21,9,LOW
2024-01-02 14:30:00,J-103,21,13,LOW
2024-01-02 14:30:00,J-104,20,14,LOW
2024-01-02 14:30:00,J-105,11,11,LOW
2024-01-02 14:30:00,J-106,9,14,LOW
2024-01-02 14:30:00,J-107,6,13,LOW
2024-01-02 14:30:00,J-108,30,13,LOW
2024-01-02 14:45:00,J-101,34,13,LOW
2024-01-02 14:45:00,J-102,26,12,LOW
2024-01-02 14:45:00,J-103,18,11,LOW
2024-01-02 14:45:00,J-104,15,10,LOW
2024-01-02 14:45:00,J-105,10,10,LOW
2024-01-02 14:45:00,J-106,6,9,LOW
2024-01-02 14:45:00,J-107,5,10,LOW
2024-01-02 14:45:00,J-108,29,12,LOW
2024-01-02 15:00:00,J-101,28,11,LOW
2024-01-02 15:00:00,J-102,28,13,LOW
2024-01-02 15:00:00,J-103,20,13,LOW
2024-01-02 15:00:00,J-104,21,15,LOW
2024-01-02 15:00:00,J-105,12,13,LOW
2024-01-02 15:00:00,J-106,7,11,LOW
2024-01-02 15:00:00,J-107,5,10,LOW
2024-01-02 15:00:00,J-108,32,13,LOW
2024-01-02 15:15:00,J-101,24,9,LOW
2024-01-02 15:15:00,J-102,23,10,LOW
2024-01-02 15:15:00,J-103,14,9,LOW
2024-01-02 15:15:00,J-104,15,10,LOW
2024-01-02 15:15:00,J-105,11,11,LOW
2024-01-02 15:15:00,J-106,7,11,LOW
2024-01-02 15:15:00,J-107,5,10,LOW
2024-01-02 15:15:00,J-108,26,11,LOW
2024-01-02 15:30:00,J-101,35,14,LOW
2024-01-02 15:30:00,J-102,33,15,LOW
2024-01-02 15:30:00,J-103,19,12,LOW
2024-01-02 15:30:00,J-104,17,12,LOW
2024-01-02 15:30:00,J-105,13,14,LOW
2024-01-02 15:30:00,J-106,7,11,LOW
2024-01-02 15:30:00,J-107,5,10,LOW
2024-01-02 15:30:00,J-108,31,13,LOW
2024-01-02 15:45:00,J-101,22,8,LOW
2024-01-02 15:45:00,J-102,20,9,LOW
2024-01-02 15:45:00,J-103,16,10,LOW
2024-01-02 15:45:00,J-104,13,9,LOW
2024-01-02 15:45:00,J-105,10,10,LOW
2024-01-02 15:45:00,J-106,7,11,LOW
2024-01-02 15:45:00,J-107,5,10,LOW
2024-01-02 15:45:00,J-108,27,11,LOW
2024-01-02 16:00:00,J-101,29,11,LOW
2024-01-02 16:00:00,J-102,28,13,LOW
2024-01-02 16:00:00,J-103,18,11,LOW
2024-01-02 16:00:00,J-104,15,10,LOW
2024-01-02 16:00:00,J-105,12,13,LOW
2024-01-02 16:00:00,J-106,6,9,LOW
2024-01-02 16:00:00,J-107,5,10,LOW
2024-01-02 16:00:00,J-108,28,12,LOW
2024-01-02 16:15:00,J-101,34,13,LOW
2024-01-02 16:15:00,J-102,25,11,LOW
2024-01-02 16:15:00,J-103,20,13,LOW
2024-01-02 16:15:00,J-104,18,13,LOW
2024-01-02 16:15:00,J-105,13,14,LOW
2024-01-02 16:15:00,J-106,9,14,LOW
2024-01-02 16:15:00,J-107,5,10,LOW
2024-01-02 16:15:00,J-108,35,15,LOW
2024-01-02 16:30:00,J-101,87,35,LOW
2024-01-02 16:30:00,J-102,81,37,LOW
2024-01-02 16:30:00,J-103,66,42,MODERATE
2024-01-02 16:30:00,J-104,46,33,LOW
2024-01-02 16:30:00,J-105,36,39,LOW
2024-01-02 16:30:00,J-106,26,42,MODERATE
2024-01-02 16:30:00,J-107,,43,MODERATE
2024-01-02 16:30:00,J-108,113,48,MODERATE
2024-01-02 16:45:00,J-101,121,49,MODERATE
2024-01-02 16:45:00,J-102,101,46,MODERATE
2024-01-02 16:45:00,J-103,62,40,MODERATE
2024-01-02 16:45:00,J-104,57,41,MODERATE
2024-01-02 16:45:00,J-105,38,41,MODERATE
2024-01-02 16:45:00,J-106,25,40,MODERATE
2024-01-02 16:45:00,J-107,24,52,MODERATE
2024-01-02 16:45:00,J-108,109,47,MODERATE
2024-01-02 17:00:00,J-101,136,55,MODERATE
2024-01-02 17:00:00,J-102,112,52,MODERATE
2024-01-02 17:00:00,J-103,70,45,MODERATE
2024-01-02 17:00:00,J-104,66,47,MODERATE
2024-01-02 17:00:00,J-105,54,58,MODERATE
2024-01-02 17:00:00,J-106,24,39,LOW
2024-01-02 17:00:00,J-107,26,56,MODERATE
2024-01-02 17:00:00,J-108,151,65,MODERATE
2024-01-02 17:15:00,J-101,129,52,MODERATE
2024-01-02 17:15:00,J-102,158,73,HIGH
2024-01-02 17:15:00,J-103,73,47,MODERATE
2024-01-02 17:15:00,J-104,72,52,MODERATE
2024-01-02 17:15:00,J-105,59,63,MODERATE
2024-01-02 17:15:00,J-106,34,55,MODERATE
2024-01-02 17:15:00,J-107,30,65,MODERATE
2024-01-02 17:15:00,J-108,141,61,MODERATE
2024-01-02 17:30:00,J-101,134,54,MODERATE
2024-01-02 17:30:00,J-102,119,55,MODERATE
2024-01-02 17:30:00,J-103,86,55,MODERATE
2024-01-02 17:30:00,J-104,73,52,MODERATE
2024-01-02 17:30:00,J-105,49,53,MODERATE
2024-01-02 17:30:00,J-106,43,69,MODERATE
2024-01-02 17:30:00,J-107,24,52,MODERATE
2024-01-02 17:30:00,J-108,96,41,MODERATE
2024-01-02 17:45:00,J-101,191,77,HIGH
2024-01-02 17:45:00,J-102,161,74,HIGH
2024-01-02 17:45:00,J-103,95,61,MODERATE
2024-01-02 17:45:00,J-104,87,62,MODERATE
2024-01-02 17:45:00,J-105,70,75,HIGH
2024-01-02 17:45:00,J-106,33,53,MODERATE
2024-01-02 17:45:00,J-107,30,65,MODERATE
2024-01-02 17:45:00,J-108,170,73,HIGH
2024-01-02 18:00:00,J-101,130,52,MODERATE
2024-01-02 18:00:00,J-102,148,68,MODERATE
2024-01-02 18:00:00,J-103,94,61,MODERATE
2024-01-02 18:00:00,J-104,84,60,MODERATE
2024-01-02 18:00:00,J-105,56,60,MODERATE
2024-01-02 18:00:00,J-106,43,69,MODERATE
2024-01-02 18:00:00,J-107,26,56,MODERATE
2024-01-02 18:00:00,J-108,142,61,MODERATE
2024-01-02 18:15:00,J-101,174,70,HIGH
2024-01-02 18:15:00,J-102,154,71,HIGH
2024-01-02 18:15:00,J-103,88,57,MODERATE
2024-01-02 18:15:00,J-104,93,67,MODERATE
2024-01-02 18:15:00,J-105,62,67,MODERATE
2024-01-02 18:15:00,J-106,44,71,HIGH
2024-01-02 18:15:00,J-107,30,65,MODERATE
2024-01-02 18:15:00,J-108,133,57,MODERATE
2024-01-02 18:30:00,J-101,159,64,MODERATE
2024-01-02 18:30:00,J-102,115,53,MODERATE
2024-01-02 18:30:00,J-103,70,45,MODERATE
2024-01-02 18:30:00,J-104,76,54,MODERATE
2024-01-02 18:30:00,J-105,61,66,MODERATE
2024-01-02 18:30:00,J-106,37,60,MODERATE
2024-01-02 18:30:00,J-107,25,54,MODERATE
2024-01-02 18:30:00,J-108,162,70,HIGH
2024-01-02 18:45:00,J-101,134,54,MODERATE
2024-01-02 18:45:00,J-102,117,54,MODERATE
2024-01-02 18:45:00,J-103,69,44,MODERATE
2024-01-02 18:45:00,J-104,71,51,MODERATE
2024-01-02 18:45:00,J-105,51,55,MODERATE
2024-01-02 18:45:00,J-106,38,61,MODERATE
2024-01-02 18:45:00,J-107,23,49,MODERATE
2024-01-02 18:45:00,J-108,148,64,MODERATE
2024-01-02 19:00:00,J-101,92,37,LOW
2024-01-02 19:00:00,J-102,72,33,LOW
2024-01-02 19:00:00,J-103,83,53,MODERATE
2024-01-02 19:00:00,J-104,67,48,MODERATE
2024-01-02 19:00:00,J-105,44,47,MODERATE
2024-01-02 19:00:00,J-106,28,45,MODERATE
2024-01-02 19:00:00,J-107,20,43,MODERATE
2024-01-02 19:00:00,J-108,112,48,MODERATE
2024-01-02 19:15:00,J-101,114,46,MODERATE
2024-01-02 19:15:00,J-102,85,39,LOW
2024-01-02 19:15:00,J-103,46,29,LOW
2024-01-02 19:15:00,J-104,66,47,MODERATE
2024-01-02 19:15:00,J-105,36,39,LOW
2024-01-02 19:15:00,J-106,23,37,LOW
2024-01-02 19:15:00,J-107,15,32,LOW
2024-01-02 19:15:00,J-108,94,40,MODERATE
2024-01-02 19:30:00,J-101,104,42,MODERATE
2024-01-02 19:30:00,J-102,66,30,LOW
2024-01-02 19:30:00,J-103,67,43,MODERATE
2024-01-02 19:30:00,J-104,51,36,LOW
2024-01-02 19:30:00,J-105,40,43,MODERATE
2024-01-02 19:30:00,J-106,24,39,LOW
2024-01-02 19:30:00,J-107,17,36,LOW
2024-01-02 19:30:00,J-108,79,34,LOW
2024-01-02 19:45:00,J-101,32,13,LOW
2024-01-02 19:45:00,J-102,21,9,LOW
2024-01-02 19:45:00,J-103,13,8,LOW
2024-01-02 19:45:00,J-104,17,12,LOW
2024-01-02 19:45:00,J-105,9,9,LOW
2024-01-02 19:45:00,J-106,7,11,LOW
2024-01-02 19:45:00,J-107,5,10,LOW
2024-01-02 19:45:00,J-108,26,11,LOW
2024-01-02 20:00:00,J-101,28,11,LOW
2024-01-02 20:00:00,J-102,28,13,LOW
2024-01-02 20:00:00,J-103,20,13,LOW
2024-01-02 20:00:00,J-104,16,11,LOW
2024-01-02 20:00:00,J-105,13,14,LOW
2024-01-02 20:00:00,J-106,8,13,LOW
2024-01-02 20:00:00,J-107,6,13,LOW
2024-01-02 20:00:00,J-108,34,14,LOW
2024-01-02 20:15:00,J-101,25,10,LOW
2024-01-02 20:15:00,J-102,29,13,LOW
2024-01-02 20:15:00,J-103,19,12,LOW
2024-01-02 20:15:00,J-104,19,13,LOW
2024-01-02 20:15:00,J-105,11,11,LOW
2024-01-02 20:15:00,J-106,9,14,LOW
2024-01-02 20:15:00,J-107,6,13,LOW
2024-01-02 20:15:00,J-108,33,14,LOW
2024-01-02 20:30:00,J-101,28,11,LOW
2024-01-02 20:30:00,J-102,23,10,LOW
2024-01-02 20:30:00,J-103,18,11,LOW
2024-01-02 20:30:00,J-104,15,10,LOW
2024-01-02 20:30:00,J-105,9,9,LOW
2024-01-02 20:30:00,J-106,6,9,LOW
2024-01-02 20:30:00,J-107,5,10,LOW
2024-01-02 20:30:00,J-108,34,14,LOW
2024-01-02 20:45:00,J-101,30,12,LOW
2024-01-02 20:45:00,J-102,25,11,LOW
2024-01-02 20:45:00,J-103,18,11,LOW
2024-01-02 20:45:00,J-104,21,15,LOW
2024-01-02 20:45:00,J-105,11,11,LOW
2024-01-02 20:45:00,J-106,9,14,LOW
2024-01-02 20:45:00,J-107,5,,LOW
2024-01-02 20:45:00,J-108,32,13,LOW
2024-01-02 21:00:00,J-101,39,15,LOW
2024-01-02 21:00:00,J-102,28,13,LOW
2024-01-02 21:00:00,J-103,17,11,LOW
2024-01-02 21:00:00,J-104,17,12,LOW
2024-01-02 21:00:00,J-105,11,11,LOW
2024-01-02 21:00:00,J-106,9,14,LOW
2024-01-02 21:00:00,J-107,7,15,LOW
2024-01-02 21:00:00,J-108,35,15,LOW
2024-01-02 21:15:00,J-101,25,10,LOW
2024-01-02 21:15:00,J-102,20,9,LOW
2024-01-02 21:15:00,J-103,21,13,LOW
2024-01-02 21:15:00,J-104,17,12,LOW
2024-01-02 21:15:00,J-105,10,10,LOW
2024-01-02 21:15:00,J-106,6,9,LOW
2024-01-02 21:15:00,J-107,4,8,LOW
2024-01-02 21:15:00,J-108,19,8,LOW
2024-01-02 21:30:00,J-101,23,9,LOW
2024-01-02 21:30:00,J-102,19,8,LOW
2024-01-02 21:30:00,J-103,14,9,LOW
2024-01-02 21:30:00,J-104,14,10,LOW
2024-01-02 21:30:00,J-105,7,7,LOW
2024-01-02 21:30:00,J-106,5,8,LOW
2024-01-02 21:30:00,J-107,4,8,LOW
2024-01-02 21:30:00,J-108,23,9,LOW
2024-01-02 21:45:00,J-101,27,10,LOW
2024-01-02 21:45:00,J-102,37,17,LOW
2024-01-02 21:45:00,J-103,19,12,LOW
2024-01-02 21:45:00,J-104,15,10,LOW
2024-01-02 21:45:00,J-105,11,11,LOW
2024-01-02 21:45:00,J-106,10,16,LOW
2024-01-02 21:45:00,J-107,5,10,LOW
2024-01-02 21:45:00,J-108,27,11,LOW
2024-01-02 22:00:00,J-101,23,9,LOW
2024-01-02 22:00:00,J-102,17,7,LOW
2024-01-02 22:00:00,J-103,12,7,LOW
2024-01-02 22:00:00,J-104,10,7,LOW
2024-01-02 22:00:00,J-105,6,6,LOW
2024-01-02 22:00:00,J-106,4,6,LOW
2024-01-02 22:00:00,J-107,3,6,LOW
2024-01-02 22:00:00,J-108,14,6,LOW
2024-01-02 22:15:00,J-101,34,13,LOW
2024-01-02 22:15:00,J-102,24,11,LOW
2024-01-02 22:15:00,J-103,22,14,LOW
2024-01-02 22:15:00,J-104,18,13,LOW
2024-01-02 22:15:00,J-105,12,13,LOW
2024-01-02 22:15:00,J-106,7,11,LOW
2024-01-02 22:15:00,J-107,5,10,LOW
2024-01-02 22:15:00,J-108,30,13,LOW
2024-01-02 22:30:00,J-101,37,15,LOW
2024-01-02 22:30:00,J-102,29,13,LOW
2024-01-02 22:30:00,J-103,20,13,LOW
2024-01-02 22:30:00,J-104,19,13,LOW
2024-01-02 22:30:00,J-105,13,14,LOW
2024-01-02 22:30:00,J-106,8,13,LOW
2024-01-02 22:30:00,J-107,6,13,LOW
2024-01-02 22:30:00,J-108,33,14,LOW
2024-01-02 22:45:00,J-101,27,10,LOW
2024-01-02 22:45:00,J-102,24,11,LOW
2024-01-02 22:45:00,J-103,15,9,LOW
2024-01-02 22:45:00,J-104,13,9,LOW
2024-01-02 22:45:00,J-105,8,8,LOW
2024-01-02 22:45:00,J-106,9,14,LOW
2024-01-02 22:45:00,J-107,6,13,LOW
2024-01-02 22:45:00,J-108,27,11,LOW
2024-01-02 23:00:00,J-101,40,16,LOW
2024-01-02 23:00:00,J-102,30,13,LOW
2024-01-02 23:00:00,J-103,19,12,LOW
2024-01-02 23:00:00,J-104,17,12,LOW
2024-01-02 23:00:00,J-105,12,13,LOW
2024-01-02 23:00:00,J-106,9,14,LOW
2024-01-02 23:00:00,J-107,5,10,LOW
2024-01-02 23:00:00,J-108,29,12,LOW
2024-01-02 23:15:00,J-101,33,13,LOW
2024-01-02 23:15:00,J-102,23,10,LOW
2024-01-02 23:15:00,J-103,19,12,LOW
2024-01-02 23:15:00,J-104,22,15,LOW
2024-01-02 23:15:00,J-105,11,11,LOW
2024-01-02 23:15:00,J-106,7,11,LOW
2024-01-02 23:15:00,J-107,6,13,LOW
2024-01-02 23:15:00,J-108,26,11,LOW
2024-01-02 23:30:00,J-101,32,13,LOW
2024-01-02 23:30:00,J-102,32,14,LOW
2024-01-02 23:30:00,J-103,17,11,LOW
2024-01-02 23:30:00,J-104,20,14,LOW
2024-01-02 23:30:00,J-105,9,9,LOW
2024-01-02 23:30:00,J-106,6,9,LOW
2024-01-02 23:30:00,J-107,5,10,LOW
2024-01-02 23:30:00,J-108,32,13,LOW
2024-01-02 23:45:00,J-101,25,10,LOW
2024-01-02 23:45:00,J-102,22,10,LOW
2024-01-02 23:45:00,J-103,19,12,LOW
2024-01-02 23:45:00,J-104,15,10,LOW
2024-01-02 23:45:00,J-105,11,11,LOW
2024-01-02 23:45:00,J-106,5,8,LOW
2024-01-02 23:45:00,J-107,7,15,LOW
2024-01-02 23:45:00,J-108,26,11,LOW
2024-01-03 00:00:00,J-101,32,13,LOW
2024-01-03 00:00:00,J-102,26,12,LOW
2024-01-03 00:00:00,J-103,20,13,LOW
2024-01-03 00:00:00,J-104,15,10,LOW
2024-01-03 00:00:00,J-105,12,13,LOW
2024-01-03 00:00:00,J-106,7,11,LOW
2024-01-03 00:00:00,J-107,5,10,LOW
2024-01-03 00:00:00,J-108,26,11,LOW
2024-01-03 00:15:00,J-101,30,12,LOW
2024-01-03 00:15:00,J-102,24,11,LOW
2024-01-03 00:15:00,J-103,21,13,LOW
2024-01-03 00:15:00,J-104,15,10,LOW
2024-01-03 00:15:00,J-105,13,14,LOW
2024-01-03 00:15:00,J-106,8,13,LOW
2024-01-03 00:15:00,J-107,7,15,LOW
2024-01-03 00:15:00,J-108,33,14,LOW
2024-01-03 00:30:00,J-101,30,12,LOW
2024-01-03 00:30:00,J-102,29,13,LOW
2024-01-03 00:30:00,J-103,16,10,LOW
2024-01-03 00:30:00,J-104,14,10,LOW
2024-01-03 00:30:00,J-105,9,9,LOW
2024-01-03 00:30:00,J-106,7,11,LOW
2024-01-03 00:30:00,J-107,4,8,LOW
2024-01-03 00:30:00,J-108,31,13,LOW
2024-01-03 00:45:00,J-101,29,11,LOW
2024-01-03 00:45:00,J-102,29,13,LOW
2024-01-03 00:45:00,J-103,22,14,LOW
2024-01-03 00:45:00,J-104,18,13,LOW
2024-01-03 00:45:00,J-105,13,14,LOW
2024-01-03 00:45:00,J-106,9,14,LOW
2024-01-03 00:45:00,J-107,5,10,LOW
2024-01-03 00:45:00,J-108,30,13,LOW
2024-01-03 01:00:00,J-101,4,1,LOW
2024-01-03 01:00:00,J-102,3,1,LOW
2024-01-03 01:00:00,J-103,2,1,LOW
2024-01-03 01:00:00,J-104,2,1,LOW
2024-01-03 01:00:00,J-105,2,2,LOW
2024-01-03 01:00:00,J-106,1,1,LOW
2024-01-03 01:00:00,J-107,0,0,LOW
2024-01-03 01:00:00,J-108,4,1,LOW
2024-01-03 01:15:00,J-101,4,1,LOW
2024-01-03 01:15:00,J-102,3,1,LOW
2024-01-03 01:15:00,J-103,2,1,LOW
2024-01-03 01:15:00,J-104,2,1,LOW
2024-01-03 01:15:00,J-105,1,1,LOW
2024-01-03 01:15:00,J-106,1,1,LOW
2024-01-03 01:15:00,J-107,0,0,LOW
2024-01-03 01:15:00,J-108,4,1,LOW
2024-01-03 01:30:00,J-101,5,2,LOW
2024-01-03 01:30:00,J-102,4,1,LOW
2024-01-03 01:30:00,J-103,2,1,LOW
2024-01-03 01:30:00,J-104,3,2,LOW
2024-01-03 01:30:00,J-105,1,1,LOW
2024-01-03 01:30:00,J-106,1,1,LOW
2024-01-03 01:30:00,J-107,0,0,LOW
2024-01-03 01:30:00,J-108,3,1,LOW
2024-01-03 01:45:00,J-101,4,1,LOW
2024-01-03 01:45:00,J-102,4,1,LOW
2024-01-03 01:45:00,J-103,2,1,LOW
2024-01-03 01:45:00,J-104,2,1,LOW
2024-01-03 01:45:00,J-105,1,1,LOW
2024-01-03 01:45:00,J-106,0,0,LOW
2024-01-03 01:45:00,J-107,0,0,LOW
2024-01-03 01:45:00,J-108,5,2,LOW
2024-01-03 02:00:00,J-101,4,1,LOW
2024-01-03 02:00:00,J-102,3,1,LOW
2024-01-03 02:00:00,J-103,,1,LOW
2024-01-03 02:00:00,J-104,1,0,LOW
2024-01-03 02:00:00,J-105,2,2,LOW
2024-01-03 02:00:00,J-106,0,0,LOW
2024-01-03 02:00:00,J-107,0,0,LOW
2024-01-03 02:00:00,J-108,4,1,LOW
2024-01-03 02:15:00,J-101,4,1,LOW
2024-01-03 02:15:00,J-102,4,1,LOW
2024-01-03 02:15:00,J-103,3,1,LOW
2024-01-03 02:15:00,J-104,2,1,LOW
2024-01-03 02:15:00,J-105,1,1,LOW
2024-01-03 02:15:00,J-106,0,0,LOW
2024-01-03 02:15:00,J-107,0,0,LOW
2024-01-03 02:15:00,J-108,5,2,LOW
2024-01-03 02:30:00,J-101,3,1,LOW
2024-01-03 02:30:00,J-102,4,1,LOW
2024-01-03 02:30:00,J-103,2,1,LOW
2024-01-03 02:30:00,J-104,2,1,LOW
2024-01-03 02:30:00,J-105,1,1,LOW
2024-01-03 02:30:00,J-106,0,0,LOW
2024-01-03 02:30:00,J-107,0,0,LOW
2024-01-03 02:30:00,J-108,3,1,LOW
2024-01-03 02:45:00,J-101,4,1,LOW
2024-01-03 02:45:00,J-102,3,1,LOW
2024-01-03 02:45:00,J-103,3,1,LOW
2024-01-03 02:45:00,J-104,2,1,LOW
2024-01-03 02:45:00,J-105,2,2,LOW
2024-01-03 02:45:00,J-106,1,1,LOW
2024-01-03 02:45:00,J-107,0,0,LOW
2024-01-03 02:45:00,J-108,3,1,LOW
2024-01-03 03:00:00,J-101,4,1,LOW
2024-01-03 03:00:00,J-102,3,1,LOW
2024-01-03 03:00:00,J-103,2,1,LOW
2024-01-03 03:00:00,J-104,2,1,LOW
2024-01-03 03:00:00,J-105,1,1,LOW
2024-01-03 03:00:00,J-106,1,1,LOW
2024-01-03 03:00:00,J-107,0,0,LOW
2024-01-03 03:00:00,J-108,3,1,LOW
2024-01-03 03:15:00,J-101,4,1,LOW
2024-01-03 03:15:00,J-102,4,1,LOW
2024-01-03 03:15:00,J-103,2,1,LOW
2024-01-03 03:15:00,J-104,2,1,LOW
2024-01-03 03:15:00,J-105,1,1,LOW
2024-01-03 03:15:00,J-106,1,1,LOW
2024-01-03 03:15:00,J-107,0,0,LOW
2024-01-03 03:15:00,J-108,3,1,LOW
2024-01-03 03:30:00,J-101,3,1,LOW
2024-01-03 03:30:00,J-102,2,0,LOW
2024-01-03 03:30:00,J-103,2,1,LOW
2024-01-03 03:30:00,J-104,2,1,LOW
2024-01-03 03:30:00,J-105,1,1,LOW
2024-01-03 03:30:00,J-106,0,0,LOW
2024-01-03 03:30:00,J-107,0,0,LOW
2024-01-03 03:30:00,J-108,3,1,LOW
2024-01-03 03:45:00,J-101,5,2,LOW
2024-01-03 03:45:00,J-102,4,1,LOW
2024-01-03 03:45:00,J-103,2,1,LOW
2024-01-03 03:45:00,J-104,2,1,LOW
2024-01-03 03:45:00,J-105,1,1,LOW
2024-01-03 03:45:00,J-106,0,0,LOW
2024-01-03 03:45:00,J-107,0,0,LOW
2024-01-03 03:45:00,J-108,3,1,LOW
2024-01-03 04:00:00,J-101,3,1,LOW
2024-01-03 04:00:00,J-102,3,1,LOW
2024-01-03 04:00:00,J-103,2,1,LOW
2024-01-03 04:00:00,J-104,2,1,LOW
2024-01-03 04:00:00,J-105,1,1,LOW
2024-01-03 04:00:00,J-106,0,0,LOW
2024-01-03 04:00:00,J-107,0,0,LOW
2024-01-03 04:00:00,J-108,3,1,LOW
2024-01-03 04:15:00,J-101,,1,LOW
2024-01-03 04:15:00,J-102,2,0,LOW
2024-01-03 04:15:00,J-103,1,0,LOW
2024-01-03 04:15:00,J-104,1,0,LOW
2024-01-03 04:15:00,J-105,1,1,LOW
2024-01-03 04:15:00,J-106,0,0,LOW
2024-01-03 04:15:00,J-107,0,0,LOW
2024-01-03 04:15:00,J-108,2,0,LOW
2024-01-03 04:30:00,J-101,4,1,LOW
2024-01-03 04:30:00,J-102,4,1,LOW
2024-01-03 04:30:00,J-103,3,1,LOW
2024-01-03 04:30:00,J-104,2,1,LOW
2024-01-03 04:30:00,J-105,1,1,LOW
2024-01-03 04:30:00,J-106,1,1,LOW
2024-01-03 04:30:00,J-107,1,2,LOW
2024-01-03 04:30:00,J-108,4,1,LOW
2024-01-03 04:45:00,J-101,5,2,LOW
2024-01-03 04:45:00,J-102,4,1,LOW
2024-01-03 04:45:00,J-103,2,1,LOW
2024-01-03 04:45:00,J-104,2,1,LOW
2024-01-03 04:45:00,J-105,1,1,LOW
2024-01-03 04:45:00,J-106,1,1,LOW
2024-01-03 04:45:00,J-107,0,0,LOW
2024-01-03 04:45:00,J-108,4,1,LOW
2024-01-03 05:00:00,J-101,3,1,LOW
2024-01-03 05:00:00,J-102,4,1,LOW
2024-01-03 05:00:00,J-103,2,1,LOW
2024-01-03 05:00:00,J-104,2,1,LOW
2024-01-03 05:00:00,J-105,1,1,LOW
2024-01-03 05:00:00,J-106,1,1,LOW
2024-01-03 05:00:00,J-107,0,0,LOW
2024-01-03 05:00:00,J-108,4,1,LOW
2024-01-03 05:15:00,J-101,32,13,LOW
2024-01-03 05:15:00,J-102,24,11,LOW
2024-01-03 05:15:00,J-103,24,15,LOW
2024-01-03 05:15:00,J-104,17,12,LOW
2024-01-03 05:15:00,J-105,11,11,LOW
2024-01-03 05:15:00,J-106,6,9,LOW
2024-01-03 05:15:00,J-107,7,15,LOW
2024-01-03 05:15:00,J-108,29,12,LOW
2024-01-03 05:30:00,J-101,18,7,LOW
2024-01-03 05:30:00,J-102,17,7,LOW
2024-01-03 05:30:00,J-103,12,7,LOW
2024-01-03 05:30:00,J-104,12,8,LOW
2024-01-03 05:30:00,J-105,6,6,LOW
2024-01-03 05:30:00,J-106,4,6,LOW
2024-01-03 05:30:00,J-107,4,8,LOW
2024-01-03 05:30:00,J-108,21,9,LOW
2024-01-03 05:45:00,J-101,26,10,LOW
2024-01-03 05:45:00,J-102,29,13,LOW
2024-01-03 05:45:00,J-103,20,13,LOW
2024-01-03 05:45:00,J-104,16,11,LOW
2024-01-03 05:45:00,J-105,12,13,LOW
2024-01-03 05:45:00,J-106,6,9,LOW
2024-01-03 05:45:00,J-107,6,13,LOW
2024-01-03 05:45:00,J-108,29,12,LOW
2024-01-03 06:00:00,J-101,38,15,LOW
2024-01-03 06:00:00,J-102,28,13,LOW
2024-01-03 06:00:00,J-103,20,13,LOW
2024-01-03 06:00:00,J-104,15,10,LOW
2024-01-03 06:00:00,J-105,11,11,LOW
2024-01-03 06:00:00,J-106,6,9,LOW
2024-01-03 06:00:00,J-107,5,10,LOW
2024-01-03 06:00:00,J-108,26,11,LOW
2024-01-03 06:15:00,J-101,35,14,LOW
2024-01-03 06:15:00,J-102,30,13,LOW
2024-01-03 06:15:00,J-103,24,15,LOW
2024-01-03 06:15:00,J-104,20,14,LOW
2024-01-03 06:15:00,J-105,11,11,LOW
2024-01-03 06:15:00,J-106,7,11,LOW
2024-01-03 06:15:00,J-107,4,8,LOW
2024-01-03 06:15:00,J-108,26,11,LOW
2024-01-03 06:30:00,J-101,18,7,LOW
2024-01-03 06:30:00,J-102,15,6,LOW
2024-01-03 06:30:00,J-103,13,8,LOW
2024-01-03 06:30:00,J-104,13,9,LOW
2024-01-03 06:30:00,J-105,10,10,LOW
2024-01-03 06:30:00,J-106,6,9,LOW
2024-01-03 06:30:00,J-107,3,6,LOW
2024-01-03 06:30:00,J-108,19,8,LOW
2024-01-03 06:45:00,J-101,35,14,LOW
2024-01-03 06:45:00,J-102,23,10,LOW
2024-01-03 06:45:00,J-103,14,9,LOW
2024-01-03 06:45:00,J-104,18,13,LOW
2024-01-03 06:45:00,J-105,11,11,LOW
2024-01-03 06:45:00,J-106,9,14,LOW
2024-01-03 06:45:00,J-107,4,8,LOW
2024-01-03 06:45:00,J-108,28,12,LOW
2024-01-03 07:00:00,J-101,38,15,LOW
2024-01-03 07:00:00,J-102,26,12,LOW
2024-01-03 07:00:00,J-103,18,11,LOW
2024-01-03 07:00:00,J-104,16,11,LOW
2024-01-03 07:00:00,J-105,12,13,LOW
2024-01-03 07:00:00,J-106,7,11,LOW
2024-01-03 07:00:00,J-107,6,13,LOW
2024-01-03 07:00:00,J-108,30,13,LOW
2024-01-03 07:15:00,J-101,36,14,LOW
2024-01-03 07:15:00,J-102,30,13,LOW
2024-01-03 07:15:00,J-103,17,11,LOW
2024-01-03 07:15:00,J-104,16,11,LOW
2024-01-03 07:15:00,J-105,12,13,LOW
2024-01-03 07:15:00,J-106,7,11,LOW
2024-01-03 07:15:00,J-107,6,13,LOW
2024-01-03 07:15:00,J-108,30,13,LOW
2024-01-03 07:30:00,J-101,52,21,LOW
2024-01-03 07:30:00,J-102,47,21,LOW
2024-01-03 07:30:00,J-103,22,14,LOW
2024-01-03 07:30:00,J-104,28,20,LOW
2024-01-03 07:30:00,J-105,19,20,LOW
2024-01-03 07:30:00,J-106,12,19,LOW
2024-01-03 07:30:00,J-107,9,19,LOW
2024-01-03 07:30:00,J-108,42,18,LOW
2024-01-03 07:45:00,J-101,118,47,MODERATE
2024-01-03 07:45:00,J-102,62,28,LOW
2024-01-03 07:45:00,J-103,75,48,MODERATE
2024-01-03 07:45:00,J-104,69,49,MODERATE
2024-01-03 07:45:00,J-105,41,44,MODERATE
2024-01-03 07:45:00,J-106,27,43,MODERATE
2024-01-03 07:45:00,J-107,20,43,MODERATE
2024-01-03 07:45:00,J-108,96,41,MODERATE
2024-01-03 08:00:00,J-101,125,50,MODERATE
2024-01-03 08:00:00,J-102,111,51,MODERATE
2024-01-03 08:00:00,J-103,64,41,MODERATE
2024-01-03 08:00:00,J-104,79,57,MODERATE
2024-01-03 08:00:00,J-105,41,44,MODERATE
2024-01-03 08:00:00,J-106,31,50,MODERATE
2024-01-03 08:00:00,J-107,16,34,LOW
2024-01-03 08:00:00,J-108,119,51,MODERATE
2024-01-03 08:15:00,J-101,160,65,MODERATE
2024-01-03 08:15:00,J-102,139,64,MODERATE
2024-01-03 08:15:00,J-103,94,61,MODERATE
2024-01-03 08:15:00,J-104,97,70,HIGH
2024-01-03 08:15:00,J-105,47,50,MODERATE
2024-01-03 08:15:00,J-106,25,40,MODERATE
2024-01-03 08:15:00,J-107,25,54,MODERATE
2024-01-03 08:15:00,J-108,125,54,MODERATE
2024-01-03 08:30:00,J-101,153,62,MODERATE
2024-01-03 08:30:00,J-102,99,45,MODERATE
2024-01-03 08:30:00,J-103,112,72,HIGH
2024-01-03 08:30:00,J-104,77,55,MODERATE
2024-01-03 08:30:00,J-105,52,56,MODERATE
2024-01-03 08:30:00,J-106,46,74,HIGH
2024-01-03 08:30:00,J-107,27,58,MODERATE
2024-01-03 08:30:00,J-108,155,67,MODERATE
2024-01-03 08:45:00,J-101,99,40,MODERATE
2024-01-03 08:45:00,J-102,101,46,MODERATE
2024-01-03 08:45:00,J-103,71,46,MODERATE
2024-01-03 08:45:00,J-104,66,47,MODERATE
2024-01-03 08:45:00,J-105,39,42,MODERATE
2024-01-03 08:45:00,J-106,28,45,MODERATE
2024-01-03 08:45:00,J-107,18,39,LOW
2024-01-03 08:45:00,J-108,91,39,LOW
2024-01-03 09:00:00,J-101,56,22,LOW
2024-01-03 09:00:00,J-102,84,39,LOW
2024-01-03 09:00:00,J-103,58,37,LOW
2024-01-03 09:00:00,J-104,47,33,LOW
2024-01-03 09:00:00,J-105,,41,MODERATE
2024-01-03 09:00:00,J-106,26,42,MODERATE
2024-01-03 09:00:00,J-107,17,36,LOW
2024-01-03 09:00:00,J-108,85,36,LOW
2024-01-03 09:15:00,J-101,138,56,MODERATE
2024-01-03 09:15:00,J-102,138,64,MODERATE
2024-01-03 09:15:00,J-103,81,52,MODERATE
2024-01-03 09:15:00,J-104,90,65,MODERATE
2024-01-03 09:15:00,J-105,57,61,MODERATE
2024-01-03 09:15:00,J-106,29,47,MODERATE
2024-01-03 09:15:00,J-107,21,45,MODERATE
2024-01-03 09:15:00,J-108,144,62,MODERATE
2024-01-03 09:30:00,J-101,137,55,MODERATE
2024-01-03 09:30:00,J-102,103,47,MODERATE
2024-01-03 09:30:00,J-103,63,40,MODERATE
2024-01-03 09:30:00,J-104,67,48,MODERATE
2024-01-03 09:30:00,J-105,60,65,MODERATE
2024-01-03 09:30:00,J-106,34,55,MODERATE
2024-01-03 09:30:00,J-107,21,45,MODERATE
2024-01-03 09:30:00,J-108,109,47,MODERATE
2024-01-03 09:45:00,J-101,113,45,MODERATE
2024-01-03 09:45:00,J-102,90,41,MODERATE
2024-01-03 09:45:00,J-103,70,45,MODERATE
2024-01-03 09:45:00,J-104,57,41,MODERATE
2024-01-03 09:45:00,J-105,37,40,MODERATE
2024-01-03 09:45:00,J-106,23,37,LOW
2024-01-03 09:45:00,J-107,22,47,MODERATE
2024-01-03 09:45:00,J-108,111,48,MODERATE
2024-01-03 10:00:00,J-101,81,32,LOW
2024-01-03 10:00:00,J-102,55,25,LOW
2024-01-03 10:00:00,J-103,52,33,LOW
2024-01-03 10:00:00,J-104,42,30,LOW
2024-01-03 10:00:00,J-105,24,26,LOW
2024-01-03 10:00:00,J-106,14,22,LOW
2024-01-03 10:00:00,J-107,14,30,LOW
2024-01-03 10:00:00,J-108,61,26,LOW
2024-01-03 10:15:00,J-101,39,15,LOW
2024-01-03 10:15:00,J-102,30,13,LOW
2024-01-03 10:15:00,J-103,18,11,LOW
2024-01-03 10:15:00,J-104,20,14,LOW
2024-01-03 10:15:00,J-105,10,10,LOW
2024-01-03 10:15:00,J-106,8,13,LOW
2024-01-03 10:15:00,J-107,4,8,LOW
2024-01-03 10:15:00,J-108,30,13,LOW
2024-01-03 10:30:00,J-101,37,15,LOW
2024-01-03 10:30:00,J-102,25,11,LOW
2024-01-03 10:30:00,J-103,19,12,LOW
2024-01-03 10:30:00,J-104,16,11,LOW
2024-01-03 10:30:00,J-105,11,11,LOW
2024-01-03 10:30:00,J-106,8,13,LOW
2024-01-03 10:30:00,J-107,5,10,LOW
2024-01-03 10:30:00,J-108,33,14,LOW
2024-01-03 10:45:00,J-101,32,13,LOW
2024-01-03 10:45:00,J-102,29,13,LOW
2024-01-03 10:45:00,J-103,17,11,LOW
2024-01-03 10:45:00,J-104,19,13,LOW
2024-01-03 10:45:00,J-105,10,10,LOW
2024-01-03 10:45:00,J-106,7,11,LOW
2024-01-03 10:45:00,J-107,5,10,LOW
2024-01-03 10:45:00,J-108,21,9,LOW
2024-01-03 11:00:00,J-101,25,10,LOW
2024-01-03 11:00:00,J-102,24,11,LOW
2024-01-03 11:00:00,J-103,18,11,LOW
2024-01-03 11:00:00,J-104,14,10,LOW
2024-01-03 11:00:00,J-105,11,11,LOW
2024-01-03 11:00:00,J-106,7,11,LOW
2024-01-03 11:00:00,J-107,5,10,LOW
2024-01-03 11:00:00,J-108,23,9,LOW
2024-01-03 11:15:00,J-101,25,10,LOW
2024-01-03 11:15:00,J-102,35,16,LOW
2024-01-03 11:15:00,J-103,24,15,LOW
2024-01-03 11:15:00,J-104,17,12,LOW
2024-01-03 11:15:00,J-105,12,13,LOW
2024-01-03 11:15:00,J-106,7,11,LOW
2024-01-03 11:15:00,J-107,7,15,LOW
2024-01-03 11:15:00,J-108,22,9,LOW
2024-01-03 11:30:00,J-101,35,14,LOW
2024-01-03 11:30:00,J-102,26,12,LOW
2024-01-03 11:30:00,J-103,20,13,LOW
2024-01-03 11:30:00,J-104,19,13,LOW
2024-01-03 11:30:00,J-105,11,11,LOW
2024-01-03 11:30:00,J-106,,14,LOW
2024-01-03 11:30:00,J-107,7,15,LOW
2024-01-03 11:30:00,J-108,28,12,LOW
2024-01-03 11:45:00,J-101,29,11,LOW
2024-01-03 11:45:00,J-102,24,11,LOW
2024-01-03 11:45:00,J-103,18,11,LOW
2024-01-03 11:45:00,J-104,14,10,LOW
2024-01-03 11:45:00,J-105,11,11,LOW
2024-01-03 11:45:00,J-106,7,11,LOW
2024-01-03 11:45:00,J-107,6,13,LOW
2024-01-03 11:45:00,J-108,29,12,LOW
2024-01-03 12:00:00,J-101,70,28,LOW
2024-01-03 12:00:00,J-102,52,24,LOW
2024-01-03 12:00:00,J-103,40,26,LOW
2024-01-03 12:00:00,J-104,33,23,LOW
2024-01-03 12:00:00,J-105,26,28,LOW
2024-01-03 12:00:00,J-106,13,21,LOW
2024-01-03 12:00:00,J-107,9,19,LOW
2024-01-03 12:00:00,J-108,53,22,LOW
2024-01-03 12:15:00,J-101,67,27,LOW
2024-01-03 12:15:00,J-102,54,25,LOW
2024-01-03 12:15:00,J-103,33,21,LOW
2024-01-03 12:15:00,J-104,30,21,LOW
2024-01-03 12:15:00,J-105,26,28,LOW
2024-01-03 12:15:00,J-106,17,27,LOW
2024-01-03 12:15:00,J-107,11,23,LOW
2024-01-03 12:15:00,J-108,66,28,LOW
2024-01-03 12:30:00,J-101,63,25,LOW
2024-01-03 12:30:00,J-102,54,25,LOW
2024-01-03 12:30:00,J-103,40,26,LOW
2024-01-03 12:30:00,J-104,38,27,LOW
2024-01-03 12:30:00,J-105,28,30,LOW
2024-01-03 12:30:00,J-106,17,27,LOW
2024-01-03 12:30:00,J-107,11,23,LOW
2024-01-03 12:30:00,J-108,59,25,LOW
2024-01-03 12:45:00,J-101,57,23,LOW
2024-01-03 12:45:00,J-102,35,16,LOW
2024-01-03 12:45:00,J-103,40,26,LOW
2024-01-03 12:45:00,J-104,34,24,LOW
2024-01-03 12:45:00,J-105,16,17,LOW
2024-01-03 12:45:00,J-106,13,21,LOW
2024-01-03 12:45:00,J-107,11,23,LOW
2024-01-03 12:45:00,J-108,51,22,LOW
2024-01-03 13:00:00,J-101,61,24,LOW
2024-01-03 13:00:00,J-102,52,24,LOW
2024-01-03 13:00:00,J-103,25,16,LOW
2024-01-03 13:00:00,J-104,36,26,LOW
2024-01-03 13:00:00,J-105,21,22,LOW
2024-01-03 13:00:00,J-106,15,24,LOW
2024-01-03 13:00:00,J-107,10,21,LOW
2024-01-03 13:00:00,J-108,43,18,LOW
2024-01-03 13:15:00,J-101,58,23,LOW
2024-01-03 13:15:00,J-102,52,24,LOW
2024-01-03 13:15:00,J-103,41,26,LOW
2024-01-03 13:15:00,J-104,33,23,LOW
2024-01-03 13:15:00,J-105,28,30,LOW
2024-01-03 13:15:00,J-106,22,35,LOW
2024-01-03 13:15:00,J-107,12,26,LOW
2024-01-03 13:15:00,J-108,62,26,LOW
2024-01-03 13:30:00,J-101,74,30,LOW
2024-01-03 13:30:00,J-102,56,26,LOW
2024-01-03 13:30:00,J-103,39,25,LOW
2024-01-03 13:30:00,J-104,27,19,LOW
2024-01-03 13:30:00,J-105,22,23,LOW
2024-01-03 13:30:00,J-106,11,17,LOW
2024-01-03 13:30:00,J-107,9,19,LOW
2024-01-03 13:30:00,J-108,54,23,LOW
2024-01-03 13:45:00,J-101,31,12,LOW
2024-01-03 13:45:00,J-102,27,12,LOW
2024-01-03 13:45:00,J-103,16,10,LOW
2024-01-03 13:45:00,J-104,19,13,LOW
2024-01-03 13:45:00,J-105,11,11,LOW
2024-01-03 13:45:00,J-106,6,9,LOW
2024-01-03 13:45:00,J-107,5,10,LOW
2024-01-03 13:45:00,J-108,31,13,LOW
2024-01-03 14:00:00,J-101,35,14,LOW
2024-01-03 14:00:00,J-102,26,12,LOW
2024-01-03 14:00:00,J-103,15,9,LOW
2024-01-03 14:00:00,J-104,16,11,LOW
2024-01-03 14:00:00,J-105,11,11,LOW
2024-01-03 14:00:00,J-106,6,9,LOW
2024-01-03 14:00:00,J-107,5,10,LOW
2024-01-03 14:00:00,J-108,28,12,LOW
2024-01-03 14:15:00,J-101,26,10,LOW
2024-01-03 14:15:00,J-102,23,10,LOW
2024-01-03 14:15:00,J-103,19,12,LOW
2024-01-03 14:15:00,J-104,14,10,LOW
2024-01-03 14:15:00,J-105,11,11,LOW
2024-01-03 14:15:00,J-106,7,11,LOW
2024-01-03 14:15:00,J-107,4,8,LOW
2024-01-03 14:15:00,J-108,23,9,LOW
2024-01-03 14:30:00,J-101,30,12,LOW
2024-01-03 14:30:00,J-102,31,14,LOW
2024-01-03 14:30:00,J-103,18,11,LOW
2024-01-03 14:30:00,J-104,15,10,LOW
2024-01-03 14:30:00,J-105,12,13,LOW
2024-01-03 14:30:00,J-106,7,11,LOW
2024-01-03 14:30:00,J-107,5,10,LOW
2024-01-03 14:30:00,J-108,34,14,LOW
2024-01-03 14:45:00,J-101,29,11,LOW
2024-01-03 14:45:00,J-102,20,9,LOW
2024-01-03 14:45:00,J-103,17,11,LOW
2024-01-03 14:45:00,J-104,18,13,LOW
2024-01-03 14:45:00,J-105,12,13,LOW
2024-01-03 14:45:00,J-106,7,11,LOW
2024-01-03 14:45:00,J-107,4,8,LOW
2024-01-03 14:45:00,J-108,30,13,LOW
2024-01-03 15:00:00,J-101,24,9,LOW
2024-01-03 15:00:00,J-102,28,13,LOW
2024-01-03 15:00:00,J-103,17,11,LOW
2024-01-03 15:00:00,J-104,16,11,LOW
2024-01-03 15:00:00,J-105,9,9,LOW
2024-01-03 15:00:00,J-106,7,11,LOW
2024-01-03 15:00:00,J-107,5,10,LOW
2024-01-03 15:00:00,J-108,28,12,LOW
2024-01-03 15:15:00,J-101,28,11,LOW
2024-01-03 15:15:00,J-102,33,15,LOW
2024-01-03 15:15:00,J-103,18,11,LOW
2024-01-03 15:15:00,J-104,16,11,LOW
2024-01-03 15:15:00,J-105,12,13,LOW
2024-01-03 15:15:00,J-106,9,14,LOW
2024-01-03 15:15:00,J-107,6,13,LOW
2024-01-03 15:15:00,J-108,30,13,LOW
2024-01-03 15:30:00,J-101,37,15,LOW
2024-01-03 15:30:00,J-102,21,9,LOW
2024-01-03 15:30:00,J-103,16,10,LOW
2024-01-03 15:30:00,J-104,15,10,LOW
2024-01-03 15:30:00,J-105,14,15,LOW
2024-01-03 15:30:00,J-106,9,14,LOW
2024-01-03 15:30:00,J-107,6,13,LOW
2024-01-03 15:30:00,J-108,28,12,LOW
2024-01-03 15:45:00,J-101,19,7,LOW
2024-01-03 15:45:00,J-102,17,7,LOW
2024-01-03 15:45:00,J-103,11,7,LOW
2024-01-03 15:45:00,J-104,9,6,LOW
2024-01-03 15:45:00,J-105,6,6,LOW
2024-01-03 15:45:00,J-106,4,6,LOW
2024-01-03 15:45:00,J-107,3,6,LOW
2024-01-03 15:45:00,J-108,20,8,LOW
2024-01-03 16:00:00,J-101,30,12,LOW
2024-01-03 16:00:00,J-102,21,9,LOW
2024-01-03 16:00:00,J-103,17,11,LOW
2024-01-03 16:00:00,J-104,13,9,LOW
2024-01-03 16:00:00,J-105,10,10,LOW
2024-01-03 16:00:00,J-106,10,16,LOW
2024-01-03 16:00:00,J-107,6,13,LOW
2024-01-03 16:00:00,J-108,27,11,LOW
2024-01-03 16:15:00,J-101,33,13,LOW
2024-01-03 16:15:00,J-102,25,11,LOW
2024-01-03 16:15:00,J-103,22,14,LOW
2024-01-03 16:15:00,J-104,15,10,LOW
2024-01-03 16:15:00,J-105,13,14,LOW
2024-01-03 16:15:00,J-106,7,11,LOW
2024-01-03 16:15:00,J-107,6,13,LOW
2024-01-03 16:15:00,J-108,23,9,LOW
2024-01-03 16:30:00,J-101,80,32,LOW
2024-01-03 16:30:00,J-102,62,28,LOW
2024-01-03 16:30:00,J-103,51,33,LOW
2024-01-03 16:30:00,J-104,43,31,LOW
2024-01-03 16:30:00,J-105,33,35,LOW
2024-01-03 16:30:00,J-106,22,35,LOW
2024-01-03 16:30:00,J-107,14,30,LOW
2024-01-03 16:30:00,J-108,61,26,LOW
2024-01-03 16:45:00,J-101,117,47,MODERATE
2024-01-03 16:45:00,J-102,75,34,LOW
2024-01-03 16:45:00,J-103,82,53,MODERATE
2024-01-03 16:45:00,J-104,55,39,LOW
2024-01-03 16:45:00,J-105,32,34,LOW
2024-01-03 16:45:00,J-106,21,34,LOW
2024-01-03 16:45:00,J-107,17,36,LOW
2024-01-03 16:45:00,J-108,107,46,MODERATE
2024-01-03 17:00:00,J-101,124,50,MODERATE
2024-01-03 17:00:00,J-102,97,45,MODERATE
2024-01-03 17:00:00,J-103,78,50,MODERATE
2024-01-03 17:00:00,J-104,66,47,MODERATE
2024-01-03 17:00:00,J-105,55,59,MODERATE
2024-01-03 17:00:00,J-106,37,60,MODERATE
2024-01-03 17:00:00,J-107,21,45,MODERATE
2024-01-03 17:00:00,J-108,127,55,MODERATE
2024-01-03 17:15:00,J-101,86,34,LOW
2024-01-03 17:15:00,J-102,98,45,MODERATE
2024-01-03 17:15:00,J-103,57,37,LOW
2024-01-03 17:15:00,J-104,46,33,LOW
2024-01-03 17:15:00,J-105,38,41,MODERATE
2024-01-03 17:15:00,J-106,25,40,MODERATE
2024-01-03 17:15:00,J-107,23,49,MODERATE
2024-01-03 17:15:00,J-108,81,35,LOW
2024-01-03 17:30:00,J-101,138,56,MODERATE
2024-01-03 17:30:00,J-102,140,65,MODERATE
2024-01-03 17:30:00,J-103,89,57,MODERATE
2024-01-03 17:30:00,J-104,92,66,MODERATE
2024-01-03 17:30:00,J-105,50,54,MODERATE
2024-01-03 17:30:00,J-106,35,56,MODERATE
2024-01-03 17:30:00,J-107,29,62,MODERATE
2024-01-03 17:30:00,J-108,111,48,MODERATE
2024-01-03 17:45:00,J-101,132,53,MODERATE
2024-01-03 17:45:00,J-102,129,59,MODERATE
2024-01-03 17:45:00,J-103,95,61,MODERATE
2024-01-03 17:45:00,J-104,89,64,MODERATE
2024-01-03 17:45:00,J-105,50,54,MODERATE
2024-01-03 17:45:00,J-106,34,55,MODERATE
2024-01-03 17:45:00,J-107,25,54,MODERATE
2024-01-03 17:45:00,J-108,123,53,MODERATE
2024-01-03 18:00:00,J-101,141,57,MODERATE
2024-01-03 18:00:00,J-102,113,52,MODERATE
2024-01-03 18:00:00,J-103,76,49,MODERATE
2024-01-03 18:00:00,J-104,76,54,MODERATE
2024-01-03 18:00:00,J-105,43,46,MODERATE
2024-01-03 18:00:00,J-106,33,53,MODERATE
2024-01-03 18:00:00,J-107,26,56,MODERATE
2024-01-03 18:00:00,J-108,125,54,MODERATE
2024-01-03 18:15:00,J-101,147,59,MODERATE
2024-01-03 18:15:00,J-102,116,53,MODERATE
2024-01-03 18:15:00,J-103,,66,MODERATE
2024-01-03 18:15:00,J-104,76,54,MODERATE
2024-01-03 18:15:00,J-105,48,52,MODERATE
2024-01-03 18:15:00,J-106,41,66,MODERATE
2024-01-03 18:15:00,J-107,31,67,MODERATE
2024-01-03 18:15:00,J-108,140,60,MODERATE
2024-01-03 18:30:00,J-101,142,57,MODERATE
2024-01-03 18:30:00,J-102,138,64,MODERATE
2024-01-03 18:30:00,J-103,104,67,MODERATE
2024-01-03 18:30:00,J-104,100,72,HIGH
2024-01-03 18:30:00,J-105,49,53,MODERATE
2024-01-03 18:30:00,J-106,38,61,MODERATE
2024-01-03 18:30:00,J-107,25,54,MODERATE
2024-01-03 18:30:00,J-108,114,49,MODERATE
2024-01-03 18:45:00,J-101,110,44,MODERATE
2024-01-03 18:45:00,J-102,128,59,MODERATE
2024-01-03 18:45:00,J-103,92,59,MODERATE
2024-01-03 18:45:00,J-104,77,55,MODERATE
2024-01-03 18:45:00,J-105,41,44,MODERATE
2024-01-03 18:45:00,J-106,33,53,MODERATE
2024-01-03 18:45:00,J-107,23,49,MODERATE
2024-01-03 18:45:00,J-108,127,55,MODERATE
2024-01-03 19:00:00,J-101,133,54,MODERATE
2024-01-03 19:00:00,J-102,113,52,MODERATE
2024-01-03 19:00:00,J-103,73,47,MODERATE
2024-01-03 19:00:00,J-104,62,44,MODERATE
2024-01-03 19:00:00,J-105,54,58,MODERATE
2024-01-03 19:00:00,J-106,35,56,MODERATE
2024-01-03 19:00:00,J-107,25,54,MODERATE
2024-01-03 19:00:00,J-108,111,48,MODERATE
2024-01-03 19:15:00,J-101,139,56,MODERATE
2024-01-03 19:15:00,J-102,93,43,MODERATE
2024-01-03 19:15:00,J-103,73,47,MODERATE
2024-01-03 19:15:00,J-104,60,43,MODERATE
2024-01-03 19:15:00,J-105,34,36,LOW
2024-01-03 19:15:00,J-106,28,45,MODERATE
2024-01-03 19:15:00,J-107,16,34,LOW
2024-01-03 19:15:00,J-108,82,35,LOW
2024-01-03 19:30:00,J-101,97,39,LOW
2024-01-03 19:30:00,J-102,85,39,LOW
2024-01-03 19:30:00,J-103,62,40,MODERATE
2024-01-03 19:30:00,J-104,63,45,MODERATE
2024-01-03 19:30:00,J-105,37,40,MODERATE
2024-01-03 19:30:00,J-106,26,42,MODERATE
2024-01-03 19:30:00,J-107,19,41,MODERATE
2024-01-03 19:30:00,J-108,103,44,MODERATE
2024-01-03 19:45:00,J-101,25,10,LOW
2024-01-03 19:45:00,J-102,25,11,LOW
2024-01-03 19:45:00,J-103,24,15,LOW
2024-01-03 19:45:00,J-104,17,12,LOW
2024-01-03 19:45:00,J-105,10,10,LOW
2024-01-03 19:45:00,J-106,8,13,LOW
2024-01-03 19:45:00,J-107,4,8,LOW
2024-01-03 19:45:00,J-108,30,13,LOW
2024-01-03 20:00:00,J-101,16,6,LOW
2024-01-03 20:00:00,J-102,17,7,LOW
2024-01-03 20:00:00,J-103,13,8,LOW
2024-01-03 20:00:00,J-104,10,7,LOW
2024-01-03 20:00:00,J-105,7,7,LOW
2024-01-03 20:00:00,J-106,4,6,LOW
2024-01-03 20:00:00,J-107,3,6,LOW
2024-01-03 20:00:00,J-108,21,9,LOW
2024-01-03 20:15:00,J-101,29,11,LOW
2024-01-03 20:15:00,J-102,18,8,LOW
2024-01-03 20:15:00,J-103,17,11,LOW
2024-01-03 20:15:00,J-104,16,11,LOW
2024-01-03 20:15:00,J-105,9,9,LOW
2024-01-03 20:15:00,J-106,7,11,LOW
2024-01-03 20:15:00,J-107,5,10,LOW
2024-01-03 20:15:00,J-108,30,13,LOW
2024-01-03 20:30:00,J-101,32,13,LOW
2024-01-03 20:30:00,J-102,28,13,LOW
2024-01-03 20:30:00,J-103,20,13,LOW
2024-01-03 20:30:00,J-104,15,10,LOW
2024-01-03 20:30:00,J-105,10,10,LOW
2024-01-03 20:30:00,J-106,5,8,LOW
2024-01-03 20:30:00,J-107,6,13,LOW
2024-01-03 20:30:00,J-108,31,13,LOW
2024-01-03 20:45:00,J-101,26,10,LOW
2024-01-03 20:45:00,J-102,23,10,LOW
2024-01-03 20:45:00,J-103,16,10,LOW
2024-01-03 20:45:00,J-104,17,12,LOW
2024-01-03 20:45:00,J-105,12,13,LOW
2024-01-03 20:45:00,J-106,7,11,LOW
2024-01-03 20:45:00,J-107,5,10,LOW
2024-01-03 20:45:00,J-108,33,14,LOW
2024-01-03 21:00:00,J-101,33,13,LOW
2024-01-03 21:00:00,J-102,30,13,LOW
2024-01-03 21:00:00,J-103,16,10,LOW
2024-01-03 21:00:00,J-104,18,13,LOW
2024-01-03 21:00:00,J-105,11,11,LOW
2024-01-03 21:00:00,J-106,7,11,LOW
2024-01-03 21:00:00,J-107,6,13,LOW
2024-01-03 21:00:00,J-108,28,12,LOW
2024-01-03 21:15:00,J-101,25,10,LOW
2024-01-03 21:15:00,J-102,20,9,LOW
2024-01-03 21:15:00,J-103,11,7,LOW
2024-01-03 21:15:00,J-104,13,9,LOW
2024-01-03 21:15:00,J-105,9,9,LOW
2024-01-03 21:15:00,J-106,5,8,LOW
2024-01-03 21:15:00,J-107,4,8,LOW
2024-01-03 21:15:00,J-108,24,10,LOW
2024-01-03 21:30:00,J-101,25,10,LOW
2024-01-03 21:30:00,J-102,24,11,LOW
2024-01-03 21:30:00,J-103,16,10,LOW
2024-01-03 21:30:00,J-104,14,10,LOW
2024-01-03 21:30:00,J-105,8,8,LOW
2024-01-03 21:30:00,J-106,6,9,LOW
2024-01-03 21:30:00,J-107,5,10,LOW
2024-01-03 21:30:00,J-108,30,13,LOW
2024-01-03 21:45:00,J-101,29,11,LOW
2024-01-03 21:45:00,J-102,25,11,LOW
2024-01-03 21:45:00,J-103,19,12,LOW
2024-01-03 21:45:00,J-104,15,10,LOW
2024-01-03 21:45:00,J-105,13,14,LOW
2024-01-03 21:45:00,J-106,7,11,LOW
2024-01-03 21:45:00,J-107,6,13,LOW
2024-01-03 21:45:00,J-108,24,10,LOW
2024-01-03 22:00:00,J-101,25,10,LOW
2024-01-03 22:00:00,J-102,24,11,LOW
2024-01-03 22:00:00,J-103,20,13,LOW
2024-01-03 22:00:00,J-104,18,13,LOW
2024-01-03 22:00:00,J-105,10,10,LOW
2024-01-03 22:00:00,J-106,7,11,LOW
2024-01-03 22:00:00,J-107,5,10,LOW
2024-01-03 22:00:00,J-108,31,13,LOW
2024-01-03 22:15:00,J-101,36,14,LOW
2024-01-03 22:15:00,J-102,31,14,LOW
2024-01-03 22:15:00,J-103,20,13,LOW
2024-01-03 22:15:00,J-104,20,14,LOW
2024-01-03 22:15:00,J-105,10,10,LOW
2024-01-03 22:15:00,J-106,7,11,LOW
2024-01-03 22:15:00,J-107,4,8,LOW
2024-01-03 22:15:00,J-108,37,16,LOW
2024-01-03 22:30:00,J-101,37,15,LOW
2024-01-03 22:30:00,J-102,28,13,LOW
2024-01-03 22:30:00,J-103,20,13,LOW
2024-01-03 22:30:00,J-104,18,13,LOW
2024-01-03 22:30:00,J-105,13,14,LOW
2024-01-03 22:30:00,J-106,6,9,LOW
2024-01-03 22:30:00,J-107,4,8,LOW
2024-01-03 22:30:00,J-108,28,12,LOW
2024-01-03 22:45:00,J-101,25,10,LOW
2024-01-03 22:45:00,J-102,21,9,LOW
2024-01-03 22:45:00,J-103,19,12,LOW
2024-01-03 22:45:00,J-104,13,9,LOW
2024-01-03 22:45:00,J-105,10,10,LOW
2024-01-03 22:45:00,J-106,5,8,LOW
2024-01-03 22:45:00,J-107,4,8,LOW
2024-01-03 22:45:00,J-108,22,9,LOW
2024-01-03 23:00:00,J-101,23,9,LOW
2024-01-03 23:00:00,J-102,20,9,LOW
2024-01-03 23:00:00,J-103,11,7,LOW
2024-01-03 23:00:00,J-104,8,5,LOW
2024-01-03 23:00:00,J-105,8,8,LOW
2024-01-03 23:00:00,J-106,5,8,LOW
2024-01-03 23:00:00,J-107,3,6,LOW
2024-01-03 23:00:00,J-108,19,8,LOW
2024-01-03 23:15:00,J-101,34,13,LOW
2024-01-03 23:15:00,J-102,29,13,LOW
2024-01-03 23:15:00,J-103,20,13,LOW
2024-01-03 23:15:00,J-104,18,13,LOW
2024-01-03 23:15:00,J-105,10,10,LOW
2024-01-03 23:15:00,J-106,9,14,LOW
2024-01-03 23:15:00,J-107,4,8,LOW
2024-01-03 23:15:00,J-108,30,13,LOW
2024-01-03 23:30:00,J-101,28,11,LOW
2024-01-03 23:30:00,J-102,28,13,LOW
2024-01-03 23:30:00,J-103,19,12,LOW
2024-01-03 23:30:00,J-104,16,11,LOW
2024-01-03 23:30:00,J-105,13,14,LOW
2024-01-03 23:30:00,J-106,8,13,LOW
2024-01-03 23:30:00,J-107,6,13,LOW
2024-01-03 23:30:00,J-108,25,,LOW
2024-01-03 23:45:00,J-101,31,,LOW
2024-01-03 23:45:00,J-102,24,11,LOW
2024-01-03 23:45:00,J-103,15,9,LOW
2024-01-03 23:45:00,J-104,14,10,LOW
2024-01-03 23:45:00,J-105,10,10,LOW
2024-01-03 23:45:00,J-106,7,11,LOW
2024-01-03 23:45:00,J-107,5,10,LOW
2024-01-03 23:45:00,J-108,29,12,LOW
2024-01-04 00:00:00,J-101,26,10,LOW
2024-01-04 00:00:00,J-102,29,13,LOW
2024-01-04 00:00:00,J-103,18,11,LOW
2024-01-04 00:00:00,J-104,21,15,LOW
2024-01-04 00:00:00,J-105,,10,LOW
2024-01-04 00:00:00,J-106,6,9,LOW
2024-01-04 00:00:00,J-107,4,8,LOW
2024-01-04 00:00:00,J-108,30,13,LOW
2024-01-04 00:15:00,J-101,31,12,LOW
2024-01-04 00:15:00,J-102,26,12,LOW
2024-01-04 00:15:00,J-103,20,13,LOW
2024-01-04 00:15:00,J-104,13,9,LOW
2024-01-04 00:15:00,J-105,12,13,LOW
2024-01-04 00:15:00,J-106,7,11,LOW
2024-01-04 00:15:00,J-107,5,10,LOW
2024-01-04 00:15:00,J-108,36,15,LOW
2024-01-04 00:30:00,J-101,27,10,LOW
2024-01-04 00:30:00,J-102,27,12,LOW
2024-01-04 00:30:00,J-103,17,11,LOW
2024-01-04 00:30:00,J-104,16,11,LOW
2024-01-04 00:30:00,J-105,8,8,LOW
2024-01-04 00:30:00,J-106,6,9,LOW
2024-01-04 00:30:00,J-107,5,10,LOW
2024-01-04 00:30:00,J-108,26,11,LOW
2024-01-04 00:45:00,J-101,30,12,LOW
2024-01-04 00:45:00,J-102,24,11,LOW
2024-01-04 00:45:00,J-103,18,11,LOW
2024-01-04 00:45:00,J-104,19,13,LOW
2024-01-04 00:45:00,J-105,14,15,LOW
2024-01-04 00:45:00,J-106,8,13,LOW
2024-01-04 00:45:00,J-107,5,10,LOW
2024-01-04 00:45:00,J-108,29,12,LOW
2024-01-04 01:00:00,J-101,4,1,LOW
2024-01-04 01:00:00,J-102,4,1,LOW
2024-01-04 01:00:00,J-103,2,1,LOW
2024-01-04 01:00:00,J-104,1,0,LOW
2024-01-04 01:00:00,J-105,1,1,LOW
2024-01-04 01:00:00,J-106,1,1,LOW
2024-01-04 01:00:00,J-107,0,0,LOW
2024-01-04 01:00:00,J-108,4,1,LOW
2024-01-04 01:15:00,J-101,4,1,LOW
2024-01-04 01:15:00,J-102,4,1,LOW
2024-01-04 01:15:00,J-103,2,1,LOW
2024-01-04 01:15:00,J-104,2,1,LOW
2024-01-04 01:15:00,J-105,1,1,LOW
2024-01-04 01:15:00,J-106,1,1,LOW
2024-01-04 01:15:00,J-107,0,0,LOW
2024-01-04 01:15:00,J-108,4,1,LOW
2024-01-04 01:30:00,J-101,4,1,LOW
2024-01-04 01:30:00,J-102,3,1,LOW
2024-01-04 01:30:00,J-103,3,1,LOW
2024-01-04 01:30:00,J-104,2,1,LOW
2024-01-04 01:30:00,J-105,1,1,LOW
2024-01-04 01:30:00,J-106,1,1,LOW
2024-01-04 01:30:00,J-107,0,0,LOW
2024-01-04 01:30:00,J-108,4,1,LOW
2024-01-04 01:45:00,J-101,3,1,LOW
2024-01-04 01:45:00,J-102,3,1,LOW
2024-01-04 01:45:00,J-103,3,1,LOW
2024-01-04 01:45:00,J-104,2,1,LOW
2024-01-04 01:45:00,J-105,1,1,LOW
2024-01-04 01:45:00,J-106,1,1,LOW
2024-01-04 01:45:00,J-107,0,0,LOW
2024-01-04 01:45:00,J-108,4,1,LOW
2024-01-04 02:00:00,J-101,5,2,LOW
2024-01-04 02:00:00,J-102,3,1,LOW
2024-01-04 02:00:00,J-103,2,1,LOW
2024-01-04 02:00:00,J-104,2,1,LOW
2024-01-04 02:00:00,J-105,1,1,LOW
2024-01-04 02:00:00,J-106,1,1,LOW
2024-01-04 02:00:00,J-107,0,0,LOW
2024-01-04 02:00:00,J-108,4,1,LOW
2024-01-04 02:15:00,J-101,4,1,LOW
2024-01-04 02:15:00,J-102,3,1,LOW
2024-01-04 02:15:00,J-103,3,1,LOW
2024-01-04 02:15:00,J-104,2,1,LOW
2024-01-04 02:15:00,J-105,1,1,LOW
2024-01-04 02:15:00,J-106,1,1,LOW
2024-01-04 02:15:00,J-107,0,0,LOW
2024-01-04 02:15:00,J-108,5,2,LOW
2024-01-04 02:30:00,J-101,4,1,LOW
2024-01-04 02:30:00,J-102,3,1,LOW
2024-01-04 02:30:00,J-103,3,1,LOW
2024-01-04 02:30:00,J-104,3,2,LOW
2024-01-04 02:30:00,J-105,2,2,LOW
2024-01-04 02:30:00,J-106,0,0,LOW
2024-01-04 02:30:00,J-107,0,0,LOW
2024-01-04 02:30:00,J-108,4,1,LOW
2024-01-04 02:45:00,J-101,4,1,LOW
2024-01-04 02:45:00,J-102,3,1,LOW
2024-01-04 02:45:00,J-103,3,1,LOW
2024-01-04 02:45:00,J-104,2,1,LOW
2024-01-04 02:45:00,J-105,2,2,LOW
2024-01-04 02:45:00,J-106,1,1,LOW
2024-01-04 02:45:00,J-107,0,0,LOW
2024-01-04 02:45:00,J-108,3,1,LOW
2024-01-04 03:00:00,J-101,4,1,LOW
2024-01-04 03:00:00,J-102,3,1,LOW
2024-01-04 03:00:00,J-103,3,1,LOW
2024-01-04 03:00:00,J-104,2,1,LOW
2024-01-04 03:00:00,J-105,1,1,LOW
2024-01-04 03:00:00,J-106,1,1,LOW
2024-01-04 03:00:00,J-107,0,0,LOW
2024-01-04 03:00:00,J-108,4,1,LOW
2024-01-04 03:15:00,J-101,4,1,LOW
2024-01-04 03:15:00,J-102,4,1,LOW
2024-01-04 03:15:00,J-103,3,1,LOW
2024-01-04 03:15:00,J-104,3,2,LOW
2024-01-04 03:15:00,J-105,1,1,LOW
2024-01-04 03:15:00,J-106,1,1,LOW
2024-01-04 03:15:00,J-107,0,0,LOW
2024-01-04 03:15:00,J-108,4,1,LOW
2024-01-04 03:30:00,J-101,4,1,LOW
2024-01-04 03:30:00,J-102,2,0,LOW
2024-01-04 03:30:00,J-103,3,1,LOW
2024-01-04 03:30:00,J-104,2,1,LOW
2024-01-04 03:30:00,J-105,1,1,LOW
2024-01-04 03:30:00,J-106,1,1,LOW
2024-01-04 03:30:00,J-107,0,0,LOW
2024-01-04 03:30:00,J-108,4,1,LOW
2024-01-04 03:45:00,J-101,3,1,LOW
2024-01-04 03:45:00,J-102,3,1,LOW
2024-01-04 03:45:00,J-103,2,1,LOW
2024-01-04 03:45:00,J-104,2,1,LOW
2024-01-04 03:45:00,J-105,1,1,LOW
2024-01-04 03:45:00,J-106,1,1,LOW
2024-01-04 03:45:00,J-107,0,0,LOW
2024-01-04 03:45:00,J-108,4,1,LOW
2024-01-04 04:00:00,J-101,5,2,LOW
2024-01-04 04:00:00,J-102,3,1,LOW
2024-01-04 04:00:00,J-103,2,1,LOW
2024-01-04 04:00:00,J-104,2,1,LOW
2024-01-04 04:00:00,J-105,1,1,LOW
2024-01-04 04:00:00,J-106,1,1,LOW
2024-01-04 04:00:00,J-107,0,0,LOW
2024-01-04 04:00:00,J-108,4,1,LOW
2024-01-04 04:15:00,J-101,6,2,LOW
2024-01-04 04:15:00,J-102,4,1,LOW
2024-01-04 04:15:00,J-103,3,1,LOW
2024-01-04 04:15:00,J-104,2,1,LOW
2024-01-04 04:15:00,J-105,2,2,LOW
2024-01-04 04:15:00,J-106,1,1,LOW
2024-01-04 04:15:00,J-107,0,0,LOW
2024-01-04 04:15:00,J-108,4,1,LOW
2024-01-04 04:30:00,J-101,2,0,LOW
2024-01-04 04:30:00,J-102,,0,LOW
2024-01-04 04:30:00,J-103,2,1,LOW
2024-01-04 04:30:00,J-104,1,0,LOW
2024-01-04 04:30:00,J-105,1,1,LOW
2024-01-04 04:30:00,J-106,0,0,LOW
2024-01-04 04:30:00,J-107,0,0,LOW
2024-01-04 04:30:00,J-108,2,0,LOW
2024-01-04 04:45:00,J-101,5,2,LOW
2024-01-04 04:45:00,J-102,3,1,LOW
2024-01-04 04:45:00,J-103,2,1,LOW
2024-01-04 04:45:00,J-104,3,2,LOW
2024-01-04 04:45:00,J-105,1,1,LOW
2024-01-04 04:45:00,J-106,1,1,LOW
2024-01-04 04:45:00,J-107,1,2,LOW
2024-01-04 04:45:00,J-108,4,1,LOW
2024-01-04 05:00:00,J-101,4,1,LOW
2024-01-04 05:00:00,J-102,4,1,LOW
2024-01-04 05:00:00,J-103,2,1,LOW
2024-01-04 05:00:00,J-104,2,1,LOW
2024-01-04 05:00:00,J-105,2,2,LOW
2024-01-04 05:00:00,J-106,1,1,LOW
2024-01-04 05:00:00,J-107,0,0,LOW
2024-01-04 05:00:00,J-108,4,1,LOW
2024-01-04 05:15:00,J-101,33,13,LOW
2024-01-04 05:15:00,J-102,28,13,LOW
2024-01-04 05:15:00,J-103,20,13,LOW
2024-01-04 05:15:00,J-104,14,10,LOW
2024-01-04 05:15:00,J-105,11,11,LOW
2024-01-04 05:15:00,J-106,7,11,LOW
2024-01-04 05:15:00,J-107,5,10,LOW
2024-01-04 05:15:00,J-108,22,9,LOW
2024-01-04 05:30:00,J-101,28,11,LOW
2024-01-04 05:30:00,J-102,17,7,LOW
2024-01-04 05:30:00,J-103,18,11,LOW
2024-01-04 05:30:00,J-104,15,10,LOW
2024-01-04 05:30:00,J-105,10,10,LOW
2024-01-04 05:30:00,J-106,5,8,LOW
2024-01-04 05:30:00,J-107,4,8,LOW
2024-01-04 05:30:00,J-108,28,12,LOW
2024-01-04 05:45:00,J-101,32,13,LOW
2024-01-04 05:45:00,J-102,31,14,LOW
2024-01-04 05:45:00,J-103,19,12,LOW
2024-01-04 05:45:00,J-104,18,13,LOW
2024-01-04 05:45:00,J-105,12,13,LOW
2024-01-04 05:45:00,J-106,8,13,LOW
2024-01-04 05:45:00,J-107,7,15,LOW
2024-01-04 05:45:00,J-108,29,12,LOW
2024-01-04 06:00:00,J-101,26,10,LOW
2024-01-04 06:00:00,J-102,18,8,LOW
2024-01-04 06:00:00,J-103,17,11,LOW
2024-01-04 06:00:00,J-104,20,14,LOW
2024-01-04 06:00:00,J-105,9,9,LOW
2024-01-04 06:00:00,J-106,8,13,LOW
2024-01-04 06:00:00,J-107,4,8,LOW
2024-01-04 06:00:00,J-108,23,9,LOW
2024-01-04 06:15:00,J-101,29,11,LOW
2024-01-04 06:15:00,J-102,29,13,LOW
2024-01-04 06:15:00,J-103,15,9,LOW
2024-01-04 06:15:00,J-104,14,10,LOW
2024-01-04 06:15:00,J-105,12,13,LOW
2024-01-04 06:15:00,J-106,6,9,LOW
2024-01-04 06:15:00,J-107,6,13,LOW
2024-01-04 06:15:00,J-108,27,11,LOW
2024-01-04 06:30:00,J-101,29,11,LOW
2024-01-04 06:30:00,J-102,23,10,LOW
2024-01-04 06:30:00,J-103,24,15,LOW
2024-01-04 06:30:00,J-104,18,13,LOW
2024-01-04 06:30:00,J-105,12,13,LOW
2024-01-04 06:30:00,J-106,8,13,LOW
2024-01-04 06:30:00,J-107,7,15,LOW
2024-01-04 06:30:00,J-108,32,13,LOW
2024-01-04 06:45:00,J-101,31,12,LOW
2024-01-04 06:45:00,J-102,31,14,LOW
2024-01-04 06:45:00,J-103,22,14,LOW
2024-01-04 06:45:00,J-104,17,12,LOW
2024-01-04 06:45:00,J-105,12,13,LOW
2024-01-04 06:45:00,J-106,6,9,LOW
2024-01-04 06:45:00,J-107,6,13,LOW
2024-01-04 06:45:00,J-108,21,9,LOW
2024-01-04 07:00:00,J-101,27,10,LOW
2024-01-04 07:00:00,J-102,27,12,LOW
2024-01-04 07:00:00,J-103,19,12,LOW
2024-01-04 07:00:00,J-104,18,13,LOW
2024-01-04 07:00:00,J-105,14,15,LOW
2024-01-04 07:00:00,J-106,6,9,LOW
2024-01-04 07:00:00,J-107,5,10,LOW
2024-01-04 07:00:00,J-108,26,11,LOW
2024-01-04 07:15:00,J-101,29,11,LOW
2024-01-04 07:15:00,J-102,29,13,LOW
2024-01-04 07:15:00,J-103,18,11,LOW
2024-01-04 07:15:00,J-104,14,10,LOW
2024-01-04 07:15:00,J-105,14,15,LOW
2024-01-04 07:15:00,J-106,8,13,LOW
2024-01-04 07:15:00,J-107,5,10,LOW
2024-01-04 07:15:00,J-108,33,14,LOW
2024-01-04 07:30:00,J-101,81,32,LOW
2024-01-04 07:30:00,J-102,60,27,LOW
2024-01-04 07:30:00,J-103,47,30,LOW
2024-01-04 07:30:00,J-104,35,25,LOW
2024-01-04 07:30:00,J-105,22,23,LOW
2024-01-04 07:30:00,J-106,22,35,LOW
2024-01-04 07:30:00,J-107,14,30,LOW
2024-01-04 07:30:00,J-108,55,23,LOW
2024-01-04 07:45:00,J-101,104,42,MODERATE
2024-01-04 07:45:00,J-102,66,30,LOW
2024-01-04 07:45:00,J-103,68,44,MODERATE
2024-01-04 07:45:00,J-104,58,41,MODERATE
2024-01-04 07:45:00,J-105,41,44,MODERATE
2024-01-04 07:45:00,J-106,28,45,MODERATE
2024-01-04 07:45:00,J-107,15,32,LOW
2024-01-04 07:45:00,J-108,104,45,MODERATE
2024-01-04 08:00:00,J-101,139,56,MODERATE
2024-01-04 08:00:00,J-102,103,47,MODERATE
2024-01-04 08:00:00,J-103,76,49,MODERATE
2024-01-04 08:00:00,J-104,79,57,MODERATE
2024-01-04 08:00:00,J-105,46,49,MODERATE
2024-01-04 08:00:00,J-106,,48,MODERATE
2024-01-04 08:00:00,J-107,25,54,MODERATE
2024-01-04 08:00:00,J-108,118,51,MODERATE
2024-01-04 08:15:00,J-101,138,56,MODERATE
2024-01-04 08:15:00,J-102,101,46,MODERATE
2024-01-04 08:15:00,J-103,93,60,MODERATE
2024-01-04 08:15:00,J-104,69,49,MODERATE
2024-01-04 08:15:00,J-105,43,46,MODERATE
2024-01-04 08:15:00,J-106,33,53,MODERATE
2024-01-04 08:15:00,J-107,24,52,MODERATE
2024-01-04 08:15:00,J-108,110,47,MODERATE
2024-01-04 08:30:00,J-101,117,47,MODERATE
2024-01-04 08:30:00,J-102,130,60,MODERATE
2024-01-04 08:30:00,J-103,107,69,MODERATE
2024-01-04 08:30:00,J-104,72,52,MODERATE
2024-01-04 08:30:00,J-105,51,55,MODERATE
2024-01-04 08:30:00,J-106,29,47,MODERATE
2024-01-04 08:30:00,J-107,27,58,MODERATE
2024-01-04 08:30:00,J-108,132,57,MODERATE
2024-01-04 08:45:00,J-101,110,44,MODERATE
2024-01-04 08:45:00,J-102,88,40,MODERATE
2024-01-04 08:45:00,J-103,76,49,MODERATE
2024-01-04 08:45:00,J-104,55,39,LOW
2024-01-04 08:45:00,J-105,32,34,LOW
2024-01-04 08:45:00,J-106,25,40,MODERATE
2024-01-04 08:45:00,J-107,21,45,MODERATE
2024-01-04 08:45:00,J-108,113,48,MODERATE
2024-01-04 09:00:00,J-101,152,61,MODERATE
2024-01-04 09:00:00,J-102,143,66,MODERATE
2024-01-04 09:00:00,J-103,61,39,LOW
2024-01-04 09:00:00,J-104,77,55,MODERATE
2024-01-04 09:00:00,J-105,57,61,MODERATE
2024-01-04 09:00:00,J-106,36,58,MODERATE
2024-01-04 09:00:00,J-107,23,49,MODERATE
2024-01-04 09:00:00,J-108,112,48,MODERATE
2024-01-04 09:15:00,J-101,156,63,MODERATE
2024-01-04 09:15:00,J-102,99,45,MODERATE
2024-01-04 09:15:00,J-103,84,54,MODERATE
2024-01-04 09:15:00,J-104,55,39,LOW
2024-01-04 09:15:00,J-105,,63,MODERATE
2024-01-04 09:15:00,J-106,32,52,MODERATE
2024-01-04 09:15:00,J-107,28,60,MODERATE
2024-01-04 09:15:00,J-108,127,55,MODERATE
2024-01-04 09:30:00,J-101,123,49,MODERATE
2024-01-04 09:30:00,J-102,118,54,MODERATE
2024-01-04 09:30:00,J-103,80,52,MODERATE
2024-01-04 09:30:00,J-104,59,42,MODERATE
2024-01-04 09:30:00,J-105,47,50,MODERATE
2024-01-04 09:30:00,J-106,24,39,LOW
2024-01-04 09:30:00,J-107,26,56,MODERATE
2024-01-04 09:30:00,J-108,112,48,MODERATE
2024-01-04 09:45:00,J-101,115,46,MODERATE
2024-01-04 09:45:00,J-102,90,41,MODERATE
2024-01-04 09:45:00,J-103,64,41,MODERATE
2024-01-04 09:45:00,J-104,56,40,MODERATE
2024-01-04 09:45:00,J-105,46,49,MODERATE
2024-01-04 09:45:00,J-106,25,40,MODERATE
2024-01-04 09:45:00,J-107,16,34,LOW
2024-01-04 09:45:00,J-108,65,28,LOW
2024-01-04 10:00:00,J-101,82,33,LOW
2024-01-04 10:00:00,J-102,81,37,LOW
2024-01-04 10:00:00,J-103,51,33,LOW
2024-01-04 10:00:00,J-104,33,23,LOW
2024-01-04 10:00:00,J-105,27,29,LOW
2024-01-04 10:00:00,J-106,17,27,LOW
2024-01-04 10:00:00,J-107,16,34,LOW
2024-01-04 10:00:00,J-108,72,31,LOW
2024-01-04 10:15:00,J-101,22,8,LOW
2024-01-04 10:15:00,J-102,27,12,LOW
2024-01-04 10:15:00,J-103,23,14,LOW
2024-01-04 10:15:00,J-104,17,12,LOW
2024-01-04 10:15:00,J-105,10,10,LOW
2024-01-04 10:15:00,J-106,7,11,LOW
2024-01-04 10:15:00,J-107,5,10,LOW
2024-01-04 10:15:00,J-108,24,10,LOW
2024-01-04 10:30:00,J-101,18,7,LOW
2024-01-04 10:30:00,J-102,15,6,LOW
2024-01-04 10:30:00,J-103,9,5,LOW
2024-01-04 10:30:00,J-104,10,7,LOW
2024-01-04 10:30:00,J-105,6,6,LOW
2024-01-04 10:30:00,J-106,5,8,LOW
2024-01-04 10:30:00,J-107,3,6,LOW
2024-01-04 10:30:00,J-108,19,8,LOW
2024-01-04 10:45:00,J-101,32,13,LOW
2024-01-04 10:45:00,J-102,27,12,LOW
2024-01-04 10:45:00,J-103,16,10,LOW
2024-01-04 10:45:00,J-104,17,12,LOW
2024-01-04 10:45:00,J-105,15,16,LOW
2024-01-04 10:45:00,J-106,7,11,LOW
2024-01-04 10:45:00,J-107,6,13,LOW
2024-01-04 10:45:00,J-108,28,12,LOW
2024-01-04 11:00:00,J-101,25,10,LOW
2024-01-04 11:00:00,J-102,18,8,LOW
2024-01-04 11:00:00,J-103,12,7,LOW
2024-01-04 11:00:00,J-104,10,7,LOW
2024-01-04 11:00:00,J-105,6,6,LOW
2024-01-04 11:00:00,J-106,4,6,LOW
2024-01-04 11:00:00,J-107,3,6,LOW
2024-01-04 11:00:00,J-108,20,8,LOW
2024-01-04 11:15:00,J-101,29,11,LOW
2024-01-04 11:15:00,J-102,34,15,LOW
2024-01-04 11:15:00,J-103,22,14,LOW
2024-01-04 11:15:00,J-104,20,14,LOW
2024-01-04 11:15:00,J-105,11,11,LOW
2024-01-04 11:15:00,J-106,8,13,LOW
2024-01-04 11:15:00,J-107,7,15,LOW
2024-01-04 11:15:00,J-108,32,13,LOW
2024-01-04 11:30:00,J-101,32,13,LOW
2024-01-04 11:30:00,J-102,22,10,LOW
2024-01-04 11:30:00,J-103,22,14,LOW
2024-01-04 11:30:00,J-104,17,12,LOW
2024-01-04 11:30:00,J-105,13,14,LOW
2024-01-04 11:30:00,J-106,8,13,LOW
2024-01-04 11:30:00,J-107,5,10,LOW
2024-01-04 11:30:00,J-108,28,12,LOW
2024-01-04 11:45:00,J-101,24,9,LOW
2024-01-04 11:45:00,J-102,22,10,LOW
2024-01-04 11:45:00,J-103,12,7,LOW
2024-01-04 11:45:00,J-104,9,6,LOW
2024-01-04 11:45:00,J-105,9,9,LOW
2024-01-04 11:45:00,J-106,5,8,LOW
2024-01-04 11:45:00,J-107,3,6,LOW
2024-01-04 11:45:00,J-108,18,7,LOW
2024-01-04 12:00:00,J-101,69,28,LOW
2024-01-04 12:00:00,J-102,60,27,LOW
2024-01-04 12:00:00,J-103,39,25,LOW
2024-01-04 12:00:00,J-104,32,23,LOW
2024-01-04 12:00:00,J-105,25,27,LOW
2024-01-04 12:00:00,J-106,13,21,LOW
2024-01-04 12:00:00,J-107,12,26,LOW
2024-01-04 12:00:00,J-108,54,23,LOW
2024-01-04 12:15:00,J-101,74,30,LOW
2024-01-04 12:15:00,J-102,61,28,LOW
2024-01-04 12:15:00,J-103,34,22,LOW
2024-01-04 12:15:00,J-104,34,24,LOW
2024-01-04 12:15:00,J-105,23,24,LOW
2024-01-04 12:15:00,J-106,13,21,LOW
2024-01-04 12:15:00,J-107,10,21,LOW
2024-01-04 12:15:00,J-108,65,28,LOW
2024-01-04 12:30:00,J-101,54,21,LOW
2024-01-04 12:30:00,J-102,56,26,LOW
2024-01-04 12:30:00,J-103,29,18,LOW
2024-01-04 12:30:00,J-104,27,19,LOW
2024-01-04 12:30:00,J-105,20,21,LOW
2024-01-04 12:30:00,J-106,14,22,LOW
2024-01-04 12:30:00,J-107,9,19,LOW
2024-01-04 12:30:00,J-108,55,23,LOW
2024-01-04 12:45:00,J-101,58,23,LOW
2024-01-04 12:45:00,J-102,50,23,LOW
2024-01-04 12:45:00,J-103,34,22,LOW
2024-01-04 12:45:00,J-104,33,23,LOW
2024-01-04 12:45:00,J-105,17,18,LOW
2024-01-04 12:45:00,J-106,14,22,LOW
2024-01-04 12:45:00,J-107,10,21,LOW
2024-01-04 12:45:00,J-108,51,22,LOW
2024-01-04 13:00:00,J-101,68,27,LOW
2024-01-04 13:00:00,J-102,57,26,LOW
2024-01-04 13:00:00,J-103,36,23,LOW
2024-01-04 13:00:00,J-104,31,22,LOW
2024-01-04 13:00:00,J-105,23,24,LOW
2024-01-04 13:00:00,J-106,14,22,LOW
2024-01-04 13:00:00,J-107,10,21,LOW
2024-01-04 13:00:00,J-108,59,25,LOW
2024-01-04 13:15:00,J-101,63,25,LOW
2024-01-04 13:15:00,J-102,41,19,LOW
2024-01-04 13:15:00,J-103,39,25,LOW
2024-01-04 13:15:00,J-104,40,28,LOW
2024-01-04 13:15:00,J-105,24,26,LOW
2024-01-04 13:15:00,J-106,12,19,LOW
2024-01-04 13:15:00,J-107,12,26,LOW
2024-01-04 13:15:00,J-108,62,26,LOW
2024-01-04 13:30:00,J-101,60,24,LOW
2024-01-04 13:30:00,J-102,50,23,LOW
2024-01-04 13:30:00,J-103,31,20,LOW
2024-01-04 13:30:00,J-104,36,26,LOW
2024-01-04 13:30:00,J-105,24,26,LOW
2024-01-04 13:30:00,J-106,12,19,LOW
2024-01-04 13:30:00,J-107,11,23,LOW
2024-01-04 13:30:00,J-108,47,20,LOW
2024-01-04 13:45:00,J-101,28,11,LOW
2024-01-04 13:45:00,J-102,24,11,LOW
2024-01-04 13:45:00,J-103,16,10,LOW
2024-01-04 13:45:00,J-104,18,13,LOW
2024-01-04 13:45:00,J-105,10,10,LOW
2024-01-04 13:45:00,J-106,7,11,LOW
2024-01-04 13:45:00,J-107,5,10,LOW
2024-01-04 13:45:00,J-108,31,13,LOW
2024-01-04 14:00:00,J-101,33,13,LOW
2024-01-04 14:00:00,J-102,28,13,LOW
2024-01-04 14:00:00,J-103,21,13,LOW
2024-01-04 14:00:00,J-104,18,13,LOW
2024-01-04 14:00:00,J-105,13,14,LOW
2024-01-04 14:00:00,J-106,8,13,LOW
2024-01-04 14:00:00,J-107,6,13,LOW
2024-01-04 14:00:00,J-108,25,10,LOW
2024-01-04 14:15:00,J-101,21,8,LOW
2024-01-04 14:15:00,J-102,19,8,LOW
2024-01-04 14:15:00,J-103,12,7,LOW
2024-01-04 14:15:00,J-104,12,8,LOW
2024-01-04 14:15:00,J-105,6,6,LOW
2024-01-04 14:15:00,J-106,3,4,LOW
2024-01-04 14:15:00,J-107,3,6,LOW
2024-01-04 14:15:00,J-108,17,7,LOW
2024-01-04 14:30:00,J-101,15,6,LOW
2024-01-04 14:30:00,J-102,17,7,LOW
2024-01-04 14:30:00,J-103,11,7,LOW
2024-01-04 14:30:00,J-104,10,7,LOW
2024-01-04 14:30:00,J-105,5,5,LOW
2024-01-04 14:30:00,J-106,4,6,LOW
2024-01-04 14:30:00,J-107,4,8,LOW
2024-01-04 14:30:00,J-108,13,5,LOW
2024-01-04 14:45:00,J-101,31,12,LOW
2024-01-04 14:45:00,J-102,30,13,LOW
2024-01-04 14:45:00,J-103,20,13,LOW
2024-01-04 14:45:00,J-104,15,10,LOW
2024-01-04 14:45:00,J-105,11,11,LOW
2024-01-04 14:45:00,J-106,6,9,LOW
2024-01-04 14:45:00,J-107,6,13,LOW
2024-01-04 14:45:00,J-108,35,15,LOW
2024-01-04 15:00:00,J-101,,13,LOW
2024-01-04 15:00:00,J-102,24,11,LOW
2024-01-04 15:00:00,J-103,23,14,LOW
2024-01-04 15:00:00,J-104,19,13,LOW
2024-01-04 15:00:00,J-105,11,11,LOW
2024-01-04 15:00:00,J-106,8,13,LOW
2024-01-04 15:00:00,J-107,6,13,LOW
2024-01-04 15:00:00,J-108,38,16,LOW
2024-01-04 15:15:00,J-101,31,12,LOW
2024-01-04 15:15:00,J-102,24,11,LOW
2024-01-04 15:15:00,J-103,20,13,LOW
2024-01-04 15:15:00,J-104,16,11,LOW
2024-01-04 15:15:00,J-105,12,13,LOW
2024-01-04 15:15:00,J-106,8,13,LOW
2024-01-04 15:15:00,J-107,6,13,LOW
2024-01-04 15:15:00,J-108,32,13,LOW
2024-01-04 15:30:00,J-101,32,13,LOW
2024-01-04 15:30:00,J-102,26,12,LOW
2024-01-04 15:30:00,J-103,20,13,LOW
2024-01-04 15:30:00,J-104,17,12,LOW
2024-01-04 15:30:00,J-105,11,11,LOW
2024-01-04 15:30:00,J-106,5,8,LOW
2024-01-04 15:30:00,J-107,5,10,LOW
2024-01-04 15:30:00,J-108,23,9,LOW
2024-01-04 15:45:00,J-101,39,15,LOW
2024-01-04 15:45:00,J-102,27,12,LOW
2024-01-04 15:45:00,J-103,18,11,LOW
2024-01-04 15:45:00,J-104,15,10,LOW
2024-01-04 15:45:00,J-105,11,11,LOW
2024-01-04 15:45:00,J-106,8,13,LOW
2024-01-04 15:45:00,J-107,5,10,LOW
2024-01-04 15:45:00,J-108,27,11,LOW
2024-01-04 16:00:00,J-101,25,10,LOW
2024-01-04 16:00:00,J-102,19,8,LOW
2024-01-04 16:00:00,J-103,11,7,LOW
2024-01-04 16:00:00,J-104,14,10,LOW
2024-01-04 16:00:00,J-105,10,10,LOW
2024-01-04 16:00:00,J-106,6,9,LOW
2024-01-04 16:00:00,J-107,5,10,LOW
2024-01-04 16:00:00,J-108,18,7,LOW
2024-01-04 16:15:00,J-101,33,13,LOW
2024-01-04 16:15:00,J-102,30,13,LOW
2024-01-04 16:15:00,J-103,21,13,LOW
2024-01-04 16:15:00,J-104,15,10,LOW
2024-01-04 16:15:00,J-105,14,15,LOW
2024-01-04 16:15:00,J-106,7,11,LOW
2024-01-04 16:15:00,J-107,5,10,LOW
2024-01-04 16:15:00,J-108,22,9,LOW
2024-01-04 16:30:00,J-101,127,51,MODERATE
2024-01-04 16:30:00,J-102,101,46,MODERATE
2024-01-04 16:30:00,J-103,57,37,LOW
2024-01-04 16:30:00,J-104,47,33,LOW
2024-01-04 16:30:00,J-105,36,39,LOW
2024-01-04 16:30:00,J-106,26,42,MODERATE
2024-01-04 16:30:00,J-107,15,32,LOW
2024-01-04 16:30:00,J-108,99,42,MODERATE
2024-01-04 16:45:00,J-101,95,38,LOW
2024-01-04 16:45:00,J-102,84,39,LOW
2024-01-04 16:45:00,J-103,62,40,MODERATE
2024-01-04 16:45:00,J-104,52,37,LOW
2024-01-04 16:45:00,J-105,35,37,LOW
2024-01-04 16:45:00,J-106,25,40,MODERATE
2024-01-04 16:45:00,J-107,18,39,LOW
2024-01-04 16:45:00,J-108,86,37,LOW
2024-01-04 17:00:00,J-101,142,57,MODERATE
2024-01-04 17:00:00,J-102,109,50,MODERATE
2024-01-04 17:00:00,J-103,81,52,MODERATE
2024-01-04 17:00:00,J-104,70,50,MODERATE
2024-01-04 17:00:00,J-105,49,53,MODERATE
2024-01-04 17:00:00,J-106,29,47,MODERATE
2024-01-04 17:00:00,J-107,23,49,MODERATE
2024-01-04 17:00:00,J-108,134,58,MODERATE
2024-01-04 17:15:00,J-101,144,58,MODERATE
2024-01-04 17:15:00,J-102,121,56,MODERATE
2024-01-04 17:15:00,J-103,79,51,MODERATE
2024-01-04 17:15:00,J-104,61,44,MODERATE
2024-01-04 17:15:00,J-105,51,55,MODERATE
2024-01-04 17:15:00,J-106,31,50,MODERATE
2024-01-04 17:15:00,J-107,28,60,MODERATE
2024-01-04 17:15:00,J-108,140,60,MODERATE
2024-01-04 17:30:00,J-101,161,65,MODERATE
2024-01-04 17:30:00,J-102,102,47,MODERATE
2024-01-04 17:30:00,J-103,99,64,MODERATE
2024-01-04 17:30:00,J-104,95,68,MODERATE
2024-01-04 17:30:00,J-105,43,46,MODERATE
2024-01-04 17:30:00,J-106,30,48,MODERATE
2024-01-04 17:30:00,J-107,22,47,MODERATE
2024-01-04 17:30:00,J-108,119,51,MODERATE
2024-01-04 17:45:00,J-101,181,73,HIGH
2024-01-04 17:45:00,J-102,134,62,MODERATE
2024-01-04 17:45:00,J-103,100,65,MODERATE
2024-01-04 17:45:00,J-104,88,63,MODERATE
2024-01-04 17:45:00,J-105,59,63,MODERATE
2024-01-04 17:45:00,J-106,31,50,MODERATE
2024-01-04 17:45:00,J-107,29,62,MODERATE
2024-01-04 17:45:00,J-108,139,60,MODERATE
2024-01-04 18:00:00,J-101,161,65,MODERATE
2024-01-04 18:00:00,J-102,122,56,MODERATE
2024-01-04 18:00:00,J-103,90,58,MODERATE
2024-01-04 18:00:00,J-104,64,46,MODERATE
2024-01-04 18:00:00,J-105,65,70,HIGH
2024-01-04 18:00:00,J-106,36,58,MODERATE
2024-01-04 18:00:00,J-107,29,62,MODERATE
2024-01-04 18:00:00,J-108,127,55,MODERATE
2024-01-04 18:15:00,J-101,125,50,MODERATE
2024-01-04 18:15:00,J-102,123,57,MODERATE
2024-01-04 18:15:00,J-103,65,42,MODERATE
2024-01-04 18:15:00,J-104,75,54,MODERATE
2024-01-04 18:15:00,J-105,50,54,MODERATE
2024-01-04 18:15:00,J-106,31,50,MODERATE
2024-01-04 18:15:00,J-107,24,52,MODERATE
2024-01-04 18:15:00,J-108,139,60,MODERATE
2024-01-04 18:30:00,J-101,142,57,MODERATE
2024-01-04 18:30:00,J-102,156,72,HIGH
2024-01-04 18:30:00,J-103,110,71,HIGH
2024-01-04 18:30:00,J-104,85,61,MODERATE
2024-01-04 18:30:00,J-105,45,48,MODERATE
2024-01-04 18:30:00,J-106,42,68,MODERATE
2024-01-04 18:30:00,J-107,26,56,MODERATE
2024-01-04 18:30:00,J-108,167,72,HIGH
2024-01-04 18:45:00,J-101,142,57,MODERATE
2024-01-04 18:45:00,J-102,121,56,MODERATE
2024-01-04 18:45:00,J-103,97,63,MODERATE
2024-01-04 18:45:00,J-104,83,59,MODERATE
2024-01-04 18:45:00,J-105,58,62,MODERATE
2024-01-04 18:45:00,J-106,32,52,MODERATE
2024-01-04 18:45:00,J-107,26,56,MODERATE
2024-01-04 18:45:00,J-108,121,52,MODERATE
2024-01-04 19:00:00,J-101,98,39,LOW
2024-01-04 19:00:00,J-102,96,44,MODERATE
2024-01-04 19:00:00,J-103,67,43,MODERATE
2024-01-04 19:00:00,J-104,62,44,MODERATE
2024-01-04 19:00:00,J-105,35,37,LOW
2024-01-04 19:00:00,J-106,28,45,MODERATE
2024-01-04 19:00:00,J-107,19,41,MODERATE
2024-01-04 19:00:00,J-108,119,51,MODERATE
2024-01-04 19:15:00,J-101,105,42,MODERATE
2024-01-04 19:15:00,J-102,74,34,LOW
2024-01-04 19:15:00,J-103,65,42,MODERATE
2024-01-04 19:15:00,J-104,50,36,LOW
2024-01-04 19:15:00,J-105,29,31,LOW
2024-01-04 19:15:00,J-106,24,39,LOW
2024-01-04 19:15:00,J-107,17,36,LOW
2024-01-04 19:15:00,J-108,90,39,LOW
2024-01-04 19:30:00,J-101,76,30,LOW
2024-01-04 19:30:00,J-102,104,48,MODERATE
2024-01-04 19:30:00,J-103,61,39,LOW
2024-01-04 19:30:00,J-104,56,40,MODERATE
2024-01-04 19:30:00,J-105,,32,LOW
2024-01-04 19:30:00,J-106,24,39,LOW
2024-01-04 19:30:00,J-107,11,23,LOW
2024-01-04 19:30:00,J-108,93,40,MODERATE
2024-01-04 19:45:00,J-101,32,13,LOW
2024-01-04 19:45:00,J-102,29,13,LOW
2024-01-04 19:45:00,J-103,23,14,LOW
2024-01-04 19:45:00,J-104,17,12,LOW
2024-01-04 19:45:00,J-105,10,10,LOW
2024-01-04 19:45:00,J-106,6,9,LOW
2024-01-04 19:45:00,J-107,4,8,LOW
2024-01-04 19:45:00,J-108,27,11,LOW
2024-01-04 20:00:00,J-101,26,10,LOW
2024-01-04 20:00:00,J-102,25,11,LOW
2024-01-04 20:00:00,J-103,15,9,LOW
2024-01-04 20:00:00,J-104,13,9,LOW
2024-01-04 20:00:00,J-105,10,10,LOW
2024-01-04 20:00:00,J-106,6,9,LOW
2024-01-04 20:00:00,J-107,6,13,LOW
2024-01-04 20:00:00,J-108,30,13,LOW
2024-01-04 20:15:00,J-101,28,11,LOW
2024-01-04 20:15:00,J-102,28,13,LOW
2024-01-04 20:15:00,J-103,22,14,LOW
2024-01-04 20:15:00,J-104,16,11,LOW
2024-01-04 20:15:00,J-105,11,11,LOW
2024-01-04 20:15:00,J-106,8,13,LOW
2024-01-04 20:15:00,J-107,6,13,LOW
2024-01-04 20:15:00,J-108,26,11,LOW
2024-01-04 20:30:00,J-101,27,10,LOW
2024-01-04 20:30:00,J-102,32,14,LOW
2024-01-04 20:30:00,J-103,21,13,LOW
2024-01-04 20:30:00,J-104,17,12,LOW
2024-01-04 20:30:00,J-105,12,13,LOW
2024-01-04 20:30:00,J-106,6,9,LOW
2024-01-04 20:30:00,J-107,6,13,LOW
2024-01-04 20:30:00,J-108,27,11,LOW
2024-01-04 20:45:00,J-101,31,12,LOW
2024-01-04 20:45:00,J-102,20,9,LOW
2024-01-04 20:45:00,J-103,19,12,LOW
2024-01-04 20:45:00,J-104,17,12,LOW
2024-01-04 20:45:00,J-105,10,10,LOW
2024-01-04 20:45:00,J-106,5,8,LOW
2024-01-04 20:45:00,J-107,4,8,LOW
2024-01-04 20:45:00,J-108,29,12,LOW
2024-01-04 21:00:00,J-101,30,12,LOW
2024-01-04 21:00:00,J-102,32,14,LOW
2024-01-04 21:00:00,J-103,21,13,LOW
2024-01-04 21:00:00,J-104,15,10,LOW
2024-01-04 21:00:00,J-105,10,10,LOW
2024-01-04 21:00:00,J-106,7,11,LOW
2024-01-04 21:00:00,J-107,4,8,LOW
2024-01-04 21:00:00,J-108,33,14,LOW
2024-01-04 21:15:00,J-101,33,13,LOW
2024-01-04 21:15:00,J-102,27,12,LOW
2024-01-04 21:15:00,J-103,18,11,LOW
2024-01-04 21:15:00,J-104,16,11,LOW
2024-01-04 21:15:00,J-105,14,15,LOW
2024-01-04 21:15:00,J-106,6,9,LOW
2024-01-04 21:15:00,J-107,5,10,LOW
2024-01-04 21:15:00,J-108,19,8,LOW
2024-01-04 21:30:00,J-101,33,13,LOW
2024-01-04 21:30:00,J-102,26,12,LOW
2024-01-04 21:30:00,J-103,21,13,LOW
2024-01-04 21:30:00,J-104,17,12,LOW
2024-01-04 21:30:00,J-105,11,11,LOW
2024-01-04 21:30:00,J-106,9,14,LOW
2024-01-04 21:30:00,J-107,6,13,LOW
2024-01-04 21:30:00,J-108,34,14,LOW
2024-01-04 21:45:00,J-101,25,10,LOW
2024-01-04 21:45:00,J-102,28,13,LOW
2024-01-04 21:45:00,J-103,16,10,LOW
2024-01-04 21:45:00,J-104,11,7,LOW
2024-01-04 21:45:00,J-105,8,8,LOW
2024-01-04 21:45:00,J-106,7,11,LOW
2024-01-04 21:45:00,J-107,4,8,LOW
2024-01-04 21:45:00,J-108,24,10,LOW
2024-01-04 22:00:00,J-101,33,13,LOW
2024-01-04 22:00:00,J-102,30,13,LOW
2024-01-04 22:00:00,J-103,17,11,LOW
2024-01-04 22:00:00,J-104,20,14,LOW
2024-01-04 22:00:00,J-105,9,9,LOW
2024-01-04 22:00:00,J-106,8,13,LOW
2024-01-04 22:00:00,J-107,5,10,LOW
2024-01-04 22:00:00,J-108,29,12,LOW
2024-01-04 22:15:00,J-101,35,14,LOW
2024-01-04 22:15:00,J-102,25,11,LOW
2024-01-04 22:15:00,J-103,20,13,LOW
2024-01-04 22:15:00,J-104,15,10,LOW
2024-01-04 22:15:00,J-105,11,11,LOW
2024-01-04 22:15:00,J-106,8,13,LOW
2024-01-04 22:15:00,J-107,7,15,LOW
2024-01-04 22:15:00,J-108,29,12,LOW
2024-01-04 22:30:00,J-101,26,10,LOW
2024-01-04 22:30:00,J-102,20,9,LOW
2024-01-04 22:30:00,J-103,13,8,LOW
2024-01-04 22:30:00,J-104,15,10,LOW
2024-01-04 22:30:00,J-105,7,7,LOW
2024-01-04 22:30:00,J-106,6,9,LOW
2024-01-04 22:30:00,J-107,3,6,LOW
2024-01-04 22:30:00,J-108,23,9,LOW
2024-01-04 22:45:00,J-101,30,12,LOW
2024-01-04 22:45:00,J-102,24,11,LOW
2024-01-04 22:45:00,J-103,25,16,LOW
2024-01-04 22:45:00,J-104,14,10,LOW
2024-01-04 22:45:00,J-105,14,15,LOW
2024-01-04 22:45:00,J-106,9,14,LOW
2024-01-04 22:45:00,J-107,5,10,LOW
2024-01-04 22:45:00,J-108,32,13,LOW
2024-01-04 23:00:00,J-101,33,13,LOW
2024-01-04 23:00:00,J-102,18,8,LOW
2024-01-04 23:00:00,J-103,14,9,LOW
2024-01-04 23:00:00,J-104,14,10,LOW
2024-01-04 23:00:00,J-105,10,10,LOW
2024-01-04 23:00:00,J-106,7,11,LOW
2024-01-04 23:00:00,J-107,5,10,LOW
2024-01-04 23:00:00,J-108,23,9,LOW
2024-01-04 23:15:00,J-101,33,13,LOW
2024-01-04 23:15:00,J-102,26,12,LOW
2024-01-04 23:15:00,J-103,22,14,LOW
2024-01-04 23:15:00,J-104,15,10,LOW
2024-01-04 23:15:00,J-105,12,13,LOW
2024-01-04 23:15:00,J-106,7,11,LOW
2024-01-04 23:15:00,J-107,6,13,LOW
2024-01-04 23:15:00,J-108,27,11,LOW
2024-01-04 23:30:00,J-101,34,13,LOW
2024-01-04 23:30:00,J-102,31,14,LOW
2024-01-04 23:30:00,J-103,22,14,LOW
2024-01-04 23:30:00,J-104,17,12,LOW
2024-01-04 23:30:00,J-105,10,10,LOW
2024-01-04 23:30:00,J-106,7,11,LOW
2024-01-04 23:30:00,J-107,6,13,LOW
2024-01-04 23:30:00,J-108,31,13,LOW
2024-01-04 23:45:00,J-101,26,10,LOW
2024-01-04 23:45:00,J-102,25,11,LOW
2024-01-04 23:45:00,J-103,19,12,LOW
2024-01-04 23:45:00,J-104,17,12,LOW
2024-01-04 23:45:00,J-105,11,11,LOW
2024-01-04 23:45:00,J-106,8,13,LOW
2024-01-04 23:45:00,J-107,6,13,LOW
2024-01-04 23:45:00,J-108,26,11,LOW
2024-01-05 00:00:00,J-101,30,12,LOW
2024-01-05 00:00:00,J-102,25,11,LOW
2024-01-05 00:00:00,J-103,20,13,LOW
2024-01-05 00:00:00,J-104,16,11,LOW
2024-01-05 00:00:00,J-105,11,11,LOW
2024-01-05 00:00:00,J-106,7,11,LOW
2024-01-05 00:00:00,J-107,6,13,LOW
2024-01-05 00:00:00,J-108,30,13,LOW
2024-01-05 00:15:00,J-101,30,12,LOW
2024-01-05 00:15:00,J-102,28,13,LOW
2024-01-05 00:15:00,J-103,17,11,LOW
2024-01-05 00:15:00,J-104,16,11,LOW
2024-01-05 00:15:00,J-105,9,9,LOW
2024-01-05 00:15:00,J-106,8,13,LOW
2024-01-05 00:15:00,J-107,6,13,LOW
2024-01-05 00:15:00,J-108,28,12,LOW
2024-01-05 00:30:00,J-101,21,8,LOW
2024-01-05 00:30:00,J-102,18,8,LOW
2024-01-05 00:30:00,J-103,15,9,LOW
2024-01-05 00:30:00,J-104,10,7,LOW
2024-01-05 00:30:00,J-105,9,9,LOW
2024-01-05 00:30:00,J-106,5,8,LOW
2024-01-05 00:30:00,J-107,5,10,LOW
2024-01-05 00:30:00,J-108,19,8,LOW
2024-01-05 00:45:00,J-101,29,11,LOW
2024-01-05 00:45:00,J-102,31,14,LOW
2024-01-05 00:45:00,J-103,18,11,LOW
2024-01-05 00:45:00,J-104,17,12,LOW
2024-01-05 00:45:00,J-105,7,7,LOW
2024-01-05 00:45:00,J-106,8,13,LOW
2024-01-05 00:45:00,J-107,5,10,LOW
2024-01-05 00:45:00,J-108,24,10,LOW
2024-01-05 01:00:00,J-101,4,1,LOW
2024-01-05 01:00:00,J-102,5,2,LOW
2024-01-05 01:00:00,J-103,3,1,LOW
2024-01-05 01:00:00,J-104,,1,LOW
2024-01-05 01:00:00,J-105,1,1,LOW
2024-01-05 01:00:00,J-106,1,1,LOW
2024-01-05 01:00:00,J-107,0,0,LOW
2024-01-05 01:00:00,J-108,4,1,LOW
2024-01-05 01:15:00,J-101,4,1,LOW
2024-01-05 01:15:00,J-102,4,1,LOW
2024-01-05 01:15:00,J-103,3,1,LOW
2024-01-05 01:15:00,J-104,2,1,LOW
2024-01-05 01:15:00,J-105,1,1,LOW
2024-01-05 01:15:00,J-106,1,1,LOW
2024-01-05 01:15:00,J-107,0,0,LOW
2024-01-05 01:15:00,J-108,4,1,LOW
2024-01-05 01:30:00,J-101,2,0,LOW
2024-01-05 01:30:00,J-102,2,0,LOW
2024-01-05 01:30:00,J-103,1,0,LOW
2024-01-05 01:30:00,J-104,1,0,LOW
2024-01-05 01:30:00,J-105,1,1,LOW
2024-01-05 01:30:00,J-106,0,0,LOW
2024-01-05 01:30:00,J-107,0,0,LOW
2024-01-05 01:30:00,J-108,2,0,LOW
2024-01-05 01:45:00,J-101,4,1,LOW
2024-01-05 01:45:00,J-102,4,1,LOW
2024-01-05 01:45:00,J-103,3,1,LOW
2024-01-05 01:45:00,J-104,2,1,LOW
2024-01-05 01:45:00,J-105,1,1,LOW
2024-01-05 01:45:00,J-106,1,1,LOW
2024-01-05 01:45:00,J-107,0,0,LOW
2024-01-05 01:45:00,J-108,4,1,LOW
2024-01-05 02:00:00,J-101,4,1,LOW
2024-01-05 02:00:00,J-102,,1,LOW
2024-01-05 02:00:00,J-103,,1,LOW
2024-01-05 02:00:00,J-104,2,1,LOW
2024-01-05 02:00:00,J-105,1,1,LOW
2024-01-05 02:00:00,J-106,1,1,LOW
2024-01-05 02:00:00,J-107,0,0,LOW
2024-01-05 02:00:00,J-108,5,2,LOW
2024-01-05 02:15:00,J-101,5,2,LOW
2024-01-05 02:15:00,J-102,3,1,LOW
2024-01-05 02:15:00,J-103,2,1,LOW
2024-01-05 02:15:00,J-104,2,1,LOW
2024-01-05 02:15:00,J-105,1,1,LOW
2024-01-05 02:15:00,J-106,0,0,LOW
2024-01-05 02:15:00,J-107,0,0,LOW
2024-01-05 02:15:00,J-108,4,1,LOW
2024-01-05 02:30:00,J-101,4,1,LOW
2024-01-05 02:30:00,J-102,4,1,LOW
2024-01-05 02:30:00,J-103,3,1,LOW
2024-01-05 02:30:00,J-104,2,1,LOW
2024-01-05 02:30:00,J-105,1,1,LOW
2024-01-05 02:30:00,J-106,1,1,LOW
2024-01-05 02:30:00,J-107,0,0,LOW
2024-01-05 02:30:00,J-108,4,1,LOW
2024-01-05 02:45:00,J-101,4,1,LOW
2024-01-05 02:45:00,J-102,3,1,LOW
2024-01-05 02:45:00,J-103,2,1,LOW
2024-01-05 02:45:00,J-104,2,1,LOW
2024-01-05 02:45:00,J-105,1,1,LOW
2024-01-05 02:45:00,J-106,1,1,LOW
2024-01-05 02:45:00,J-107,1,2,LOW
2024-01-05 02:45:00,J-108,4,1,LOW
2024-01-05 03:00:00,J-101,4,1,LOW
2024-01-05 03:00:00,J-102,2,0,LOW
2024-01-05 03:00:00,J-103,3,1,LOW
2024-01-05 03:00:00,J-104,3,2,LOW
2024-01-05 03:00:00,J-105,2,2,LOW
2024-01-05 03:00:00,J-106,1,1,LOW
2024-01-05 03:00:00,J-107,0,0,LOW
2024-01-05 03:00:00,J-108,4,1,LOW
2024-01-05 03:15:00,J-101,4,1,LOW
2024-01-05 03:15:00,J-102,4,1,LOW
2024-01-05 03:15:00,J-103,3,1,LOW
2024-01-05 03:15:00,J-104,2,1,LOW
2024-01-05 03:15:00,J-105,1,1,LOW
2024-01-05 03:15:00,J-106,0,0,LOW
2024-01-05 03:15:00,J-107,0,0,LOW
2024-01-05 03:15:00,J-108,5,2,LOW
2024-01-05 03:30:00,J-101,4,1,LOW
2024-01-05 03:30:00,J-102,4,1,LOW
2024-01-05 03:30:00,J-103,2,1,LOW
2024-01-05 03:30:00,J-104,2,1,LOW
2024-01-05 03:30:00,J-105,1,1,LOW
2024-01-05 03:30:00,J-106,1,1,LOW
2024-01-05 03:30:00,J-107,0,0,LOW
2024-01-05 03:30:00,J-108,4,1,LOW
2024-01-05 03:45:00,J-101,3,1,LOW
2024-01-05 03:45:00,J-102,3,1,LOW
2024-01-05 03:45:00,J-103,2,1,LOW
2024-01-05 03:45:00,J-104,2,1,LOW
2024-01-05 03:45:00,J-105,1,1,LOW
2024-01-05 03:45:00,J-106,1,1,LOW
2024-01-05 03:45:00,J-107,0,0,LOW
2024-01-05 03:45:00,J-108,3,1,LOW
2024-01-05 04:00:00,J-101,3,1,LOW
2024-01-05 04:00:00,J-102,2,0,LOW
2024-01-05 04:00:00,J-103,1,0,LOW
2024-01-05 04:00:00,J-104,1,0,LOW
2024-01-05 04:00:00,J-105,1,1,LOW
2024-01-05 04:00:00,J-106,0,0,LOW
2024-01-05 04:00:00,J-107,0,0,LOW
2024-01-05 04:00:00,J-108,2,0,LOW
2024-01-05 04:15:00,J-101,5,2,LOW
2024-01-05 04:15:00,J-102,3,1,LOW
2024-01-05 04:15:00,J-103,2,1,LOW
2024-01-05 04:15:00,J-104,2,1,LOW
2024-01-05 04:15:00,J-105,1,1,LOW
2024-01-05 04:15:00,J-106,1,1,LOW
2024-01-05 04:15:00,J-107,0,0,LOW
2024-01-05 04:15:00,J-108,4,1,LOW
2024-01-05 04:30:00,J-101,5,2,LOW
2024-01-05 04:30:00,J-102,3,1,LOW
2024-01-05 04:30:00,J-103,2,1,LOW
2024-01-05 04:30:00,J-104,2,1,LOW
2024-01-05 04:30:00,J-105,1,1,LOW
2024-01-05 04:30:00,J-106,1,1,LOW
2024-01-05 04:30:00,J-107,0,0,LOW
2024-01-05 04:30:00,J-108,3,1,LOW
2024-01-05 04:45:00,J-101,3,1,LOW
2024-01-05 04:45:00,J-102,4,1,LOW
2024-01-05 04:45:00,J-103,3,1,LOW
2024-01-05 04:45:00,J-104,2,1,LOW
2024-01-05 04:45:00,J-105,1,1,LOW
2024-01-05 04:45:00,J-106,1,1,LOW
2024-01-05 04:45:00,J-107,0,0,LOW
2024-01-05 04:45:00,J-108,3,1,LOW
2024-01-05 05:00:00,J-101,4,1,LOW
2024-01-05 05:00:00,J-102,4,1,LOW
2024-01-05 05:00:00,J-103,2,1,LOW
2024-01-05 05:00:00,J-104,3,2,LOW
2024-01-05 05:00:00,J-105,1,1,LOW
2024-01-05 05:00:00,J-106,1,1,LOW
2024-01-05 05:00:00,J-107,0,0,LOW
2024-01-05 05:00:00,J-108,4,1,LOW
2024-01-05 05:15:00,J-101,22,8,LOW
2024-01-05 05:15:00,J-102,21,9,LOW
2024-01-05 05:15:00,J-103,16,10,LOW
2024-01-05 05:15:00,J-104,12,8,LOW
2024-01-05 05:15:00,J-105,9,9,LOW
2024-01-05 05:15:00,J-106,5,8,LOW
2024-01-05 05:15:00,J-107,4,8,LOW
2024-01-05 05:15:00,J-108,25,10,LOW
2024-01-05 05:30:00,J-101,34,13,LOW
2024-01-05 05:30:00,J-102,20,9,LOW
2024-01-05 05:30:00,J-103,17,11,LOW
2024-01-05 05:30:00,J-104,19,13,LOW
2024-01-05 05:30:00,J-105,11,11,LOW
2024-01-05 05:30:00,J-106,7,11,LOW
2024-01-05 05:30:00,J-107,5,10,LOW
2024-01-05 05:30:00,J-108,30,13,LOW
2024-01-05 05:45:00,J-101,40,16,LOW
2024-01-05 05:45:00,J-102,30,13,LOW
2024-01-05 05:45:00,J-103,21,13,LOW
2024-01-05 05:45:00,J-104,21,15,LOW
2024-01-05 05:45:00,J-105,13,14,LOW
2024-01-05 05:45:00,J-106,9,14,LOW
2024-01-05 05:45:00,J-107,6,13,LOW
2024-01-05 05:45:00,J-108,26,11,LOW
2024-01-05 06:00:00,J-101,31,12,LOW
2024-01-05 06:00:00,J-102,33,15,LOW
2024-01-05 06:00:00,J-103,19,12,LOW
2024-01-05 06:00:00,J-104,18,13,LOW
2024-01-05 06:00:00,J-105,10,10,LOW
2024-01-05 06:00:00,J-106,9,14,LOW
2024-01-05 06:00:00,J-107,5,10,LOW
2024-01-05 06:00:00,J-108,35,15,LOW
2024-01-05 06:15:00,J-101,27,10,LOW
2024-01-05 06:15:00,J-102,23,10,LOW
2024-01-05 06:15:00,J-103,14,9,LOW
2024-01-05 06:15:00,J-104,13,9,LOW
2024-01-05 06:15:00,J-105,10,10,LOW
2024-01-05 06:15:00,J-106,7,11,LOW
2024-01-05 06:15:00,J-107,5,10,LOW
2024-01-05 06:15:00,J-108,26,11,LOW
2024-01-05 06:30:00,J-101,26,10,LOW
2024-01-05 06:30:00,J-102,25,11,LOW
2024-01-05 06:30:00,J-103,16,10,LOW
2024-01-05 06:30:00,J-104,17,12,LOW
2024-01-05 06:30:00,J-105,11,11,LOW
2024-01-05 06:30:00,J-106,8,13,LOW
2024-01-05 06:30:00,J-107,6,13,LOW
2024-01-05 06:30:00,J-108,30,13,LOW
2024-01-05 06:45:00,J-101,34,13,LOW
2024-01-05 06:45:00,J-102,24,11,LOW
2024-01-05 06:45:00,J-103,19,12,LOW
2024-01-05 06:45:00,J-104,16,11,LOW
2024-01-05 06:45:00,J-105,12,13,LOW
2024-01-05 06:45:00,J-106,8,13,LOW
2024-01-05 06:45:00,J-107,6,13,LOW
2024-01-05 06:45:00,J-108,28,12,LOW
2024-01-05 07:00:00,J-101,34,13,LOW
2024-01-05 07:00:00,J-102,29,13,LOW
2024-01-05 07:00:00,J-103,22,14,LOW
2024-01-05 07:00:00,J-104,18,13,LOW
2024-01-05 07:00:00,J-105,14,15,LOW
2024-01-05 07:00:00,J-106,6,9,LOW
2024-01-05 07:00:00,J-107,7,15,LOW
2024-01-05 07:00:00,J-108,35,15,LOW
2024-01-05 07:15:00,J-101,31,12,LOW
2024-01-05 07:15:00,J-102,24,11,LOW
2024-01-05 07:15:00,J-103,19,12,LOW
2024-01-05 07:15:00,J-104,20,14,LOW
2024-01-05 07:15:00,J-105,12,13,LOW
2024-01-05 07:15:00,J-106,7,11,LOW
2024-01-05 07:15:00,J-107,5,10,LOW
2024-01-05 07:15:00,J-108,32,13,LOW
2024-01-05 07:30:00,J-101,73,29,LOW
2024-01-05 07:30:00,J-102,79,36,LOW
2024-01-05 07:30:00,J-103,47,30,LOW
2024-01-05 07:30:00,J-104,49,35,LOW
2024-01-05 07:30:00,J-105,32,34,LOW
2024-01-05 07:30:00,J-106,19,30,LOW
2024-01-05 07:30:00,J-107,14,30,LOW
2024-01-05 07:30:00,J-108,79,34,LOW
2024-01-05 07:45:00,J-101,87,35,LOW
2024-01-05 07:45:00,J-102,63,29,LOW
2024-01-05 07:45:00,J-103,50,32,LOW
2024-01-05 07:45:00,J-104,34,24,LOW
2024-01-05 07:45:00,J-105,27,29,LOW
2024-01-05 07:45:00,J-106,18,29,LOW
2024-01-05 07:45:00,J-107,11,23,LOW
2024-01-05 07:45:00,J-108,62,26,LOW
2024-01-05 08:00:00,J-101,115,46,MODERATE
2024-01-05 08:00:00,J-102,84,39,LOW
2024-01-05 08:00:00,J-103,67,43,MODERATE
2024-01-05 08:00:00,J-104,57,41,MODERATE
2024-01-05 08:00:00,J-105,37,40,MODERATE
2024-01-05 08:00:00,J-106,30,48,MODERATE
2024-01-05 08:00:00,J-107,19,41,MODERATE
2024-01-05 08:00:00,J-108,91,39,LOW
2024-01-05 08:15:00,J-101,158,64,MODERATE
2024-01-05 08:15:00,J-102,107,49,MODERATE
2024-01-05 08:15:00,J-103,97,63,MODERATE
2024-01-05 08:15:00,J-104,88,63,MODERATE
2024-01-05 08:15:00,J-105,58,62,MODERATE
2024-01-05 08:15:00,J-106,29,47,MODERATE
2024-01-05 08:15:00,J-107,,65,MODERATE
2024-01-05 08:15:00,J-108,114,49,MODERATE
2024-01-05 08:30:00,J-101,143,58,MODERATE
2024-01-05 08:30:00,J-102,142,65,MODERATE
2024-01-05 08:30:00,J-103,93,60,MODERATE
2024-01-05 08:30:00,J-104,82,59,MODERATE
2024-01-05 08:30:00,J-105,60,65,MODERATE
2024-01-05 08:30:00,J-106,34,55,MODERATE
2024-01-05 08:30:00,J-107,33,71,HIGH
2024-01-05 08:30:00,J-108,126,54,MODERATE
2024-01-05 08:45:00,J-101,143,58,MODERATE
2024-01-05 08:45:00,J-102,143,66,MODERATE
2024-01-05 08:45:00,J-103,78,50,MODERATE
2024-01-05 08:45:00,J-104,91,65,MODERATE
2024-01-05 08:45:00,J-105,44,47,MODERATE
2024-01-05 08:45:00,J-106,39,63,MODERATE
2024-01-05 08:45:00,J-107,28,60,MODERATE
2024-01-05 08:45:00,J-108,166,71,HIGH
2024-01-05 09:00:00,J-101,116,47,MODERATE
2024-01-05 09:00:00,J-102,137,63,MODERATE
2024-01-05 09:00:00,J-103,86,55,MODERATE
2024-01-05 09:00:00,J-104,86,62,MODERATE
2024-01-05 09:00:00,J-105,59,63,MODERATE
2024-01-05 09:00:00,J-106,33,53,MODERATE
2024-01-05 09:00:00,J-107,25,54,MODERATE
2024-01-05 09:00:00,J-108,105,45,MODERATE
2024-01-05 09:15:00,J-101,111,45,MODERATE
2024-01-05 09:15:00,J-102,119,55,MODERATE
2024-01-05 09:15:00,J-103,94,61,MODERATE
2024-01-05 09:15:00,J-104,96,69,MODERATE
2024-01-05 09:15:00,J-105,59,63,MODERATE
2024-01-05 09:15:00,J-106,38,61,MODERATE
2024-01-05 09:15:00,J-107,27,58,MODERATE
2024-01-05 09:15:00,J-108,123,53,MODERATE
2024-01-05 09:30:00,J-101,126,51,MODERATE
2024-01-05 09:30:00,J-102,100,46,MODERATE
2024-01-05 09:30:00,J-103,77,50,MODERATE
2024-01-05 09:30:00,J-104,72,52,MODERATE
2024-01-05 09:30:00,J-105,48,52,MODERATE
2024-01-05 09:30:00,J-106,29,47,MODERATE
2024-01-05 09:30:00,J-107,26,56,MODERATE
2024-01-05 09:30:00,J-108,120,52,MODERATE
2024-01-05 09:45:00,J-101,132,53,MODERATE
2024-01-05 09:45:00,J-102,107,49,MODERATE
2024-01-05 09:45:00,J-103,65,42,MODERATE
2024-01-05 09:45:00,J-104,60,43,MODERATE
2024-01-05 09:45:00,J-105,41,44,MODERATE
2024-01-05 09:45:00,J-106,27,43,MODERATE
2024-01-05 09:45:00,J-107,16,34,LOW
2024-01-05 09:45:00,J-108,91,39,LOW
2024-01-05 10:00:00,J-101,87,35,LOW
2024-01-05 10:00:00,J-102,62,28,LOW
2024-01-05 10:00:00,J-103,48,31,LOW
2024-01-05 10:00:00,J-104,38,27,LOW
2024-01-05 10:00:00,J-105,28,30,LOW
2024-01-05 10:00:00,J-106,21,34,LOW
2024-01-05 10:00:00,J-107,13,28,LOW
2024-01-05 10:00:00,J-108,60,26,LOW
2024-01-05 10:15:00,J-101,30,12,LOW
2024-01-05 10:15:00,J-102,24,11,LOW
2024-01-05 10:15:00,J-103,19,12,LOW
2024-01-05 10:15:00,J-104,16,11,LOW
2024-01-05 10:15:00,J-105,8,8,LOW
2024-01-05 10:15:00,J-106,8,13,LOW
2024-01-05 10:15:00,J-107,4,8,LOW
2024-01-05 10:15:00,J-108,30,13,LOW
2024-01-05 10:30:00,J-101,37,15,LOW
2024-01-05 10:30:00,J-102,25,11,LOW
2024-01-05 10:30:00,J-103,21,13,LOW
2024-01-05 10:30:00,J-104,20,14,LOW
2024-01-05 10:30:00,J-105,11,11,LOW
2024-01-05 10:30:00,J-106,9,14,LOW
2024-01-05 10:30:00,J-107,6,13,LOW
2024-01-05 10:30:00,J-108,33,14,LOW
2024-01-05 10:45:00,J-101,35,14,LOW
2024-01-05 10:45:00,J-102,27,12,LOW
2024-01-05 10:45:00,J-103,22,14,LOW
2024-01-05 10:45:00,J-104,18,13,LOW
2024-01-05 10:45:00,J-105,9,9,LOW
2024-01-05 10:45:00,J-106,6,9,LOW
2024-01-05 10:45:00,J-107,5,10,LOW
2024-01-05 10:45:00,J-108,34,14,LOW
2024-01-05 11:00:00,J-101,35,14,LOW
2024-01-05 11:00:00,J-102,32,14,LOW
2024-01-05 11:00:00,J-103,16,10,LOW
2024-01-05 11:00:00,J-104,16,11,LOW
2024-01-05 11:00:00,J-105,13,14,LOW
2024-01-05 11:00:00,J-106,6,9,LOW
2024-01-05 11:00:00,J-107,6,13,LOW
2024-01-05 11:00:00,J-108,29,12,LOW
2024-01-05 11:15:00,J-101,32,13,LOW
2024-01-05 11:15:00,J-102,27,12,LOW
2024-01-05 11:15:00,J-103,18,11,LOW
2024-01-05 11:15:00,J-104,17,12,LOW
2024-01-05 11:15:00,J-105,11,11,LOW
2024-01-05 11:15:00,J-106,9,14,LOW
2024-01-05 11:15:00,J-107,7,15,LOW
2024-01-05 11:15:00,J-108,27,11,LOW
2024-01-05 11:30:00,J-101,25,10,LOW
2024-01-05 11:30:00,J-102,20,9,LOW
2024-01-05 11:30:00,J-103,14,9,LOW
2024-01-05 11:30:00,J-104,15,10,LOW
2024-01-05 11:30:00,J-105,11,11,LOW
2024-01-05 11:30:00,J-106,6,9,LOW
2024-01-05 11:30:00,J-107,5,10,LOW
2024-01-05 11:30:00,J-108,25,10,LOW
2024-01-05 11:45:00,J-101,21,8,LOW
2024-01-05 11:45:00,J-102,19,8,LOW
2024-01-05 11:45:00,J-103,13,8,LOW
2024-01-05 11:45:00,J-104,14,10,LOW
2024-01-05 11:45:00,J-105,9,9,LOW
2024-01-05 11:45:00,J-106,5,8,LOW
2024-01-05 11:45:00,J-107,4,8,LOW
2024-01-05 11:45:00,J-108,20,8,LOW
2024-01-05 12:00:00,J-101,41,16,LOW
2024-01-05 12:00:00,J-102,36,16,LOW
2024-01-05 12:00:00,J-103,26,16,LOW
2024-01-05 12:00:00,J-104,23,16,LOW
2024-01-05 12:00:00,J-105,16,17,LOW
2024-01-05 12:00:00,J-106,7,11,LOW
2024-01-05 12:00:00,J-107,8,17,LOW
2024-01-05 12:00:00,J-108,34,14,LOW
2024-01-05 12:15:00,J-101,68,27,LOW
2024-01-05 12:15:00,J-102,48,22,LOW
2024-01-05 12:15:00,J-103,41,26,LOW
2024-01-05 12:15:00,J-104,40,28,LOW
2024-01-05 12:15:00,J-105,23,24,LOW
2024-01-05 12:15:00,J-106,17,27,LOW
2024-01-05 12:15:00,J-107,11,23,LOW
2024-01-05 12:15:00,J-108,60,26,LOW
2024-01-05 12:30:00,J-101,58,23,LOW
2024-01-05 12:30:00,J-102,39,18,LOW
2024-01-05 12:30:00,J-103,36,23,LOW
2024-01-05 12:30:00,J-104,39,28,LOW
2024-01-05 12:30:00,J-105,22,23,LOW
2024-01-05 12:30:00,J-106,14,22,LOW
2024-01-05 12:30:00,J-107,10,21,LOW
2024-01-05 12:30:00,J-108,58,25,LOW
2024-01-05 12:45:00,J-101,53,21,LOW
2024-01-05 12:45:00,J-102,56,26,LOW
2024-01-05 12:45:00,J-103,40,26,LOW
2024-01-05 12:45:00,J-104,34,24,LOW
2024-01-05 12:45:00,J-105,23,24,LOW
2024-01-05 12:45:00,J-106,14,22,LOW
2024-01-05 12:45:00,J-107,9,19,LOW
2024-01-05 12:45:00,J-108,59,25,LOW
2024-01-05 13:00:00,J-101,64,26,LOW
2024-01-05 13:00:00,J-102,53,24,LOW
2024-01-05 13:00:00,J-103,34,22,LOW
2024-01-05 13:00:00,J-104,37,26,LOW
2024-01-05 13:00:00,J-105,23,24,LOW
2024-01-05 13:00:00,J-106,15,24,LOW
2024-01-05 13:00:00,J-107,12,26,LOW
2024-01-05 13:00:00,J-108,53,22,LOW
2024-01-05 13:15:00,J-101,53,21,LOW
2024-01-05 13:15:00,J-102,50,23,LOW
2024-01-05 13:15:00,J-103,34,22,LOW
2024-01-05 13:15:00,J-104,39,28,LOW
2024-01-05 13:15:00,J-105,25,27,LOW
2024-01-05 13:15:00,J-106,13,21,LOW
2024-01-05 13:15:00,J-107,13,28,LOW
2024-01-05 13:15:00,J-108,58,25,LOW
2024-01-05 13:30:00,J-101,76,30,LOW
2024-01-05 13:30:00,J-102,54,25,LOW
2024-01-05 13:30:00,J-103,37,24,LOW
2024-01-05 13:30:00,J-104,42,,LOW
2024-01-05 13:30:00,J-105,27,29,LOW
2024-01-05 13:30:00,J-106,19,30,LOW
2024-01-05 13:30:00,J-107,12,26,LOW
2024-01-05 13:30:00,J-108,62,26,LOW
2024-01-05 13:45:00,J-101,26,10,LOW
2024-01-05 13:45:00,J-102,28,13,LOW
2024-01-05 13:45:00,J-103,18,11,LOW
2024-01-05 13:45:00,J-104,14,10,LOW
2024-01-05 13:45:00,J-105,12,13,LOW
2024-01-05 13:45:00,J-106,5,8,LOW
2024-01-05 13:45:00,J-107,6,13,LOW
2024-01-05 13:45:00,J-108,31,13,LOW
2024-01-05 14:00:00,J-101,25,10,LOW
2024-01-05 14:00:00,J-102,25,11,LOW
2024-01-05 14:00:00,J-103,16,10,LOW
2024-01-05 14:00:00,J-104,14,10,LOW
2024-01-05 14:00:00,J-105,9,9,LOW
2024-01-05 14:00:00,J-106,6,9,LOW
2024-01-05 14:00:00,J-107,5,10,LOW
2024-01-05 14:00:00,J-108,24,10,LOW
2024-01-05 14:15:00,J-101,31,12,LOW
2024-01-05 14:15:00,J-102,26,12,LOW
2024-01-05 14:15:00,J-103,17,11,LOW
2024-01-05 14:15:00,J-104,17,12,LOW
2024-01-05 14:15:00,J-105,12,13,LOW
2024-01-05 14:15:00,J-106,7,11,LOW
2024-01-05 14:15:00,J-107,5,10,LOW
2024-01-05 14:15:00,J-108,31,13,LOW
2024-01-05 14:30:00,J-101,31,12,LOW
2024-01-05 14:30:00,J-102,23,10,LOW
2024-01-05 14:30:00,J-103,19,12,LOW
2024-01-05 14:30:00,J-104,14,10,LOW
2024-01-05 14:30:00,J-105,11,11,LOW
2024-01-05 14:30:00,J-106,6,9,LOW
2024-01-05 14:30:00,J-107,4,8,LOW
2024-01-05 14:30:00,J-108,23,9,LOW
2024-01-05 14:45:00,J-101,31,12,LOW
2024-01-05 14:45:00,J-102,28,13,LOW
2024-01-05 14:45:00,J-103,23,14,LOW
2024-01-05 14:45:00,J-104,18,13,LOW
2024-01-05 14:45:00,J-105,10,10,LOW
2024-01-05 14:45:00,J-106,7,11,LOW
2024-01-05 14:45:00,J-107,6,13,LOW
2024-01-05 14:45:00,J-108,23,9,LOW
2024-01-05 15:00:00,J-101,38,15,LOW
2024-01-05 15:00:00,J-102,35,16,LOW
2024-01-05 15:00:00,J-103,24,15,LOW
2024-01-05 15:00:00,J-104,20,14,LOW
2024-01-05 15:00:00,J-105,11,11,LOW
2024-01-05 15:00:00,J-106,9,14,LOW
2024-01-05 15:00:00,J-107,6,13,LOW
2024-01-05 15:00:00,J-108,32,13,LOW
2024-01-05 15:15:00,J-101,24,9,LOW
2024-01-05 15:15:00,J-102,26,12,LOW
2024-01-05 15:15:00,J-103,16,10,LOW
2024-01-05 15:15:00,J-104,18,13,LOW
2024-01-05 15:15:00,J-105,10,10,LOW
2024-01-05 15:15:00,J-106,6,9,LOW
2024-01-05 15:15:00,J-107,5,10,LOW
2024-01-05 15:15:00,J-108,25,10,LOW
2024-01-05 15:30:00,J-101,30,12,LOW
2024-01-05 15:30:00,J-102,21,9,LOW
2024-01-05 15:30:00,J-103,20,13,LOW
2024-01-05 15:30:00,J-104,17,12,LOW
2024-01-05 15:30:00,J-105,11,11,LOW
2024-01-05 15:30:00,J-106,7,11,LOW
2024-01-05 15:30:00,J-107,7,15,LOW
2024-01-05 15:30:00,J-108,22,9,LOW
2024-01-05 15:45:00,J-101,26,10,LOW
2024-01-05 15:45:00,J-102,27,12,LOW
2024-01-05 15:45:00,J-103,19,12,LOW
2024-01-05 15:45:00,J-104,17,12,LOW
2024-01-05 15:45:00,J-105,9,9,LOW
2024-01-05 15:45:00,J-106,6,9,LOW
2024-01-05 15:45:00,J-107,5,10,LOW
2024-01-05 15:45:00,J-108,25,10,LOW
2024-01-05 16:00:00,J-101,33,13,LOW
2024-01-05 16:00:00,J-102,22,10,LOW
2024-01-05 16:00:00,J-103,18,11,LOW
2024-01-05 16:00:00,J-104,16,11,LOW
2024-01-05 16:00:00,J-105,12,13,LOW
2024-01-05 16:00:00,J-106,7,11,LOW
2024-01-05 16:00:00,J-107,4,8,LOW
2024-01-05 16:00:00,J-108,31,13,LOW
2024-01-05 16:15:00,J-101,28,11,LOW
2024-01-05 16:15:00,J-102,29,13,LOW
2024-01-05 16:15:00,J-103,21,13,LOW
2024-01-05 16:15:00,J-104,16,11,LOW
2024-01-05 16:15:00,J-105,13,14,LOW
2024-01-05 16:15:00,J-106,7,11,LOW
2024-01-05 16:15:00,J-107,4,8,LOW
2024-01-05 16:15:00,J-108,26,11,LOW
2024-01-05 16:30:00,J-101,70,28,LOW
2024-01-05 16:30:00,J-102,73,33,LOW
2024-01-05 16:30:00,J-103,64,41,MODERATE
2024-01-05 16:30:00,J-104,64,46,MODERATE
2024-01-05 16:30:00,J-105,35,37,LOW
2024-01-05 16:30:00,J-106,25,40,MODERATE
2024-01-05 16:30:00,J-107,19,41,MODERATE
2024-01-05 16:30:00,J-108,83,35,LOW
2024-01-05 16:45:00,J-101,,31,LOW
2024-01-05 16:45:00,J-102,105,48,MODERATE
2024-01-05 16:45:00,J-103,87,56,MODERATE
2024-01-05 16:45:00,J-104,62,44,MODERATE
2024-01-05 16:45:00,J-105,48,52,MODERATE
2024-01-05 16:45:00,J-106,32,52,MODERATE
2024-01-05 16:45:00,J-107,20,43,MODERATE
2024-01-05 16:45:00,J-108,95,41,MODERATE
2024-01-05 17:00:00,J-101,89,36,LOW
2024-01-05 17:00:00,J-102,93,43,MODERATE
2024-01-05 17:00:00,J-103,74,48,MODERATE
2024-01-05 17:00:00,J-104,50,36,LOW
2024-01-05 17:00:00,J-105,48,52,MODERATE
2024-01-05 17:00:00,J-106,24,39,LOW
2024-01-05 17:00:00,J-107,22,47,MODERATE
2024-01-05 17:00:00,J-108,93,40,MODERATE
2024-01-05 17:15:00,J-101,114,46,MODERATE
2024-01-05 17:15:00,J-102,89,41,MODERATE
2024-01-05 17:15:00,J-103,76,49,MODERATE
2024-01-05 17:15:00,J-104,75,54,MODERATE
2024-01-05 17:15:00,J-105,40,43,MODERATE
2024-01-05 17:15:00,J-106,26,42,MODERATE
2024-01-05 17:15:00,J-107,23,49,MODERATE
2024-01-05 17:15:00,J-108,121,52,MODERATE
2024-01-05 17:30:00,J-101,139,56,MODERATE
2024-01-05 17:30:00,J-102,126,58,MODERATE
2024-01-05 17:30:00,J-103,89,57,MODERATE
2024-01-05 17:30:00,J-104,80,57,MODERATE
2024-01-05 17:30:00,J-105,47,50,MODERATE
2024-01-05 17:30:00,J-106,44,71,HIGH
2024-01-05 17:30:00,J-107,28,60,MODERATE
2024-01-05 17:30:00,J-108,140,60,MODERATE
2024-01-05 17:45:00,J-101,163,66,MODERATE
2024-01-05 17:45:00,J-102,109,50,MODERATE
2024-01-05 17:45:00,J-103,117,76,HIGH
2024-01-05 17:45:00,J-104,77,55,MODERATE
2024-01-05 17:45:00,J-105,62,67,MODERATE
2024-01-05 17:45:00,J-106,46,74,HIGH
2024-01-05 17:45:00,J-107,25,54,MODERATE
2024-01-05 17:45:00,J-108,140,60,MODERATE
2024-01-05 18:00:00,J-101,152,61,MODERATE
2024-01-05 18:00:00,J-102,145,67,MODERATE
2024-01-05 18:00:00,J-103,90,58,MODERATE
2024-01-05 18:00:00,J-104,74,53,MODERATE
2024-01-05 18:00:00,J-105,61,66,MODERATE
2024-01-05 18:00:00,J-106,45,73,HIGH
2024-01-05 18:00:00,J-107,29,62,MODERATE
2024-01-05 18:00:00,J-108,164,71,HIGH
2024-01-05 18:15:00,J-101,149,60,MODERATE
2024-01-05 18:15:00,J-102,129,59,MODERATE
2024-01-05 18:15:00,J-103,101,65,MODERATE
2024-01-05 18:15:00,J-104,100,72,HIGH
2024-01-05 18:15:00,J-105,68,73,HIGH
2024-01-05 18:15:00,J-106,34,55,MODERATE
2024-01-05 18:15:00,J-107,35,75,HIGH
2024-01-05 18:15:00,J-108,148,64,MODERATE
2024-01-05 18:30:00,J-101,157,63,MODERATE
2024-01-05 18:30:00,J-102,122,56,MODERATE
2024-01-05 18:30:00,J-103,85,55,MODERATE
2024-01-05 18:30:00,J-104,90,65,MODERATE
2024-01-05 18:30:00,J-105,61,66,MODERATE
2024-01-05 18:30:00,J-106,35,56,MODERATE
2024-01-05 18:30:00,J-107,30,65,MODERATE
2024-01-05 18:30:00,J-108,126,54,MODERATE
2024-01-05 18:45:00,J-101,123,49,MODERATE
2024-01-05 18:45:00,J-102,119,55,MODERATE
2024-01-05 18:45:00,J-103,65,42,MODERATE
2024-01-05 18:45:00,J-104,60,43,MODERATE
2024-01-05 18:45:00,J-105,49,53,MODERATE
2024-01-05 18:45:00,J-106,26,42,MODERATE
2024-01-05 18:45:00,J-107,23,49,MODERATE
2024-01-05 18:45:00,J-108,89,38,LOW
2024-01-05 19:00:00,J-101,136,55,MODERATE
2024-01-05 19:00:00,J-102,121,56,MODERATE
2024-01-05 19:00:00,J-103,72,46,MODERATE
2024-01-05 19:00:00,J-104,77,55,MODERATE
2024-01-05 19:00:00,J-105,53,57,MODERATE
2024-01-05 19:00:00,J-106,22,35,LOW
2024-01-05 19:00:00,J-107,23,49,MODERATE
2024-01-05 19:00:00,J-108,108,46,MODERATE
2024-01-05 19:15:00,J-101,109,44,MODERATE
2024-01-05 19:15:00,J-102,100,46,MODERATE
2024-01-05 19:15:00,J-103,62,40,MODERATE
2024-01-05 19:15:00,J-104,67,48,MODERATE
2024-01-05 19:15:00,J-105,36,39,LOW
2024-01-05 19:15:00,J-106,22,35,LOW
2024-01-05 19:15:00,J-107,19,41,MODERATE
2024-01-05 19:15:00,J-108,104,45,MODERATE
2024-01-05 19:30:00,J-101,108,43,MODERATE
2024-01-05 19:30:00,J-102,96,44,MODERATE
2024-01-05 19:30:00,J-103,63,40,MODERATE
2024-01-05 19:30:00,J-104,58,41,MODERATE
2024-01-05 19:30:00,J-105,36,39,LOW
2024-01-05 19:30:00,J-106,21,34,LOW
2024-01-05 19:30:00,J-107,21,45,MODERATE
2024-01-05 19:30:00,J-108,97,42,MODERATE
2024-01-05 19:45:00,J-101,33,13,LOW
2024-01-05 19:45:00,J-102,26,12,LOW
2024-01-05 19:45:00,J-103,19,12,LOW
2024-01-05 19:45:00,J-104,16,11,LOW
2024-01-05 19:45:00,J-105,10,10,LOW
2024-01-05 19:45:00,J-106,8,13,LOW
2024-01-05 19:45:00,J-107,6,13,LOW
2024-01-05 19:45:00,J-108,30,13,LOW
2024-01-05 20:00:00,J-101,25,10,LOW
2024-01-05 20:00:00,J-102,24,11,LOW
2024-01-05 20:00:00,J-103,14,9,LOW
2024-01-05 20:00:00,J-104,16,11,LOW
2024-01-05 20:00:00,J-105,13,14,LOW
2024-01-05 20:00:00,J-106,7,11,LOW
2024-01-05 20:00:00,J-107,6,13,LOW
2024-01-05 20:00:00,J-108,24,10,LOW
2024-01-05 20:15:00,J-101,28,11,LOW
2024-01-05 20:15:00,J-102,21,9,LOW
2024-01-05 20:15:00,J-103,19,12,LOW
2024-01-05 20:15:00,J-104,16,11,LOW
2024-01-05 20:15:00,J-105,10,10,LOW
2024-01-05 20:15:00,J-106,6,9,LOW
2024-01-05 20:15:00,J-107,4,8,LOW
2024-01-05 20:15:00,J-108,34,14,LOW
2024-01-05 20:30:00,J-101,37,15,LOW
2024-01-05 20:30:00,J-102,28,13,LOW
2024-01-05 20:30:00,J-103,19,12,LOW
2024-01-05 20:30:00,J-104,19,13,LOW
2024-01-05 20:30:00,J-105,11,11,LOW
2024-01-05 20:30:00,J-106,10,16,LOW
2024-01-05 20:30:00,J-107,4,8,LOW
2024-01-05 20:30:00,J-108,32,13,LOW
2024-01-05 20:45:00,J-101,28,11,LOW
2024-01-05 20:45:00,J-102,29,13,LOW
2024-01-05 20:45:00,J-103,22,14,LOW
2024-01-05 20:45:00,J-104,22,15,LOW
2024-01-05 20:45:00,J-105,10,10,LOW
2024-01-05 20:45:00,J-106,8,13,LOW
2024-01-05 20:45:00,J-107,6,13,LOW
2024-01-05 20:45:00,J-108,26,11,LOW
2024-01-05 21:00:00,J-101,21,8,LOW
2024-01-05 21:00:00,J-102,27,12,LOW
2024-01-05 21:00:00,J-103,17,11,LOW
2024-01-05 21:00:00,J-104,14,10,LOW
2024-01-05 21:00:00,J-105,7,7,LOW
2024-01-05 21:00:00,J-106,7,11,LOW
2024-01-05 21:00:00,J-107,5,10,LOW
2024-01-05 21:00:00,J-108,29,12,LOW
2024-01-05 21:15:00,J-101,34,13,LOW
2024-01-05 21:15:00,J-102,21,9,LOW
2024-01-05 21:15:00,J-103,22,14,LOW
2024-01-05 21:15:00,J-104,22,15,LOW
2024-01-05 21:15:00,J-105,12,13,LOW
2024-01-05 21:15:00,J-106,7,11,LOW
2024-01-05 21:15:00,J-107,6,13,LOW
2024-01-05 21:15:00,J-108,28,12,LOW
2024-01-05 21:30:00,J-101,37,15,LOW
2024-01-05 21:30:00,J-102,22,10,LOW
2024-01-05 21:30:00,J-103,20,13,LOW
2024-01-05 21:30:00,J-104,18,13,LOW
2024-01-05 21:30:00,J-105,7,7,LOW
2024-01-05 21:30:00,J-106,8,13,LOW
2024-01-05 21:30:00,J-107,5,10,LOW
2024-01-05 21:30:00,J-108,27,11,LOW
2024-01-05 21:45:00,J-101,27,10,LOW
2024-01-05 21:45:00,J-102,24,11,LOW
2024-01-05 21:45:00,J-103,20,13,LOW
2024-01-05 21:45:00,J-104,19,13,LOW
2024-01-05 21:45:00,J-105,9,9,LOW
2024-01-05 21:45:00,J-106,9,14,LOW
2024-01-05 21:45:00,J-107,5,10,LOW
2024-01-05 21:45:00,J-108,38,16,LOW
2024-01-05 22:00:00,J-101,29,11,LOW
2024-01-05 22:00:00,J-102,26,12,LOW
2024-01-05 22:00:00,J-103,18,11,LOW
2024-01-05 22:00:00,J-104,14,10,LOW
2024-01-05 22:00:00,J-105,12,13,LOW
2024-01-05 22:00:00,J-106,7,11,LOW
2024-01-05 22:00:00,J-107,4,8,LOW
2024-01-05 22:00:00,J-108,29,12,LOW
2024-01-05 22:15:00,J-101,28,11,LOW
2024-01-05 22:15:00,J-102,26,12,LOW
2024-01-05 22:15:00,J-103,20,13,LOW
2024-01-05 22:15:00,J-104,16,11,LOW
2024-01-05 22:15:00,J-105,10,10,LOW
2024-01-05 22:15:00,J-106,6,9,LOW
2024-01-05 22:15:00,J-107,6,13,LOW
2024-01-05 22:15:00,J-108,28,12,LOW
2024-01-05 22:30:00,J-101,34,13,LOW
2024-01-05 22:30:00,J-102,25,11,LOW
2024-01-05 22:30:00,J-103,17,11,LOW
2024-01-05 22:30:00,J-104,17,12,LOW
2024-01-05 22:30:00,J-105,12,13,LOW
2024-01-05 22:30:00,J-106,8,13,LOW
2024-01-05 22:30:00,J-107,6,13,LOW
2024-01-05 22:30:00,J-108,26,11,LOW
2024-01-05 22:45:00,J-101,29,11,LOW
2024-01-05 22:45:00,J-102,27,12,LOW
2024-01-05 22:45:00,J-103,19,12,LOW
2024-01-05 22:45:00,J-104,15,10,LOW
2024-01-05 22:45:00,J-105,14,15,LOW
2024-01-05 22:45:00,J-106,7,11,LOW
2024-01-05 22:45:00,J-107,5,,LOW
2024-01-05 22:45:00,J-108,28,12,LOW
2024-01-05 23:00:00,J-101,36,14,LOW
2024-01-05 23:00:00,J-102,25,11,LOW
2024-01-05 23:00:00,J-103,21,13,LOW
2024-01-05 23:00:00,J-104,14,10,LOW
2024-01-05 23:00:00,J-105,11,11,LOW
2024-01-05 23:00:00,J-106,7,11,LOW
2024-01-05 23:00:00,J-107,5,10,LOW
2024-01-05 23:00:00,J-108,37,16,LOW
2024-01-05 23:15:00,J-101,28,11,LOW
2024-01-05 23:15:00,J-102,22,10,LOW
2024-01-05 23:15:00,J-103,18,11,LOW
2024-01-05 23:15:00,J-104,16,11,LOW
2024-01-05 23:15:00,J-105,11,11,LOW
2024-01-05 23:15:00,J-106,8,13,LOW
2024-01-05 23:15:00,J-107,6,13,LOW
2024-01-05 23:15:00,J-108,29,12,LOW
2024-01-05 23:30:00,J-101,17,6,LOW
2024-01-05 23:30:00,J-102,13,6,LOW
2024-01-05 23:30:00,J-103,10,6,LOW
2024-01-05 23:30:00,J-104,9,6,LOW
2024-01-05 23:30:00,J-105,8,8,LOW
2024-01-05 23:30:00,J-106,4,6,LOW
2024-01-05 23:30:00,J-107,3,6,LOW
2024-01-05 23:30:00,J-108,19,8,LOW
2024-01-05 23:45:00,J-101,37,15,LOW
2024-01-05 23:45:00,J-102,31,14,LOW
2024-01-05 23:45:00,J-103,23,14,LOW
2024-01-05 23:45:00,J-104,20,14,LOW
2024-01-05 23:45:00,J-105,8,8,LOW
2024-01-05 23:45:00,J-106,7,11,LOW
2024-01-05 23:45:00,J-107,6,13,LOW
2024-01-05 23:45:00,J-108,28,12,LOW
2024-01-06 00:00:00,J-101,20,8,LOW
2024-01-06 00:00:00,J-102,20,9,LOW
2024-01-06 00:00:00,J-103,12,7,LOW
2024-01-06 00:00:00,J-104,11,7,LOW
2024-01-06 00:00:00,J-105,8,8,LOW
2024-01-06 00:00:00,J-106,5,8,LOW
2024-01-06 00:00:00,J-107,4,8,LOW
2024-01-06 00:00:00,J-108,18,7,LOW
2024-01-06 00:15:00,J-101,34,13,LOW
2024-01-06 00:15:00,J-102,27,12,LOW
2024-01-06 00:15:00,J-103,19,12,LOW
2024-01-06 00:15:00,J-104,21,15,LOW
2024-01-06 00:15:00,J-105,10,10,LOW
2024-01-06 00:15:00,J-106,8,13,LOW
2024-01-06 00:15:00,J-107,5,10,LOW
2024-01-06 00:15:00,J-108,26,11,LOW
2024-01-06 00:30:00,J-101,25,10,LOW
2024-01-06 00:30:00,J-102,21,9,LOW
2024-01-06 00:30:00,J-103,16,10,LOW
2024-01-06 00:30:00,J-104,13,9,LOW
2024-01-06 00:30:00,J-105,9,9,LOW
2024-01-06 00:30:00,J-106,7,11,LOW
2024-01-06 00:30:00,J-107,5,10,LOW
2024-01-06 00:30:00,J-108,21,9,LOW
2024-01-06 00:45:00,J-101,33,13,LOW
2024-01-06 00:45:00,J-102,24,11,LOW
2024-01-06 00:45:00,J-103,19,12,LOW
2024-01-06 00:45:00,J-104,16,11,LOW
2024-01-06 00:45:00,J-105,10,10,LOW
2024-01-06 00:45:00,J-106,7,11,LOW
2024-01-06 00:45:00,J-107,5,10,LOW
2024-01-06 00:45:00,J-108,26,11,LOW
2024-01-06 01:00:00,J-101,7,2,LOW
2024-01-06 01:00:00,J-102,6,2,LOW
2024-01-06 01:00:00,J-103,5,3,LOW
2024-01-06 01:00:00,J-104,4,2,LOW
2024-01-06 01:00:00,J-105,2,2,LOW
2024-01-06 01:00:00,J-106,1,1,LOW
2024-01-06 01:00:00,J-107,1,2,LOW
2024-01-06 01:00:00,J-108,7,3,LOW
2024-01-06 01:15:00,J-101,6,2,LOW
2024-01-06 01:15:00,J-102,8,3,LOW
2024-01-06 01:15:00,J-103,4,2,LOW
2024-01-06 01:15:00,J-104,4,2,LOW
2024-01-06 01:15:00,J-105,2,2,LOW
2024-01-06 01:15:00,J-106,2,3,LOW
2024-01-06 01:15:00,J-107,1,2,LOW
2024-01-06 01:15:00,J-108,6,2,LOW
2024-01-06 01:30:00,J-101,5,2,LOW
2024-01-06 01:30:00,J-102,7,3,LOW
2024-01-06 01:30:00,J-103,4,2,LOW
2024-01-06 01:30:00,J-104,5,3,LOW
2024-01-06 01:30:00,J-105,2,2,LOW
2024-01-06 01:30:00,J-106,1,1,LOW
2024-01-06 01:30:00,J-107,1,2,LOW
2024-01-06 01:30:00,J-108,6,2,LOW
2024-01-06 01:45:00,J-101,6,2,LOW
2024-01-06 01:45:00,J-102,6,2,LOW
2024-01-06 01:45:00,J-103,4,2,LOW
2024-01-06 01:45:00,J-104,4,2,LOW
2024-01-06 01:45:00,J-105,3,3,LOW
2024-01-06 01:45:00,J-106,1,1,LOW
2024-01-06 01:45:00,J-107,1,2,LOW
2024-01-06 01:45:00,J-108,6,2,LOW
2024-01-06 02:00:00,J-101,9,3,LOW
2024-01-06 02:00:00,J-102,8,3,LOW
2024-01-06 02:00:00,J-103,4,2,LOW
2024-01-06 02:00:00,J-104,4,2,LOW
2024-01-06 02:00:00,J-105,3,3,LOW
2024-01-06 02:00:00,J-106,1,1,LOW
2024-01-06 02:00:00,J-107,1,2,LOW
2024-01-06 02:00:00,J-108,6,2,LOW
2024-01-06 02:15:00,J-101,7,2,LOW
2024-01-06 02:15:00,J-102,6,2,LOW
2024-01-06 02:15:00,J-103,4,2,LOW
2024-01-06 02:15:00,J-104,4,2,LOW
2024-01-06 02:15:00,J-105,2,2,LOW
2024-01-06 02:15:00,J-106,2,3,LOW
2024-01-06 02:15:00,J-107,1,2,LOW
2024-01-06 02:15:00,J-108,6,2,LOW
2024-01-06 02:30:00,J-101,9,3,LOW
2024-01-06 02:30:00,J-102,8,3,LOW
2024-01-06 02:30:00,J-103,6,3,LOW
2024-01-06 02:30:00,J-104,4,2,LOW
2024-01-06 02:30:00,J-105,2,2,LOW
2024-01-06 02:30:00,J-106,1,1,LOW
2024-01-06 02:30:00,J-107,1,2,LOW
2024-01-06 02:30:00,J-108,6,2,LOW
2024-01-06 02:45:00,J-101,7,2,LOW
2024-01-06 02:45:00,J-102,7,3,LOW
2024-01-06 02:45:00,J-103,3,1,LOW
2024-01-06 02:45:00,J-104,5,3,LOW
2024-01-06 02:45:00,J-105,2,2,LOW
2024-01-06 02:45:00,J-106,1,1,LOW
2024-01-06 02:45:00,J-107,1,2,LOW
2024-01-06 02:45:00,J-108,6,2,LOW
2024-01-06 03:00:00,J-101,8,3,LOW
2024-01-06 03:00:00,J-102,8,3,LOW
2024-01-06 03:00:00,J-103,5,3,LOW
2024-01-06 03:00:00,J-104,4,2,LOW
2024-01-06 03:00:00,J-105,3,3,LOW
2024-01-06 03:00:00,J-106,1,1,LOW
2024-01-06 03:00:00,J-107,1,2,LOW
2024-01-06 03:00:00,J-108,6,2,LOW
2024-01-06 03:15:00,J-101,7,2,LOW
2024-01-06 03:15:00,J-102,7,3,LOW
2024-01-06 03:15:00,J-103,4,2,LOW
2024-01-06 03:15:00,J-104,3,2,LOW
2024-01-06 03:15:00,J-105,3,3,LOW
2024-01-06 03:15:00,J-106,2,3,LOW
2024-01-06 03:15:00,J-107,1,2,LOW
2024-01-06 03:15:00,J-108,8,3,LOW
2024-01-06 03:30:00,J-101,6,2,LOW
2024-01-06 03:30:00,J-102,4,1,LOW
2024-01-06 03:30:00,J-103,3,1,LOW
2024-01-06 03:30:00,J-104,2,1,LOW
2024-01-06 03:30:00,J-105,1,1,LOW
2024-01-06 03:30:00,J-106,1,1,LOW
2024-01-06 03:30:00,J-107,1,2,LOW
2024-01-06 03:30:00,J-108,6,2,LOW
2024-01-06 03:45:00,J-101,7,2,LOW
2024-01-06 03:45:00,J-102,8,3,LOW
2024-01-06 03:45:00,J-103,4,2,LOW
2024-01-06 03:45:00,J-104,5,3,LOW
2024-01-06 03:45:00,J-105,3,3,LOW
2024-01-06 03:45:00,J-106,2,3,LOW
2024-01-06 03:45:00,J-107,1,2,LOW
2024-01-06 03:45:00,J-108,8,3,LOW
2024-01-06 04:00:00,J-101,7,2,LOW
2024-01-06 04:00:00,J-102,6,2,LOW
2024-01-06 04:00:00,J-103,4,2,LOW
2024-01-06 04:00:00,J-104,4,2,LOW
2024-01-06 04:00:00,J-105,2,2,LOW
2024-01-06 04:00:00,J-106,1,1,LOW
2024-01-06 04:00:00,J-107,1,2,LOW
2024-01-06 04:00:00,J-108,7,3,LOW
2024-01-06 04:15:00,J-101,8,3,LOW
2024-01-06 04:15:00,J-102,7,3,LOW
2024-01-06 04:15:00,J-103,5,3,LOW
2024-01-06 04:15:00,J-104,4,2,LOW
2024-01-06 04:15:00,J-105,2,2,LOW
2024-01-06 04:15:00,J-106,2,3,LOW
2024-01-06 04:15:00,J-107,1,2,LOW
2024-01-06 04:15:00,J-108,7,3,LOW
2024-01-06 04:30:00,J-101,8,3,LOW
2024-01-06 04:30:00,J-102,6,2,LOW
2024-01-06 04:30:00,J-103,4,2,LOW
2024-01-06 04:30:00,J-104,3,2,LOW
2024-01-06 04:30:00,J-105,2,2,LOW
2024-01-06 04:30:00,J-106,1,1,LOW
2024-01-06 04:30:00,J-107,1,2,LOW
2024-01-06 04:30:00,J-108,6,2,LOW
2024-01-06 04:45:00,J-101,7,2,LOW
2024-01-06 04:45:00,J-102,6,2,LOW
2024-01-06 04:45:00,J-103,5,3,LOW
2024-01-06 04:45:00,J-104,4,2,LOW
2024-01-06 04:45:00,J-105,3,3,LOW
2024-01-06 04:45:00,J-106,2,3,LOW
2024-01-06 04:45:00,J-107,1,2,LOW
2024-01-06 04:45:00,J-108,7,3,LOW
2024-01-06 05:00:00,J-101,7,2,LOW
2024-01-06 05:00:00,J-102,7,3,LOW
2024-01-06 05:00:00,J-103,3,1,LOW
2024-01-06 05:00:00,J-104,4,2,LOW
2024-01-06 05:00:00,J-105,2,2,LOW
2024-01-06 05:00:00,J-106,2,3,LOW
2024-01-06 05:00:00,J-107,1,2,LOW
2024-01-06 05:00:00,J-108,6,2,LOW
2024-01-06 05:15:00,J-101,30,12,LOW
2024-01-06 05:15:00,J-102,26,12,LOW
2024-01-06 05:15:00,J-103,22,14,LOW
2024-01-06 05:15:00,J-104,14,10,LOW
2024-01-06 05:15:00,J-105,12,13,LOW
2024-01-06 05:15:00,J-106,8,13,LOW
2024-01-06 05:15:00,J-107,5,10,LOW
2024-01-06 05:15:00,J-108,33,14,LOW
2024-01-06 05:30:00,J-101,32,13,LOW
2024-01-06 05:30:00,J-102,25,11,LOW
2024-01-06 05:30:00,J-103,21,13,LOW
2024-01-06 05:30:00,J-104,17,12,LOW
2024-01-06 05:30:00,J-105,10,10,LOW
2024-01-06 05:30:00,J-106,6,9,LOW
2024-01-06 05:30:00,J-107,6,13,LOW
2024-01-06 05:30:00,J-108,27,11,LOW
2024-01-06 05:45:00,J-101,22,8,LOW
2024-01-06 05:45:00,J-102,28,13,LOW
2024-01-06 05:45:00,J-103,16,10,LOW
2024-01-06 05:45:00,J-104,16,11,LOW
2024-01-06 05:45:00,J-105,8,8,LOW
2024-01-06 05:45:00,J-106,6,9,LOW
2024-01-06 05:45:00,J-107,4,8,LOW
2024-01-06 05:45:00,J-108,19,8,LOW
2024-01-06 06:00:00,J-101,29,11,LOW
2024-01-06 06:00:00,J-102,25,11,LOW
2024-01-06 06:00:00,J-103,18,11,LOW
2024-01-06 06:00:00,J-104,11,7,LOW
2024-01-06 06:00:00,J-105,11,11,LOW
2024-01-06 06:00:00,J-106,6,9,LOW
2024-01-06 06:00:00,J-107,5,10,LOW
2024-01-06 06:00:00,J-108,27,11,LOW
2024-01-06 06:15:00,J-101,33,13,LOW
2024-01-06 06:15:00,J-102,25,11,LOW
2024-01-06 06:15:00,J-103,19,12,LOW
2024-01-06 06:15:00,J-104,16,11,LOW
2024-01-06 06:15:00,J-105,11,11,LOW
2024-01-06 06:15:00,J-106,8,13,LOW
2024-01-06 06:15:00,J-107,6,13,LOW
2024-01-06 06:15:00,J-108,29,12,LOW
2024-01-06 06:30:00,J-101,27,10,LOW
2024-01-06 06:30:00,J-102,20,9,LOW
2024-01-06 06:30:00,J-103,14,9,LOW
2024-01-06 06:30:00,J-104,13,9,LOW
2024-01-06 06:30:00,J-105,11,11,LOW
2024-01-06 06:30:00,J-106,7,11,LOW
2024-01-06 06:30:00,J-107,5,10,LOW
2024-01-06 06:30:00,J-108,22,9,LOW
2024-01-06 06:45:00,J-101,29,11,LOW
2024-01-06 06:45:00,J-102,33,15,LOW
2024-01-06 06:45:00,J-103,17,11,LOW
2024-01-06 06:45:00,J-104,17,12,LOW
2024-01-06 06:45:00,J-105,10,10,LOW
2024-01-06 06:45:00,J-106,7,11,LOW
2024-01-06 06:45:00,J-107,6,13,LOW
2024-01-06 06:45:00,J-108,29,12,LOW
2024-01-06 07:00:00,J-101,14,5,LOW
2024-01-06 07:00:00,J-102,17,7,LOW
2024-01-06 07:00:00,J-103,12,7,LOW
2024-01-06 07:00:00,J-104,12,8,LOW
2024-01-06 07:00:00,J-105,7,7,LOW
2024-01-06 07:00:00,J-106,4,6,LOW
2024-01-06 07:00:00,J-107,3,6,LOW
2024-01-06 07:00:00,J-108,18,7,LOW
2024-01-06 07:15:00,J-101,31,12,LOW
2024-01-06 07:15:00,J-102,25,11,LOW
2024-01-06 07:15:00,J-103,20,13,LOW
2024-01-06 07:15:00,J-104,19,13,LOW
2024-01-06 07:15:00,J-105,11,11,LOW
2024-01-06 07:15:00,J-106,8,13,LOW
2024-01-06 07:15:00,J-107,5,10,LOW
2024-01-06 07:15:00,J-108,26,11,LOW
2024-01-06 07:30:00,J-101,25,10,LOW
2024-01-06 07:30:00,J-102,19,8,LOW
2024-01-06 07:30:00,J-103,16,10,LOW
2024-01-06 07:30:00,J-104,19,13,LOW
2024-01-06 07:30:00,J-105,11,11,LOW
2024-01-06 07:30:00,J-106,7,11,LOW
2024-01-06 07:30:00,J-107,5,10,LOW
2024-01-06 07:30:00,J-108,32,13,LOW
2024-01-06 07:45:00,J-101,30,12,LOW
2024-01-06 07:45:00,J-102,22,10,LOW
2024-01-06 07:45:00,J-103,20,13,LOW
2024-01-06 07:45:00,J-104,19,13,LOW
2024-01-06 07:45:00,J-105,13,14,LOW
2024-01-06 07:45:00,J-106,6,9,LOW
2024-01-06 07:45:00,J-107,6,13,LOW
2024-01-06 07:45:00,J-108,32,13,LOW
2024-01-06 08:00:00,J-101,26,10,LOW
2024-01-06 08:00:00,J-102,22,10,LOW
2024-01-06 08:00:00,J-103,16,10,LOW
2024-01-06 08:00:00,J-104,15,10,LOW
2024-01-06 08:00:00,J-105,12,13,LOW
2024-01-06 08:00:00,J-106,7,11,LOW
2024-01-06 08:00:00,J-107,4,8,LOW
2024-01-06 08:00:00,J-108,27,11,LOW
2024-01-06 08:15:00,J-101,33,13,LOW
2024-01-06 08:15:00,J-102,27,12,LOW
2024-01-06 08:15:00,J-103,24,15,LOW
2024-01-06 08:15:00,J-104,16,11,LOW
2024-01-06 08:15:00,J-105,10,10,LOW
2024-01-06 08:15:00,J-106,6,9,LOW
2024-01-06 08:15:00,J-107,5,10,LOW
2024-01-06 08:15:00,J-108,23,9,LOW
2024-01-06 08:30:00,J-101,29,11,LOW
2024-01-06 08:30:00,J-102,29,13,LOW
2024-01-06 08:30:00,J-103,25,16,LOW
2024-01-06 08:30:00,J-104,15,10,LOW
2024-01-06 08:30:00,J-105,12,13,LOW
2024-01-06 08:30:00,J-106,8,13,LOW
2024-01-06 08:30:00,J-107,5,10,LOW
2024-01-06 08:30:00,J-108,28,12,LOW
2024-01-06 08:45:00,J-101,35,14,LOW
2024-01-06 08:45:00,J-102,29,13,LOW
2024-01-06 08:45:00,J-103,23,14,LOW
2024-01-06 08:45:00,J-104,13,9,LOW
2024-01-06 08:45:00,J-105,11,11,LOW
2024-01-06 08:45:00,J-106,8,13,LOW
2024-01-06 08:45:00,J-107,5,10,LOW
2024-01-06 08:45:00,J-108,34,14,LOW
2024-01-06 09:00:00,J-101,25,10,LOW
2024-01-06 09:00:00,J-102,22,10,LOW
2024-01-06 09:00:00,J-103,20,13,LOW
2024-01-06 09:00:00,J-104,18,13,LOW
2024-01-06 09:00:00,J-105,11,11,LOW
2024-01-06 09:00:00,J-106,6,9,LOW
2024-01-06 09:00:00,J-107,6,13,LOW
2024-01-06 09:00:00,J-108,27,11,LOW
2024-01-06 09:15:00,J-101,28,11,LOW
2024-01-06 09:15:00,J-102,24,11,LOW
2024-01-06 09:15:00,J-103,19,12,LOW
2024-01-06 09:15:00,J-104,21,15,LOW
2024-01-06 09:15:00,J-105,14,15,LOW
2024-01-06 09:15:00,J-106,9,14,LOW
2024-01-06 09:15:00,J-107,5,10,LOW
2024-01-06 09:15:00,J-108,28,12,LOW
2024-01-06 09:30:00,J-101,30,12,LOW
2024-01-06 09:30:00,J-102,32,14,LOW
2024-01-06 09:30:00,J-103,20,13,LOW
2024-01-06 09:30:00,J-104,18,13,LOW
2024-01-06 09:30:00,J-105,12,13,LOW
2024-01-06 09:30:00,J-106,9,14,LOW
2024-01-06 09:30:00,J-107,5,10,LOW
2024-01-06 09:30:00,J-108,30,13,LOW
2024-01-06 09:45:00,J-101,28,11,LOW
2024-01-06 09:45:00,J-102,20,9,LOW
2024-01-06 09:45:00,J-103,15,9,LOW
2024-01-06 09:45:00,J-104,13,9,LOW
2024-01-06 09:45:00,J-105,10,10,LOW
2024-01-06 09:45:00,J-106,7,11,LOW
2024-01-06 09:45:00,J-107,5,10,LOW
2024-01-06 09:45:00,J-108,20,8,LOW
2024-01-06 10:00:00,J-101,88,35,LOW
2024-01-06 10:00:00,J-102,78,36,LOW
2024-01-06 10:00:00,J-103,54,35,LOW
2024-01-06 10:00:00,J-104,43,31,LOW
2024-01-06 10:00:00,J-105,25,27,LOW
2024-01-06 10:00:00,J-106,21,34,LOW
2024-01-06 10:00:00,J-107,17,36,LOW
2024-01-06 10:00:00,J-108,91,39,LOW
2024-01-06 10:15:00,J-101,101,41,MODERATE
2024-01-06 10:15:00,J-102,91,42,MODERATE
2024-01-06 10:15:00,J-103,64,41,MODERATE
2024-01-06 10:15:00,J-104,59,42,MODERATE
2024-01-06 10:15:00,J-105,31,33,LOW
2024-01-06 10:15:00,J-106,23,37,LOW
2024-01-06 10:15:00,J-107,18,39,LOW
2024-01-06 10:15:00,J-108,98,42,MODERATE
2024-01-06 10:30:00,J-101,99,40,MODERATE
2024-01-06 10:30:00,J-102,96,44,MODERATE
2024-01-06 10:30:00,J-103,62,40,MODERATE
2024-01-06 10:30:00,J-104,50,36,LOW
2024-01-06 10:30:00,J-105,31,33,LOW
2024-01-06 10:30:00,J-106,22,35,LOW
2024-01-06 10:30:00,J-107,19,41,MODERATE
2024-01-06 10:30:00,J-108,96,,MODERATE
2024-01-06 10:45:00,J-101,109,44,MODERATE
2024-01-06 10:45:00,J-102,69,32,LOW
2024-01-06 10:45:00,J-103,70,45,MODERATE
2024-01-06 10:45:00,J-104,56,40,MODERATE
2024-01-06 10:45:00,J-105,44,47,MODERATE
2024-01-06 10:45:00,J-106,29,47,MODERATE
2024-01-06 10:45:00,J-107,23,49,MODERATE
2024-01-06 10:45:00,J-108,119,51,MODERATE
2024-01-06 11:00:00,J-101,136,55,MODERATE
2024-01-06 11:00:00,J-102,116,53,MODERATE
2024-01-06 11:00:00,J-103,85,55,MODERATE
2024-01-06 11:00:00,J-104,68,49,MODERATE
2024-01-06 11:00:00,J-105,43,46,MODERATE
2024-01-06 11:00:00,J-106,30,48,MODERATE
2024-01-06 11:00:00,J-107,25,54,MODERATE
2024-01-06 11:00:00,J-108,99,42,MODERATE
2024-01-06 11:15:00,J-101,120,48,MODERATE
2024-01-06 11:15:00,J-102,126,58,MODERATE
2024-01-06 11:15:00,J-103,79,51,MODERATE
2024-01-06 11:15:00,J-104,68,49,MODERATE
2024-01-06 11:15:00,J-105,48,52,MODERATE
2024-01-06 11:15:00,J-106,25,40,MODERATE
2024-01-06 11:15:00,J-107,24,52,MODERATE
2024-01-06 11:15:00,J-108,99,42,MODERATE
2024-01-06 11:30:00,J-101,115,46,MODERATE
2024-01-06 11:30:00,J-102,99,45,MODERATE
2024-01-06 11:30:00,J-103,86,55,MODERATE
2024-01-06 11:30:00,J-104,80,57,MODERATE
2024-01-06 11:30:00,J-105,50,54,MODERATE
2024-01-06 11:30:00,J-106,32,52,MODERATE
2024-01-06 11:30:00,J-107,19,41,MODERATE
2024-01-06 11:30:00,J-108,112,48,MODERATE
2024-01-06 11:45:00,J-101,115,46,MODERATE
2024-01-06 11:45:00,J-102,127,58,MODERATE
2024-01-06 11:45:00,J-103,84,54,MODERATE
2024-01-06 11:45:00,J-104,56,40,MODERATE
2024-01-06 11:45:00,J-105,41,44,MODERATE
2024-01-06 11:45:00,J-106,30,48,MODERATE
2024-01-06 11:45:00,J-107,23,49,MODERATE
2024-01-06 11:45:00,J-108,97,42,MODERATE
2024-01-06 12:00:00,J-101,145,58,MODERATE
2024-01-06 12:00:00,J-102,105,48,MODERATE
2024-01-06 12:00:00,J-103,80,52,MODERATE
2024-01-06 12:00:00,J-104,67,48,MODERATE
2024-01-06 12:00:00,J-105,48,52,MODERATE
2024-01-06 12:00:00,J-106,32,52,MODERATE
2024-01-06 12:00:00,J-107,30,65,MODERATE
2024-01-06 12:00:00,J-108,135,58,MODERATE
2024-01-06 12:15:00,J-101,128,52,MODERATE
2024-01-06 12:15:00,J-102,108,50,MODERATE
2024-01-06 12:15:00,J-103,86,55,MODERATE
2024-01-06 12:15:00,J-104,74,53,MODERATE
2024-01-06 12:15:00,J-105,46,49,MODERATE
2024-01-06 12:15:00,J-106,28,45,MODERATE
2024-01-06 12:15:00,J-107,19,41,MODERATE
2024-01-06 12:15:00,J-108,122,52,MODERATE
2024-01-06 12:30:00,J-101,116,47,MODERATE
2024-01-06 12:30:00,J-102,84,39,LOW
2024-01-06 12:30:00,J-103,72,46,MODERATE
2024-01-06 12:30:00,J-104,65,46,MODERATE
2024-01-06 12:30:00,J-105,34,36,LOW
2024-01-06 12:30:00,J-106,32,52,MODERATE
2024-01-06 12:30:00,J-107,22,47,MODERATE
2024-01-06 12:30:00,J-108,86,37,LOW
2024-01-06 12:45:00,J-101,113,45,MODERATE
2024-01-06 12:45:00,J-102,128,59,MODERATE
2024-01-06 12:45:00,J-103,89,57,MODERATE
2024-01-06 12:45:00,J-104,80,57,MODERATE
2024-01-06 12:45:00,J-105,37,40,MODERATE
2024-01-06 12:45:00,J-106,31,50,MODERATE
2024-01-06 12:45:00,J-107,19,41,MODERATE
2024-01-06 12:45:00,J-108,103,44,MODERATE
2024-01-06 13:00:00,J-101,115,46,MODERATE
2024-01-06 13:00:00,J-102,109,50,MODERATE
2024-01-06 13:00:00,J-103,89,57,MODERATE
2024-01-06 13:00:00,J-104,67,48,MODERATE
2024-01-06 13:00:00,J-105,46,49,MODERATE
2024-01-06 13:00:00,J-106,32,52,MODERATE
2024-01-06 13:00:00,J-107,20,43,MODERATE
2024-01-06 13:00:00,J-108,83,35,LOW
2024-01-06 13:15:00,J-101,96,39,LOW
2024-01-06 13:15:00,J-102,98,45,MODERATE
2024-01-06 13:15:00,J-103,65,42,MODERATE
2024-01-06 13:15:00,J-104,58,41,MODERATE
2024-01-06 13:15:00,J-105,44,47,MODERATE
2024-01-06 13:15:00,J-106,28,45,MODERATE
2024-01-06 13:15:00,J-107,24,52,MODERATE
2024-01-06 13:15:00,J-108,87,37,LOW
2024-01-06 13:30:00,J-101,120,48,MODERATE
2024-01-06 13:30:00,J-102,94,43,MODERATE
2024-01-06 13:30:00,J-103,58,37,LOW
2024-01-06 13:30:00,J-104,65,46,MODERATE
2024-01-06 13:30:00,J-105,42,45,MODERATE
2024-01-06 13:30:00,J-106,27,43,MODERATE
2024-01-06 13:30:00,J-107,25,54,MODERATE
2024-01-06 13:30:00,J-108,102,44,MODERATE
2024-01-06 13:45:00,J-101,88,35,LOW
2024-01-06 13:45:00,J-102,91,42,MODERATE
2024-01-06 13:45:00,J-103,65,42,MODERATE
2024-01-06 13:45:00,J-104,53,38,LOW
2024-01-06 13:45:00,J-105,24,26,LOW
2024-01-06 13:45:00,J-106,24,39,LOW
2024-01-06 13:45:00,J-107,18,39,LOW
2024-01-06 13:45:00,J-108,102,44,MODERATE
2024-01-06 14:00:00,J-101,95,38,LOW
2024-01-06 14:00:00,J-102,73,33,LOW
2024-01-06 14:00:00,J-103,50,32,LOW
2024-01-06 14:00:00,J-104,43,31,LOW
2024-01-06 14:00:00,J-105,30,32,LOW
2024-01-06 14:00:00,J-106,18,29,LOW
2024-01-06 14:00:00,J-107,15,32,LOW
2024-01-06 14:00:00,J-108,77,33,LOW
2024-01-06 14:15:00,J-101,28,11,LOW
2024-01-06 14:15:00,J-102,30,13,LOW
2024-01-06 14:15:00,J-103,19,12,LOW
2024-01-06 14:15:00,J-104,19,13,LOW
2024-01-06 14:15:00,J-105,11,11,LOW
2024-01-06 14:15:00,J-106,6,9,LOW
2024-01-06 14:15:00,J-107,5,10,LOW
2024-01-06 14:15:00,J-108,30,13,LOW
2024-01-06 14:30:00,J-101,31,12,LOW
2024-01-06 14:30:00,J-102,30,13,LOW
2024-01-06 14:30:00,J-103,22,14,LOW
2024-01-06 14:30:00,J-104,16,11,LOW
2024-01-06 14:30:00,J-105,11,11,LOW
2024-01-06 14:30:00,J-106,8,13,LOW
2024-01-06 14:30:00,J-107,6,13,LOW
2024-01-06 14:30:00,J-108,34,14,LOW
2024-01-06 14:45:00,J-101,33,13,LOW
2024-01-06 14:45:00,J-102,23,10,LOW
2024-01-06 14:45:00,J-103,21,13,LOW
2024-01-06 14:45:00,J-104,21,15,LOW
2024-01-06 14:45:00,J-105,12,13,LOW
2024-01-06 14:45:00,J-106,9,14,LOW
2024-01-06 14:45:00,J-107,5,10,LOW
2024-01-06 14:45:00,J-108,28,12,LOW
2024-01-06 15:00:00,J-101,40,16,LOW
2024-01-06 15:00:00,J-102,24,11,LOW
2024-01-06 15:00:00,J-103,18,11,LOW
2024-01-06 15:00:00,J-104,17,12,LOW
2024-01-06 15:00:00,J-105,10,10,LOW
2024-01-06 15:00:00,J-106,8,13,LOW
2024-01-06 15:00:00,J-107,7,15,LOW
2024-01-06 15:00:00,J-108,32,13,LOW
2024-01-06 15:15:00,J-101,21,8,LOW
2024-01-06 15:15:00,J-102,18,8,LOW
2024-01-06 15:15:00,J-103,13,8,LOW
2024-01-06 15:15:00,J-104,11,7,LOW
2024-01-06 15:15:00,J-105,8,8,LOW
2024-01-06 15:15:00,J-106,6,9,LOW
2024-01-06 15:15:00,J-107,4,8,LOW
2024-01-06 15:15:00,J-108,25,10,LOW
2024-01-06 15:30:00,J-101,31,12,LOW
2024-01-06 15:30:00,J-102,18,8,LOW
2024-01-06 15:30:00,J-103,20,13,LOW
2024-01-06 15:30:00,J-104,20,14,LOW
2024-01-06 15:30:00,J-105,12,13,LOW
2024-01-06 15:30:00,J-106,8,13,LOW
2024-01-06 15:30:00,J-107,6,13,LOW
2024-01-06 15:30:00,J-108,30,13,LOW
2024-01-06 15:45:00,J-101,27,10,LOW
2024-01-06 15:45:00,J-102,29,13,LOW
2024-01-06 15:45:00,J-103,17,11,LOW
2024-01-06 15:45:00,J-104,16,11,LOW
2024-01-06 15:45:00,J-105,9,9,LOW
2024-01-06 15:45:00,J-106,8,13,LOW
2024-01-06 15:45:00,J-107,5,10,LOW
2024-01-06 15:45:00,J-108,31,13,LOW
2024-01-06 16:00:00,J-101,74,30,LOW
2024-01-06 16:00:00,J-102,66,30,LOW
2024-01-06 16:00:00,J-103,49,31,LOW
2024-01-06 16:00:00,J-104,37,26,LOW
2024-01-06 16:00:00,J-105,29,31,LOW
2024-01-06 16:00:00,J-106,18,29,LOW
2024-01-06 16:00:00,J-107,13,28,LOW
2024-01-06 16:00:00,J-108,71,30,LOW
2024-01-06 16:15:00,J-101,80,32,LOW
2024-01-06 16:15:00,J-102,62,28,LOW
2024-01-06 16:15:00,J-103,44,28,LOW
2024-01-06 16:15:00,J-104,39,28,LOW
2024-01-06 16:15:00,J-105,28,30,LOW
2024-01-06 16:15:00,J-106,16,26,LOW
2024-01-06 16:15:00,J-107,13,28,LOW
2024-01-06 16:15:00,J-108,71,30,LOW
2024-01-06 16:30:00,J-101,66,26,LOW
2024-01-06 16:30:00,J-102,62,28,LOW
2024-01-06 16:30:00,J-103,41,26,LOW
2024-01-06 16:30:00,J-104,41,29,LOW
2024-01-06 16:30:00,J-105,25,27,LOW
2024-01-06 16:30:00,J-106,17,27,LOW
2024-01-06 16:30:00,J-107,11,23,LOW
2024-01-06 16:30:00,J-108,59,25,LOW
2024-01-06 16:45:00,J-101,94,38,LOW
2024-01-06 16:45:00,J-102,79,36,LOW
2024-01-06 16:45:00,J-103,59,38,LOW
2024-01-06 16:45:00,J-104,43,31,LOW
2024-01-06 16:45:00,J-105,33,35,LOW
2024-01-06 16:45:00,J-106,25,,MODERATE
2024-01-06 16:45:00,J-107,13,28,LOW
2024-01-06 16:45:00,J-108,87,37,LOW
2024-01-06 17:00:00,J-101,117,47,MODERATE
2024-01-06 17:00:00,J-102,75,34,LOW
2024-01-06 17:00:00,J-103,57,37,LOW
2024-01-06 17:00:00,J-104,44,31,LOW
2024-01-06 17:00:00,J-105,36,39,LOW
2024-01-06 17:00:00,J-106,26,42,MODERATE
2024-01-06 17:00:00,J-107,15,32,LOW
2024-01-06 17:00:00,J-108,93,40,MODERATE
2024-01-06 17:15:00,J-101,108,43,MODERATE
2024-01-06 17:15:00,J-102,99,45,MODERATE
2024-01-06 17:15:00,J-103,59,38,LOW
2024-01-06 17:15:00,J-104,54,39,LOW
2024-01-06 17:15:00,J-105,26,28,LOW
2024-01-06 17:15:00,J-106,25,40,MODERATE
2024-01-06 17:15:00,J-107,21,45,MODERATE
2024-01-06 17:15:00,J-108,74,32,LOW
2024-01-06 17:30:00,J-101,82,33,LOW
2024-01-06 17:30:00,J-102,90,41,MODERATE
2024-01-06 17:30:00,J-103,66,42,MODERATE
2024-01-06 17:30:00,J-104,49,35,LOW
2024-01-06 17:30:00,J-105,38,41,MODERATE
2024-01-06 17:30:00,J-106,24,39,LOW
2024-01-06 17:30:00,J-107,17,36,LOW
2024-01-06 17:30:00,J-108,90,39,LOW
2024-01-06 17:45:00,J-101,117,47,MODERATE
2024-01-06 17:45:00,J-102,94,43,MODERATE
2024-01-06 17:45:00,J-103,77,50,MODERATE
2024-01-06 17:45:00,J-104,60,43,MODERATE
2024-01-06 17:45:00,J-105,42,45,MODERATE
2024-01-06 17:45:00,J-106,24,39,LOW
2024-01-06 17:45:00,J-107,22,47,MODERATE
2024-01-06 17:45:00,J-108,117,50,MODERATE
2024-01-06 18:00:00,J-101,111,45,MODERATE
2024-01-06 18:00:00,J-102,88,40,MODERATE
2024-01-06 18:00:00,J-103,59,,LOW
2024-01-06 18:00:00,J-104,56,40,MODERATE
2024-01-06 18:00:00,J-105,38,41,MODERATE
2024-01-06 18:00:00,J-106,29,47,MODERATE
2024-01-06 18:00:00,J-107,18,39,LOW
2024-01-06 18:00:00,J-108,97,42,MODERATE
2024-01-06 18:15:00,J-101,67,27,LOW
2024-01-06 18:15:00,J-102,52,24,LOW
2024-01-06 18:15:00,J-103,35,22,LOW
2024-01-06 18:15:00,J-104,30,21,LOW
2024-01-06 18:15:00,J-105,24,26,LOW
2024-01-06 18:15:00,J-106,12,19,LOW
2024-01-06 18:15:00,J-107,12,26,LOW
2024-01-06 18:15:00,J-108,56,24,LOW
2024-01-06 18:30:00,J-101,85,34,LOW
2024-01-06 18:30:00,J-102,92,42,MODERATE
2024-01-06 18:30:00,J-103,50,32,LOW
2024-01-06 18:30:00,J-104,49,35,LOW
2024-01-06 18:30:00,J-105,29,31,LOW
2024-01-06 18:30:00,J-106,22,35,LOW
2024-01-06 18:30:00,J-107,17,36,LOW
2024-01-06 18:30:00,J-108,84,36,LOW
2024-01-06 18:45:00,J-101,121,49,MODERATE
2024-01-06 18:45:00,J-102,87,40,MODERATE
2024-01-06 18:45:00,J-103,68,44,MODERATE
2024-01-06 18:45:00,J-104,51,36,LOW
2024-01-06 18:45:00,J-105,36,39,LOW
2024-01-06 18:45:00,J-106,25,40,MODERATE
2024-01-06 18:45:00,J-107,17,36,LOW
2024-01-06 18:45:00,J-108,87,37,LOW
2024-01-06 19:00:00,J-101,,26,LOW
2024-01-06 19:00:00,J-102,50,23,LOW
2024-01-06 19:00:00,J-103,45,29,LOW
2024-01-06 19:00:00,J-104,52,37,LOW
2024-01-06 19:00:00,J-105,33,35,LOW
2024-01-06 19:00:00,J-106,19,30,LOW
2024-01-06 19:00:00,J-107,15,32,LOW
2024-01-06 19:00:00,J-108,71,30,LOW
2024-01-06 19:15:00,J-101,78,31,LOW
2024-01-06 19:15:00,J-102,70,32,LOW
2024-01-06 19:15:00,J-103,54,35,LOW
2024-01-06 19:15:00,J-104,58,41,MODERATE
2024-01-06 19:15:00,J-105,40,43,MODERATE
2024-01-06 19:15:00,J-106,23,37,LOW
2024-01-06 19:15:00,J-107,14,30,LOW
2024-01-06 19:15:00,J-108,82,35,LOW
2024-01-06 19:30:00,J-101,77,31,LOW
2024-01-06 19:30:00,J-102,77,35,LOW
2024-01-06 19:30:00,J-103,47,30,LOW
2024-01-06 19:30:00,J-104,43,31,LOW
2024-01-06 19:30:00,J-105,30,32,LOW
2024-01-06 19:30:00,J-106,16,26,LOW
2024-01-06 19:30:00,J-107,12,26,LOW
2024-01-06 19:30:00,J-108,58,25,LOW
2024-01-06 19:45:00,J-101,85,34,LOW
2024-01-06 19:45:00,J-102,71,32,LOW
2024-01-06 19:45:00,J-103,50,32,LOW
2024-01-06 19:45:00,J-104,48,34,LOW
2024-01-06 19:45:00,J-105,29,31,LOW
2024-01-06 19:45:00,J-106,21,34,LOW
2024-01-06 19:45:00,J-107,17,36,LOW
2024-01-06 19:45:00,J-108,69,29,LOW
2024-01-06 20:00:00,J-101,51,20,LOW
2024-01-06 20:00:00,J-102,72,33,LOW
2024-01-06 20:00:00,J-103,62,40,MODERATE
2024-01-06 20:00:00,J-104,41,29,LOW
2024-01-06 20:00:00,J-105,28,,LOW
2024-01-06 20:00:00,J-106,15,24,LOW
2024-01-06 20:00:00,J-107,13,28,LOW
2024-01-06 20:00:00,J-108,74,32,LOW
2024-01-06 20:15:00,J-101,39,15,LOW
2024-01-06 20:15:00,J-102,20,9,LOW
2024-01-06 20:15:00,J-103,19,12,LOW
2024-01-06 20:15:00,J-104,14,10,LOW
2024-01-06 20:15:00,J-105,12,13,LOW
2024-01-06 20:15:00,J-106,7,11,LOW
2024-01-06 20:15:00,J-107,6,13,LOW
2024-01-06 20:15:00,J-108,23,9,LOW
2024-01-06 20:30:00,J-101,27,10,LOW
2024-01-06 20:30:00,J-102,27,12,LOW
2024-01-06 20:30:00,J-103,18,11,LOW
2024-01-06 20:30:00,J-104,18,13,LOW
2024-01-06 20:30:00,J-105,10,10,LOW
2024-01-06 20:30:00,J-106,8,13,LOW
2024-01-06 20:30:00,J-107,5,10,LOW
2024-01-06 20:30:00,J-108,27,11,LOW
2024-01-06 20:45:00,J-101,30,12,LOW
2024-01-06 20:45:00,J-102,27,12,LOW
2024-01-06 20:45:00,J-103,21,13,LOW
2024-01-06 20:45:00,J-104,19,13,LOW
2024-01-06 20:45:00,J-105,12,13,LOW
2024-01-06 20:45:00,J-106,9,14,LOW
2024-01-06 20:45:00,J-107,6,13,LOW
2024-01-06 20:45:00,J-108,34,14,LOW
2024-01-06 21:00:00,J-101,22,8,LOW
2024-01-06 21:00:00,J-102,20,9,LOW
2024-01-06 21:00:00,J-103,13,8,LOW
2024-01-06 21:00:00,J-104,12,8,LOW
2024-01-06 21:00:00,J-105,8,8,LOW
2024-01-06 21:00:00,J-106,6,9,LOW
2024-01-06 21:00:00,J-107,3,6,LOW
2024-01-06 21:00:00,J-108,21,9,LOW
2024-01-06 21:15:00,J-101,30,12,LOW
2024-01-06 21:15:00,J-102,27,12,LOW
2024-01-06 21:15:00,J-103,22,14,LOW
2024-01-06 21:15:00,J-104,15,10,LOW
2024-01-06 21:15:00,J-105,12,13,LOW
2024-01-06 21:15:00,J-106,7,11,LOW
2024-01-06 21:15:00,J-107,6,13,LOW
2024-01-06 21:15:00,J-108,28,12,LOW
2024-01-06 21:30:00,J-101,25,10,LOW
2024-01-06 21:30:00,J-102,27,12,LOW
2024-01-06 21:30:00,J-103,19,12,LOW
2024-01-06 21:30:00,J-104,17,12,LOW
2024-01-06 21:30:00,J-105,9,9,LOW
2024-01-06 21:30:00,J-106,8,13,LOW
2024-01-06 21:30:00,J-107,5,10,LOW
2024-01-06 21:30:00,J-108,30,13,LOW
2024-01-06 21:45:00,J-101,37,15,LOW
2024-01-06 21:45:00,J-102,20,9,LOW
2024-01-06 21:45:00,J-103,18,11,LOW
2024-01-06 21:45:00,J-104,17,12,LOW
2024-01-06 21:45:00,J-105,10,10,LOW
2024-01-06 21:45:00,J-106,9,14,LOW
2024-01-06 21:45:00,J-107,6,13,LOW
2024-01-06 21:45:00,J-108,27,11,LOW
2024-01-06 22:00:00,J-101,31,12,LOW
2024-01-06 22:00:00,J-102,31,14,LOW
2024-01-06 22:00:00,J-103,19,12,LOW
2024-01-06 22:00:00,J-104,17,12,LOW
2024-01-06 22:00:00,J-105,10,10,LOW
2024-01-06 22:00:00,J-106,9,14,LOW
2024-01-06 22:00:00,J-107,5,10,LOW
2024-01-06 22:00:00,J-108,31,13,LOW
2024-01-06 22:15:00,J-101,32,13,LOW
2024-01-06 22:15:00,J-102,25,11,LOW
2024-01-06 22:15:00,J-103,22,14,LOW
2024-01-06 22:15:00,J-104,14,10,LOW
2024-01-06 22:15:00,J-105,10,10,LOW
2024-01-06 22:15:00,J-106,7,11,LOW
2024-01-06 22:15:00,J-107,5,10,LOW
2024-01-06 22:15:00,J-108,32,13,LOW
2024-01-06 22:30:00,J-101,33,13,LOW
2024-01-06 22:30:00,J-102,28,13,LOW
2024-01-06 22:30:00,J-103,16,10,LOW
2024-01-06 22:30:00,J-104,15,10,LOW
2024-01-06 22:30:00,J-105,8,8,LOW
2024-01-06 22:30:00,J-106,6,9,LOW
2024-01-06 22:30:00,J-107,6,13,LOW
2024-01-06 22:30:00,J-108,36,15,LOW
2024-01-06 22:45:00,J-101,29,11,LOW
2024-01-06 22:45:00,J-102,32,14,LOW
2024-01-06 22:45:00,J-103,19,12,LOW
2024-01-06 22:45:00,J-104,20,14,LOW
2024-01-06 22:45:00,J-105,8,8,LOW
2024-01-06 22:45:00,J-106,6,9,LOW
2024-01-06 22:45:00,J-107,4,8,LOW
2024-01-06 22:45:00,J-108,30,13,LOW
2024-01-06 23:00:00,J-101,33,13,LOW
2024-01-06 23:00:00,J-102,29,13,LOW
2024-01-06 23:00:00,J-103,28,18,LOW
2024-01-06 23:00:00,J-104,19,13,LOW
2024-01-06 23:00:00,J-105,12,13,LOW
2024-01-06 23:00:00,J-106,10,16,LOW
2024-01-06 23:00:00,J-107,6,13,LOW
2024-01-06 23:00:00,J-108,30,13,LOW
2024-01-06 23:15:00,J-101,18,7,LOW
2024-01-06 23:15:00,J-102,18,8,LOW
2024-01-06 23:15:00,J-103,11,7,LOW
2024-01-06 23:15:00,J-104,10,7,LOW
2024-01-06 23:15:00,J-105,5,5,LOW
2024-01-06 23:15:00,J-106,4,6,LOW
2024-01-06 23:15:00,J-107,3,6,LOW
2024-01-06 23:15:00,J-108,13,5,LOW
2024-01-06 23:30:00,J-101,31,12,LOW
2024-01-06 23:30:00,J-102,30,13,LOW
2024-01-06 23:30:00,J-103,18,11,LOW
2024-01-06 23:30:00,J-104,18,13,LOW
2024-01-06 23:30:00,J-105,13,14,LOW
2024-01-06 23:30:00,J-106,7,11,LOW
2024-01-06 23:30:00,J-107,5,10,LOW
2024-01-06 23:30:00,J-108,27,11,LOW
2024-01-06 23:45:00,J-101,29,11,LOW
2024-01-06 23:45:00,J-102,29,13,LOW
2024-01-06 23:45:00,J-103,19,12,LOW
2024-01-06 23:45:00,J-104,18,13,LOW
2024-01-06 23:45:00,J-105,12,13,LOW
2024-01-06 23:45:00,J-106,10,16,LOW
2024-01-06 23:45:00,J-107,6,13,LOW
2024-01-06 23:45:00,J-108,27,11,LOW
2024-01-07 00:00:00,J-101,,10,LOW
2024-01-07 00:00:00,J-102,25,11,LOW
2024-01-07 00:00:00,J-103,19,12,LOW
2024-01-07 00:00:00,J-104,15,10,LOW
2024-01-07 00:00:00,J-105,13,14,LOW
2024-01-07 00:00:00,J-106,7,11,LOW
2024-01-07 00:00:00,J-107,5,10,LOW
2024-01-07 00:00:00,J-108,34,14,LOW
2024-01-07 00:15:00,J-101,26,10,LOW
2024-01-07 00:15:00,J-102,26,12,LOW
2024-01-07 00:15:00,J-103,20,13,LOW
2024-01-07 00:15:00,J-104,20,14,LOW
2024-01-07 00:15:00,J-105,11,11,LOW
2024-01-07 00:15:00,J-106,8,13,LOW
2024-01-07 00:15:00,J-107,6,13,LOW
2024-01-07 00:15:00,J-108,28,12,LOW
2024-01-07 00:30:00,J-101,36,14,LOW
2024-01-07 00:30:00,J-102,25,11,LOW
2024-01-07 00:30:00,J-103,21,13,LOW
2024-01-07 00:30:00,J-104,17,12,LOW
2024-01-07 00:30:00,J-105,11,11,LOW
2024-01-07 00:30:00,J-106,5,8,LOW
2024-01-07 00:30:00,J-107,6,13,LOW
2024-01-07 00:30:00,J-108,,13,LOW
2024-01-07 00:45:00,J-101,22,8,LOW
2024-01-07 00:45:00,J-102,16,7,LOW
2024-01-07 00:45:00,J-103,13,8,LOW
2024-01-07 00:45:00,J-104,11,7,LOW
2024-01-07 00:45:00,J-105,8,8,LOW
2024-01-07 00:45:00,J-106,5,8,LOW
2024-01-07 00:45:00,J-107,4,8,LOW
2024-01-07 00:45:00,J-108,21,9,LOW
2024-01-07 01:00:00,J-101,5,2,LOW
2024-01-07 01:00:00,J-102,6,2,LOW
2024-01-07 01:00:00,J-103,4,2,LOW
2024-01-07 01:00:00,J-104,3,2,LOW
2024-01-07 01:00:00,J-105,2,2,LOW
2024-01-07 01:00:00,J-106,1,1,LOW
2024-01-07 01:00:00,J-107,1,2,LOW
2024-01-07 01:00:00,J-108,4,1,LOW
2024-01-07 01:15:00,J-101,7,2,LOW
2024-01-07 01:15:00,J-102,7,3,LOW
2024-01-07 01:15:00,J-103,4,2,LOW
2024-01-07 01:15:00,J-104,4,2,LOW
2024-01-07 01:15:00,J-105,3,3,LOW
2024-01-07 01:15:00,J-106,1,1,LOW
2024-01-07 01:15:00,J-107,1,2,LOW
2024-01-07 01:15:00,J-108,7,3,LOW
2024-01-07 01:30:00,J-101,5,2,LOW
2024-01-07 01:30:00,J-102,5,2,LOW
2024-01-07 01:30:00,J-103,4,2,LOW
2024-01-07 01:30:00,J-104,3,2,LOW
2024-01-07 01:30:00,J-105,3,3,LOW
2024-01-07 01:30:00,J-106,1,1,LOW
2024-01-07 01:30:00,J-107,1,2,LOW
2024-01-07 01:30:00,J-108,6,2,LOW
2024-01-07 01:45:00,J-101,7,2,LOW
2024-01-07 01:45:00,J-102,6,2,LOW
2024-01-07 01:45:00,J-103,4,2,LOW
2024-01-07 01:45:00,J-104,4,2,LOW
2024-01-07 01:45:00,J-105,2,2,LOW
2024-01-07 01:45:00,J-106,1,1,LOW
2024-01-07 01:45:00,J-107,1,2,LOW
2024-01-07 01:45:00,J-108,6,2,LOW
2024-01-07 02:00:00,J-101,6,2,LOW
2024-01-07 02:00:00,J-102,5,2,LOW
2024-01-07 02:00:00,J-103,3,1,LOW
2024-01-07 02:00:00,J-104,3,2,LOW
2024-01-07 02:00:00,J-105,2,2,LOW
2024-01-07 02:00:00,J-106,1,1,LOW
2024-01-07 02:00:00,J-107,1,2,LOW
2024-01-07 02:00:00,J-108,6,2,LOW
2024-01-07 02:15:00,J-101,6,2,LOW
2024-01-07 02:15:00,J-102,6,2,LOW
2024-01-07 02:15:00,J-103,5,3,LOW
2024-01-07 02:15:00,J-104,4,2,LOW
2024-01-07 02:15:00,J-105,3,3,LOW
2024-01-07 02:15:00,J-106,2,3,LOW
2024-01-07 02:15:00,J-107,1,2,LOW
2024-01-07 02:15:00,J-108,7,3,LOW
2024-01-07 02:30:00,J-101,8,3,LOW
2024-01-07 02:30:00,J-102,7,3,LOW
2024-01-07 02:30:00,J-103,4,2,LOW
2024-01-07 02:30:00,J-104,4,2,LOW
2024-01-07 02:30:00,J-105,2,2,LOW
2024-01-07 02:30:00,J-106,2,3,LOW
2024-01-07 02:30:00,J-107,1,2,LOW
2024-01-07 02:30:00,J-108,6,2,LOW
2024-01-07 02:45:00,J-101,8,3,LOW
2024-01-07 02:45:00,J-102,7,3,LOW
2024-01-07 02:45:00,J-103,4,2,LOW
2024-01-07 02:45:00,J-104,4,2,LOW
2024-01-07 02:45:00,J-105,3,3,LOW
2024-01-07 02:45:00,J-106,1,1,LOW
2024-01-07 02:45:00,J-107,1,2,LOW
2024-01-07 02:45:00,J-108,7,3,LOW
2024-01-07 03:00:00,J-101,7,2,LOW
2024-01-07 03:00:00,J-102,7,3,LOW
2024-01-07 03:00:00,J-103,4,2,LOW
2024-01-07 03:00:00,J-104,4,2,LOW
2024-01-07 03:00:00,J-105,2,2,LOW
2024-01-07 03:00:00,J-106,1,1,LOW
2024-01-07 03:00:00,J-107,1,2,LOW
2024-01-07 03:00:00,J-108,6,2,LOW
2024-01-07 03:15:00,J-101,6,2,LOW
2024-01-07 03:15:00,J-102,5,2,LOW
2024-01-07 03:15:00,J-103,4,2,LOW
2024-01-07 03:15:00,J-104,3,2,LOW
2024-01-07 03:15:00,J-105,2,2,LOW
2024-01-07 03:15:00,J-106,1,1,LOW
2024-01-07 03:15:00,J-107,0,0,LOW
2024-01-07 03:15:00,J-108,6,2,LOW
2024-01-07 03:30:00,J-101,8,3,LOW
2024-01-07 03:30:00,J-102,8,3,LOW
2024-01-07 03:30:00,J-103,5,3,LOW
2024-01-07 03:30:00,J-104,4,2,LOW
2024-01-07 03:30:00,J-105,2,2,LOW
2024-01-07 03:30:00,J-106,2,3,LOW
2024-01-07 03:30:00,J-107,1,2,LOW
2024-01-07 03:30:00,J-108,7,3,LOW
2024-01-07 03:45:00,J-101,9,3,LOW
2024-01-07 03:45:00,J-102,7,3,LOW
2024-01-07 03:45:00,J-103,4,2,LOW
2024-01-07 03:45:00,J-104,4,2,LOW
2024-01-07 03:45:00,J-105,2,2,LOW
2024-01-07 03:45:00,J-106,2,3,LOW
2024-01-07 03:45:00,J-107,1,2,LOW
2024-01-07 03:45:00,J-108,6,2,LOW
2024-01-07 04:00:00,J-101,6,2,LOW
2024-01-07 04:00:00,J-102,7,3,LOW
2024-01-07 04:00:00,J-103,5,3,LOW
2024-01-07 04:00:00,J-104,4,2,LOW
2024-01-07 04:00:00,J-105,3,3,LOW
2024-01-07 04:00:00,J-106,1,1,LOW
2024-01-07 04:00:00,J-107,1,2,LOW
2024-01-07 04:00:00,J-108,8,3,LOW
2024-01-07 04:15:00,J-101,,2,LOW
2024-01-07 04:15:00,J-102,6,2,LOW
2024-01-07 04:15:00,J-103,5,3,LOW
2024-01-07 04:15:00,J-104,4,2,LOW
2024-01-07 04:15:00,J-105,2,2,LOW
2024-01-07 04:15:00,J-106,1,1,LOW
2024-01-07 04:15:00,J-107,1,2,LOW
2024-01-07 04:15:00,J-108,7,3,LOW
2024-01-07 04:30:00,J-101,7,2,LOW
2024-01-07 04:30:00,J-102,5,2,LOW
2024-01-07 04:30:00,J-103,4,2,LOW
2024-01-07 04:30:00,J-104,3,2,LOW
2024-01-07 04:30:00,J-105,2,2,LOW
2024-01-07 04:30:00,J-106,1,1,LOW
2024-01-07 04:30:00,J-107,1,2,LOW
2024-01-07 04:30:00,J-108,7,3,LOW
2024-01-07 04:45:00,J-101,7,2,LOW
2024-01-07 04:45:00,J-102,6,2,LOW
2024-01-07 04:45:00,J-103,5,3,LOW
2024-01-07 04:45:00,J-104,4,2,LOW
2024-01-07 04:45:00,J-105,2,2,LOW
2024-01-07 04:45:00,J-106,1,1,LOW
2024-01-07 04:45:00,J-107,1,2,LOW
2024-01-07 04:45:00,J-108,7,3,LOW
2024-01-07 05:00:00,J-101,8,3,LOW
2024-01-07 05:00:00,J-102,7,3,LOW
2024-01-07 05:00:00,J-103,5,3,LOW
2024-01-07 05:00:00,J-104,3,2,LOW
2024-01-07 05:00:00,J-105,3,3,LOW
2024-01-07 05:00:00,J-106,2,3,LOW
2024-01-07 05:00:00,J-107,1,2,LOW
2024-01-07 05:00:00,J-108,7,3,LOW
2024-01-07 05:15:00,J-101,33,13,LOW
2024-01-07 05:15:00,J-102,32,14,LOW
2024-01-07 05:15:00,J-103,19,12,LOW
2024-01-07 05:15:00,J-104,17,12,LOW
2024-01-07 05:15:00,J-105,13,14,LOW
2024-01-07 05:15:00,J-106,8,13,LOW
2024-01-07 05:15:00,J-107,5,10,LOW
2024-01-07 05:15:00,J-108,36,15,LOW
2024-01-07 05:30:00,J-101,27,10,LOW
2024-01-07 05:30:00,J-102,23,10,LOW
2024-01-07 05:30:00,J-103,20,13,LOW
2024-01-07 05:30:00,J-104,14,10,LOW
2024-01-07 05:30:00,J-105,11,11,LOW
2024-01-07 05:30:00,J-106,7,11,LOW
2024-01-07 05:30:00,J-107,6,13,LOW
2024-01-07 05:30:00,J-108,33,14,LOW
2024-01-07 05:45:00,J-101,32,13,LOW
2024-01-07 05:45:00,J-102,18,8,LOW
2024-01-07 05:45:00,J-103,17,11,LOW
2024-01-07 05:45:00,J-104,18,13,LOW
2024-01-07 05:45:00,J-105,11,11,LOW
2024-01-07 05:45:00,J-106,7,11,LOW
2024-01-07 05:45:00,J-107,4,8,LOW
2024-01-07 05:45:00,J-108,26,11,LOW
2024-01-07 06:00:00,J-101,33,13,LOW
2024-01-07 06:00:00,J-102,26,12,LOW
2024-01-07 06:00:00,J-103,16,10,LOW
2024-01-07 06:00:00,J-104,13,9,LOW
2024-01-07 06:00:00,J-105,,11,LOW
2024-01-07 06:00:00,J-106,6,9,LOW
2024-01-07 06:00:00,J-107,7,15,LOW
2024-01-07 06:00:00,J-108,27,11,LOW
2024-01-07 06:15:00,J-101,22,8,LOW
2024-01-07 06:15:00,J-102,26,12,LOW
2024-01-07 06:15:00,J-103,14,9,LOW
2024-01-07 06:15:00,J-104,14,10,LOW
2024-01-07 06:15:00,J-105,8,8,LOW
2024-01-07 06:15:00,J-106,6,9,LOW
2024-01-07 06:15:00,J-107,5,10,LOW
2024-01-07 06:15:00,J-108,23,9,LOW
2024-01-07 06:30:00,J-101,25,10,LOW
2024-01-07 06:30:00,J-102,24,11,LOW
2024-01-07 06:30:00,J-103,20,13,LOW
2024-01-07 06:30:00,J-104,13,,LOW
2024-01-07 06:30:00,J-105,9,9,LOW
2024-01-07 06:30:00,J-106,5,8,LOW
2024-01-07 06:30:00,J-107,6,13,LOW
2024-01-07 06:30:00,J-108,31,13,LOW
2024-01-07 06:45:00,J-101,33,13,LOW
2024-01-07 06:45:00,J-102,21,9,LOW
2024-01-07 06:45:00,J-103,18,11,LOW
2024-01-07 06:45:00,J-104,16,11,LOW
2024-01-07 06:45:00,J-105,10,10,LOW
2024-01-07 06:45:00,J-106,7,11,LOW
2024-01-07 06:45:00,J-107,5,10,LOW
2024-01-07 06:45:00,J-108,29,12,LOW
2024-01-07 07:00:00,J-101,27,10,LOW
2024-01-07 07:00:00,J-102,27,12,LOW
2024-01-07 07:00:00,J-103,15,9,LOW
2024-01-07 07:00:00,J-104,19,13,LOW
2024-01-07 07:00:00,J-105,13,14,LOW
2024-01-07 07:00:00,J-106,8,13,LOW
2024-01-07 07:00:00,J-107,6,13,LOW
2024-01-07 07:00:00,J-108,28,12,LOW
2024-01-07 07:15:00,J-101,21,8,LOW
2024-01-07 07:15:00,J-102,17,7,LOW
2024-01-07 07:15:00,J-103,16,10,LOW
2024-01-07 07:15:00,J-104,15,10,LOW
2024-01-07 07:15:00,J-105,7,7,LOW
2024-01-07 07:15:00,J-106,6,9,LOW
2024-01-07 07:15:00,J-107,4,8,LOW
2024-01-07 07:15:00,J-108,18,7,LOW
2024-01-07 07:30:00,J-101,36,14,LOW
2024-01-07 07:30:00,J-102,19,8,LOW
2024-01-07 07:30:00,J-103,18,11,LOW
2024-01-07 07:30:00,J-104,18,13,LOW
2024-01-07 07:30:00,J-105,10,10,LOW
2024-01-07 07:30:00,J-106,7,11,LOW
2024-01-07 07:30:00,J-107,5,10,LOW
2024-01-07 07:30:00,J-108,31,13,LOW
2024-01-07 07:45:00,J-101,27,10,LOW
2024-01-07 07:45:00,J-102,21,9,LOW
2024-01-07 07:45:00,J-103,18,11,LOW
2024-01-07 07:45:00,J-104,14,10,LOW
2024-01-07 07:45:00,J-105,9,9,LOW
2024-01-07 07:45:00,J-106,6,9,LOW
2024-01-07 07:45:00,J-107,5,10,LOW
2024-01-07 07:45:00,J-108,32,13,LOW
2024-01-07 08:00:00,J-101,29,11,LOW
2024-01-07 08:00:00,J-102,22,10,LOW
2024-01-07 08:00:00,J-103,14,9,LOW
2024-01-07 08:00:00,J-104,16,11,LOW
2024-01-07 08:00:00,J-105,12,13,LOW
2024-01-07 08:00:00,J-106,7,11,LOW
2024-01-07 08:00:00,J-107,4,8,LOW
2024-01-07 08:00:00,J-108,25,10,LOW
2024-01-07 08:15:00,J-101,20,8,LOW
2024-01-07 08:15:00,J-102,27,12,LOW
2024-01-07 08:15:00,J-103,,11,LOW
2024-01-07 08:15:00,J-104,13,9,LOW
2024-01-07 08:15:00,J-105,10,10,LOW
2024-01-07 08:15:00,J-106,7,11,LOW
2024-01-07 08:15:00,J-107,5,10,LOW
2024-01-07 08:15:00,J-108,25,10,LOW
2024-01-07 08:30:00,J-101,32,13,LOW
2024-01-07 08:30:00,J-102,29,13,LOW
2024-01-07 08:30:00,J-103,18,11,LOW
2024-01-07 08:30:00,J-104,19,13,LOW
2024-01-07 08:30:00,J-105,12,13,LOW
2024-01-07 08:30:00,J-106,7,11,LOW
2024-01-07 08:30:00,J-107,6,13,LOW
2024-01-07 08:30:00,J-108,30,13,LOW
2024-01-07 08:45:00,J-101,29,11,LOW
2024-01-07 08:45:00,J-102,21,9,LOW
2024-01-07 08:45:00,J-103,17,11,LOW
2024-01-07 08:45:00,J-104,17,12,LOW
2024-01-07 08:45:00,J-105,9,9,LOW
2024-01-07 08:45:00,J-106,7,11,LOW
2024-01-07 08:45:00,J-107,4,8,LOW
2024-01-07 08:45:00,J-108,30,13,LOW
2024-01-07 09:00:00,J-101,35,14,LOW
2024-01-07 09:00:00,J-102,25,11,LOW
2024-01-07 09:00:00,J-103,23,14,LOW
2024-01-07 09:00:00,J-104,18,13,LOW
2024-01-07 09:00:00,J-105,9,9,LOW
2024-01-07 09:00:00,J-106,6,9,LOW
2024-01-07 09:00:00,J-107,4,8,LOW
2024-01-07 09:00:00,J-108,24,10,LOW
2024-01-07 09:15:00,J-101,28,11,LOW
2024-01-07 09:15:00,J-102,26,12,LOW
2024-01-07 09:15:00,J-103,23,14,LOW
2024-01-07 09:15:00,J-104,18,13,LOW
2024-01-07 09:15:00,J-105,13,14,LOW
2024-01-07 09:15:00,J-106,7,11,LOW
2024-01-07 09:15:00,J-107,5,10,LOW
2024-01-07 09:15:00,J-108,33,14,LOW
2024-01-07 09:30:00,J-101,31,12,LOW
2024-01-07 09:30:00,J-102,21,9,LOW
2024-01-07 09:30:00,J-103,18,11,LOW
2024-01-07 09:30:00,J-104,18,13,LOW
2024-01-07 09:30:00,J-105,14,15,LOW
2024-01-07 09:30:00,J-106,7,11,LOW
2024-01-07 09:30:00,J-107,6,13,LOW
2024-01-07 09:30:00,J-108,38,16,LOW
2024-01-07 09:45:00,J-101,31,12,LOW
2024-01-07 09:45:00,J-102,33,15,LOW
2024-01-07 09:45:00,J-103,21,13,LOW
2024-01-07 09:45:00,J-104,17,12,LOW
2024-01-07 09:45:00,J-105,12,13,LOW
2024-01-07 09:45:00,J-106,7,11,LOW
2024-01-07 09:45:00,J-107,7,15,LOW
2024-01-07 09:45:00,J-108,34,14,LOW
2024-01-07 10:00:00,J-101,87,35,LOW
2024-01-07 10:00:00,J-102,74,34,LOW
2024-01-07 10:00:00,J-103,56,36,LOW
2024-01-07 10:00:00,J-104,60,43,MODERATE
2024-01-07 10:00:00,J-105,34,36,LOW
2024-01-07 10:00:00,J-106,22,35,LOW
2024-01-07 10:00:00,J-107,19,41,MODERATE
2024-01-07 10:00:00,J-108,98,42,MODERATE
2024-01-07 10:15:00,J-101,96,39,LOW
2024-01-07 10:15:00,J-102,87,40,MODERATE
2024-01-07 10:15:00,J-103,54,35,LOW
2024-01-07 10:15:00,J-104,56,40,MODERATE
2024-01-07 10:15:00,J-105,42,45,MODERATE
2024-01-07 10:15:00,J-106,20,32,LOW
2024-01-07 10:15:00,J-107,14,30,LOW
2024-01-07 10:15:00,J-108,100,43,MODERATE
2024-01-07 10:30:00,J-101,99,40,MODERATE
2024-01-07 10:30:00,J-102,85,39,LOW
2024-01-07 10:30:00,J-103,53,34,LOW
2024-01-07 10:30:00,J-104,60,43,MODERATE
2024-01-07 10:30:00,J-105,45,48,MODERATE
2024-01-07 10:30:00,J-106,27,43,MODERATE
2024-01-07 10:30:00,J-107,20,43,MODERATE
2024-01-07 10:30:00,J-108,84,36,LOW
2024-01-07 10:45:00,J-101,122,49,MODERATE
2024-01-07 10:45:00,J-102,79,36,LOW
2024-01-07 10:45:00,J-103,55,35,LOW
2024-01-07 10:45:00,J-104,63,45,MODERATE
2024-01-07 10:45:00,J-105,38,41,MODERATE
2024-01-07 10:45:00,J-106,28,45,MODERATE
2024-01-07 10:45:00,J-107,19,41,MODERATE
2024-01-07 10:45:00,J-108,121,52,MODERATE
2024-01-07 11:00:00,J-101,115,46,MODERATE
2024-01-07 11:00:00,J-102,104,48,MODERATE
2024-01-07 11:00:00,J-103,63,40,MODERATE
2024-01-07 11:00:00,J-104,66,47,MODERATE
2024-01-07 11:00:00,J-105,43,46,MODERATE
2024-01-07 11:00:00,J-106,25,40,MODERATE
2024-01-07 11:00:00,J-107,24,52,MODERATE
2024-01-07 11:00:00,J-108,124,53,MODERATE
2024-01-07 11:15:00,J-101,136,55,MODERATE
2024-01-07 11:15:00,J-102,107,49,MODERATE
2024-01-07 11:15:00,J-103,78,50,MODERATE
2024-01-07 11:15:00,J-104,72,52,MODERATE
2024-01-07 11:15:00,J-105,30,32,LOW
2024-01-07 11:15:00,J-106,24,39,LOW
2024-01-07 11:15:00,J-107,23,49,MODERATE
2024-01-07 11:15:00,J-108,129,55,MODERATE
2024-01-07 11:30:00,J-101,139,56,MODERATE
2024-01-07 11:30:00,J-102,110,51,MODERATE
2024-01-07 11:30:00,J-103,84,54,MODERATE
2024-01-07 11:30:00,J-104,91,65,MODERATE
2024-01-07 11:30:00,J-105,50,54,MODERATE
2024-01-07 11:30:00,J-106,25,40,MODERATE
2024-01-07 11:30:00,J-107,23,49,MODERATE
2024-01-07 11:30:00,J-108,116,50,MODERATE
2024-01-07 11:45:00,J-101,127,51,MODERATE
2024-01-07 11:45:00,J-102,121,56,MODERATE
2024-01-07 11:45:00,J-103,85,55,MODERATE
2024-01-07 11:45:00,J-104,80,57,MODERATE
2024-01-07 11:45:00,J-105,53,57,MODERATE
2024-01-07 11:45:00,J-106,29,47,MODERATE
2024-01-07 11:45:00,J-107,21,45,MODERATE
2024-01-07 11:45:00,J-108,120,52,MODERATE
2024-01-07 12:00:00,J-101,125,50,MODERATE
2024-01-07 12:00:00,J-102,87,40,MODERATE
2024-01-07 12:00:00,J-103,67,43,MODERATE
2024-01-07 12:00:00,J-104,74,53,MODERATE
2024-01-07 12:00:00,J-105,53,57,MODERATE
2024-01-07 12:00:00,J-106,32,52,MODERATE
2024-01-07 12:00:00,J-107,18,39,LOW
2024-01-07 12:00:00,J-108,84,36,LOW
2024-01-07 12:15:00,J-101,102,41,MODERATE
2024-01-07 12:15:00,J-102,98,45,MODERATE
2024-01-07 12:15:00,J-103,79,51,MODERATE
2024-01-07 12:15:00,J-104,56,40,MODERATE
2024-01-07 12:15:00,J-105,45,48,MODERATE
2024-01-07 12:15:00,J-106,32,52,MODERATE
2024-01-07 12:15:00,J-107,24,52,MODERATE
2024-01-07 12:15:00,J-108,107,46,MODERATE
2024-01-07 12:30:00,J-101,116,47,MODERATE
2024-01-07 12:30:00,J-102,78,36,LOW
2024-01-07 12:30:00,J-103,68,44,MODERATE
2024-01-07 12:30:00,J-104,64,46,MODERATE
2024-01-07 12:30:00,J-105,44,47,MODERATE
2024-01-07 12:30:00,J-106,27,43,MODERATE
2024-01-07 12:30:00,J-107,23,49,MODERATE
2024-01-07 12:30:00,J-108,119,51,MODERATE
2024-01-07 12:45:00,J-101,100,40,MODERATE
2024-01-07 12:45:00,J-102,99,45,MODERATE
2024-01-07 12:45:00,J-103,62,40,MODERATE
2024-01-07 12:45:00,J-104,60,43,MODERATE
2024-01-07 12:45:00,J-105,43,46,MODERATE
2024-01-07 12:45:00,J-106,27,43,MODERATE
2024-01-07 12:45:00,J-107,20,43,MODERATE
2024-01-07 12:45:00,J-108,106,45,MODERATE
2024-01-07 13:00:00,J-101,92,37,LOW
2024-01-07 13:00:00,J-102,65,30,LOW
2024-01-07 13:00:00,J-103,51,33,LOW
2024-01-07 13:00:00,J-104,37,26,LOW
2024-01-07 13:00:00,J-105,30,32,LOW
2024-01-07 13:00:00,J-106,21,34,LOW
2024-01-07 13:00:00,J-107,16,34,LOW
2024-01-07 13:00:00,J-108,85,36,LOW
2024-01-07 13:15:00,J-101,64,26,LOW
2024-01-07 13:15:00,J-102,58,26,LOW
2024-01-07 13:15:00,J-103,41,26,LOW
2024-01-07 13:15:00,J-104,28,20,LOW
2024-01-07 13:15:00,J-105,26,28,LOW
2024-01-07 13:15:00,J-106,13,21,LOW
2024-01-07 13:15:00,J-107,10,21,LOW
2024-01-07 13:15:00,J-108,65,28,LOW
2024-01-07 13:30:00,J-101,95,38,LOW
2024-01-07 13:30:00,J-102,101,46,MODERATE
2024-01-07 13:30:00,J-103,69,44,MODERATE
2024-01-07 13:30:00,J-104,62,44,MODERATE
2024-01-07 13:30:00,J-105,37,40,MODERATE
2024-01-07 13:30:00,J-106,22,35,LOW
2024-01-07 13:30:00,J-107,17,36,LOW
2024-01-07 13:30:00,J-108,89,38,LOW
2024-01-07 13:45:00,J-101,116,47,MODERATE
2024-01-07 13:45:00,J-102,101,46,MODERATE
2024-01-07 13:45:00,J-103,65,42,MODERATE
2024-01-07 13:45:00,J-104,41,29,LOW
2024-01-07 13:45:00,J-105,33,35,LOW
2024-01-07 13:45:00,J-106,24,39,LOW
2024-01-07 13:45:00,J-107,22,47,MODERATE
2024-01-07 13:45:00,J-108,81,35,LOW
2024-01-07 14:00:00,J-101,91,36,LOW
2024-01-07 14:00:00,J-102,101,46,MODERATE
2024-01-07 14:00:00,J-103,70,45,MODERATE
2024-01-07 14:00:00,J-104,54,39,LOW
2024-01-07 14:00:00,J-105,39,42,MODERATE
2024-01-07 14:00:00,J-106,20,32,LOW
2024-01-07 14:00:00,J-107,18,39,LOW
2024-01-07 14:00:00,J-108,86,37,LOW
2024-01-07 14:15:00,J-101,28,11,LOW
2024-01-07 14:15:00,J-102,25,11,LOW
2024-01-07 14:15:00,J-103,20,13,LOW
2024-01-07 14:15:00,J-104,16,11,LOW
2024-01-07 14:15:00,J-105,10,10,LOW
2024-01-07 14:15:00,J-106,8,13,LOW
2024-01-07 14:15:00,J-107,6,13,LOW
2024-01-07 14:15:00,J-108,24,10,LOW
2024-01-07 14:30:00,J-101,33,13,LOW
2024-01-07 14:30:00,J-102,30,13,LOW
2024-01-07 14:30:00,J-103,18,11,LOW
2024-01-07 14:30:00,J-104,12,8,LOW
2024-01-07 14:30:00,J-105,12,13,LOW
2024-01-07 14:30:00,J-106,8,13,LOW
2024-01-07 14:30:00,J-107,6,13,LOW
2024-01-07 14:30:00,J-108,24,10,LOW
2024-01-07 14:45:00,J-101,32,13,LOW
2024-01-07 14:45:00,J-102,29,13,LOW
2024-01-07 14:45:00,J-103,22,14,LOW
2024-01-07 14:45:00,J-104,16,11,LOW
2024-01-07 14:45:00,J-105,9,9,LOW
2024-01-07 14:45:00,J-106,8,13,LOW
2024-01-07 14:45:00,J-107,6,13,LOW
2024-01-07 14:45:00,J-108,34,14,LOW
2024-01-07 15:00:00,J-101,25,10,LOW
2024-01-07 15:00:00,J-102,26,12,LOW
2024-01-07 15:00:00,J-103,23,14,LOW
2024-01-07 15:00:00,J-104,15,10,LOW
2024-01-07 15:00:00,J-105,12,13,LOW
2024-01-07 15:00:00,J-106,8,13,LOW
2024-01-07 15:00:00,J-107,5,10,LOW
2024-01-07 15:00:00,J-108,26,11,LOW
2024-01-07 15:15:00,J-101,25,10,LOW
2024-01-07 15:15:00,J-102,24,11,LOW
2024-01-07 15:15:00,J-103,17,11,LOW
2024-01-07 15:15:00,J-104,16,11,LOW
2024-01-07 15:15:00,J-105,10,10,LOW
2024-01-07 15:15:00,J-106,7,11,LOW
2024-01-07 15:15:00,J-107,4,8,LOW
2024-01-07 15:15:00,J-108,24,10,LOW
2024-01-07 15:30:00,J-101,31,12,LOW
2024-01-07 15:30:00,J-102,28,13,LOW
2024-01-07 15:30:00,J-103,21,13,LOW
2024-01-07 15:30:00,J-104,16,11,LOW
2024-01-07 15:30:00,J-105,11,11,LOW
2024-01-07 15:30:00,J-106,9,14,LOW
2024-01-07 15:30:00,J-107,4,8,LOW
2024-01-07 15:30:00,J-108,28,12,LOW
2024-01-07 15:45:00,J-101,29,11,LOW
2024-01-07 15:45:00,J-102,29,13,LOW
2024-01-07 15:45:00,J-103,23,14,LOW
2024-01-07 15:45:00,J-104,18,13,LOW
2024-01-07 15:45:00,J-105,10,10,LOW
2024-01-07 15:45:00,J-106,6,9,LOW
2024-01-07 15:45:00,J-107,6,13,LOW
2024-01-07 15:45:00,J-108,,9,LOW
2024-01-07 16:00:00,J-101,85,34,LOW
2024-01-07 16:00:00,J-102,68,31,LOW
2024-01-07 16:00:00,J-103,42,27,LOW
2024-01-07 16:00:00,J-104,49,35,LOW
2024-01-07 16:00:00,J-105,31,33,LOW
2024-01-07 16:00:00,J-106,17,27,LOW
2024-01-07 16:00:00,J-107,14,30,LOW
2024-01-07 16:00:00,J-108,60,26,LOW
2024-01-07 16:15:00,J-101,86,34,LOW
2024-01-07 16:15:00,J-102,81,37,LOW
2024-01-07 16:15:00,J-103,55,35,LOW
2024-01-07 16:15:00,J-104,52,37,LOW
2024-01-07 16:15:00,J-105,27,29,LOW
2024-01-07 16:15:00,J-106,19,30,LOW
2024-01-07 16:15:00,J-107,14,30,LOW
2024-01-07 16:15:00,J-108,59,25,LOW
2024-01-07 16:30:00,J-101,76,30,LOW
2024-01-07 16:30:00,J-102,80,37,LOW
2024-01-07 16:30:00,J-103,59,38,LOW
2024-01-07 16:30:00,J-104,51,36,LOW
2024-01-07 16:30:00,J-105,41,44,MODERATE
2024-01-07 16:30:00,J-106,25,40,MODERATE
2024-01-07 16:30:00,J-107,15,32,LOW
2024-01-07 16:30:00,J-108,68,29,LOW
2024-01-07 16:45:00,J-101,96,39,LOW
2024-01-07 16:45:00,J-102,85,39,LOW
2024-01-07 16:45:00,J-103,45,29,LOW
2024-01-07 16:45:00,J-104,40,28,LOW
2024-01-07 16:45:00,J-105,44,47,MODERATE
2024-01-07 16:45:00,J-106,22,35,LOW
2024-01-07 16:45:00,J-107,13,28,LOW
2024-01-07 16:45:00,J-108,94,40,MODERATE
2024-01-07 17:00:00,J-101,84,34,LOW
2024-01-07 17:00:00,J-102,84,39,LOW
2024-01-07 17:00:00,J-103,68,44,MODERATE
2024-01-07 17:00:00,J-104,56,40,MODERATE
2024-01-07 17:00:00,J-105,35,37,LOW
2024-01-07 17:00:00,J-106,25,40,MODERATE
2024-01-07 17:00:00,J-107,20,43,MODERATE
2024-01-07 17:00:00,J-108,110,47,MODERATE
2024-01-07 17:15:00,J-101,105,42,MODERATE
2024-01-07 17:15:00,J-102,84,39,LOW
2024-01-07 17:15:00,J-103,68,44,MODERATE
2024-01-07 17:15:00,J-104,48,34,LOW
2024-01-07 17:15:00,J-105,37,40,MODERATE
2024-01-07 17:15:00,J-106,30,48,MODERATE
2024-01-07 17:15:00,J-107,21,45,MODERATE
2024-01-07 17:15:00,J-108,84,36,LOW
2024-01-07 17:30:00,J-101,91,36,LOW
2024-01-07 17:30:00,J-102,93,43,MODERATE
2024-01-07 17:30:00,J-103,55,35,LOW
2024-01-07 17:30:00,J-104,46,33,LOW
2024-01-07 17:30:00,J-105,35,37,LOW
2024-01-07 17:30:00,J-106,21,34,LOW
2024-01-07 17:30:00,J-107,17,36,LOW
2024-01-07 17:30:00,J-108,89,38,LOW
2024-01-07 17:45:00,J-101,103,41,MODERATE
2024-01-07 17:45:00,J-102,89,41,MODERATE
2024-01-07 17:45:00,J-103,53,34,LOW
2024-01-07 17:45:00,J-104,59,42,MODERATE
2024-01-07 17:45:00,J-105,37,40,MODERATE
2024-01-07 17:45:00,J-106,28,45,MODERATE
2024-01-07 17:45:00,J-107,19,41,MODERATE
2024-01-07 17:45:00,J-108,98,42,MODERATE
2024-01-07 18:00:00,J-101,84,34,LOW
2024-01-07 18:00:00,J-102,93,43,MODERATE
2024-01-07 18:00:00,J-103,51,33,LOW
2024-01-07 18:00:00,J-104,49,35,LOW
2024-01-07 18:00:00,J-105,43,46,MODERATE
2024-01-07 18:00:00,J-106,14,22,LOW
2024-01-07 18:00:00,J-107,17,36,LOW
2024-01-07 18:00:00,J-108,69,29,LOW
2024-01-07 18:15:00,J-101,107,43,MODERATE
2024-01-07 18:15:00,J-102,91,42,MODERATE
2024-01-07 18:15:00,J-103,60,39,LOW
2024-01-07 18:15:00,J-104,60,43,MODERATE
2024-01-07 18:15:00,J-105,39,42,MODERATE
2024-01-07 18:15:00,J-106,24,39,LOW
2024-01-07 18:15:00,J-107,21,45,MODERATE
2024-01-07 18:15:00,J-108,99,42,MODERATE
2024-01-07 18:30:00,J-101,101,41,MODERATE
2024-01-07 18:30:00,J-102,102,47,MODERATE
2024-01-07 18:30:00,J-103,61,39,LOW
2024-01-07 18:30:00,J-104,43,31,LOW
2024-01-07 18:30:00,J-105,37,40,MODERATE
2024-01-07 18:30:00,J-106,29,47,MODERATE
2024-01-07 18:30:00,J-107,21,45,MODERATE
2024-01-07 18:30:00,J-108,87,37,LOW
2024-01-07 18:45:00,J-101,85,34,LOW
2024-01-07 18:45:00,J-102,98,45,MODERATE
2024-01-07 18:45:00,J-103,49,31,LOW
2024-01-07 18:45:00,J-104,51,36,LOW
2024-01-07 18:45:00,J-105,29,31,LOW
2024-01-07 18:45:00,J-106,24,39,LOW
2024-01-07 18:45:00,J-107,18,39,LOW
2024-01-07 18:45:00,J-108,84,36,LOW
2024-01-07 19:00:00,J-101,89,36,LOW
2024-01-07 19:00:00,J-102,83,38,LOW
2024-01-07 19:00:00,J-103,46,29,LOW
2024-01-07 19:00:00,J-104,49,35,LOW
2024-01-07 19:00:00,J-105,34,36,LOW
2024-01-07 19:00:00,J-106,21,34,LOW
2024-01-07 19:00:00,J-107,16,34,LOW
2024-01-07 19:00:00,J-108,86,37,LOW
2024-01-07 19:15:00,J-101,82,33,LOW
2024-01-07 19:15:00,J-102,74,34,LOW
2024-01-07 19:15:00,J-103,57,37,LOW
2024-01-07 19:15:00,J-104,40,28,LOW
2024-01-07 19:15:00,J-105,34,36,LOW
2024-01-07 19:15:00,J-106,20,32,LOW
2024-01-07 19:15:00,J-107,14,30,LOW
2024-01-07 19:15:00,J-108,95,41,MODERATE
2024-01-07 19:30:00,J-101,86,34,LOW
2024-01-07 19:30:00,J-102,84,39,LOW
2024-01-07 19:30:00,J-103,59,38,LOW
2024-01-07 19:30:00,J-104,45,32,LOW
2024-01-07 19:30:00,J-105,35,37,LOW
2024-01-07 19:30:00,J-106,24,39,LOW
2024-01-07 19:30:00,J-107,15,32,LOW
2024-01-07 19:30:00,J-108,79,34,LOW
2024-01-07 19:45:00,J-101,88,35,LOW
2024-01-07 19:45:00,J-102,80,37,LOW
2024-01-07 19:45:00,J-103,50,32,LOW
2024-01-07 19:45:00,J-104,41,29,LOW
2024-01-07 19:45:00,J-105,33,35,LOW
2024-01-07 19:45:00,J-106,22,35,LOW
2024-01-07 19:45:00,J-107,11,23,LOW
2024-01-07 19:45:00,J-108,78,33,LOW
2024-01-07 20:00:00,J-101,69,28,LOW
2024-01-07 20:00:00,J-102,59,27,LOW
2024-01-07 20:00:00,J-103,45,29,LOW
2024-01-07 20:00:00,J-104,38,27,LOW
2024-01-07 20:00:00,J-105,20,21,LOW
2024-01-07 20:00:00,J-106,18,29,LOW
2024-01-07 20:00:00,J-107,11,23,LOW
2024-01-07 20:00:00,J-108,66,28,LOW
2024-01-07 20:15:00,J-101,25,10,LOW
2024-01-07 20:15:00,J-102,20,9,LOW
2024-01-07 20:15:00,J-103,12,7,LOW
2024-01-07 20:15:00,J-104,14,10,LOW
2024-01-07 20:15:00,J-105,9,9,LOW
2024-01-07 20:15:00,J-106,5,8,LOW
2024-01-07 20:15:00,J-107,4,8,LOW
2024-01-07 20:15:00,J-108,23,9,LOW
2024-01-07 20:30:00,J-101,28,11,LOW
2024-01-07 20:30:00,J-102,23,10,LOW
2024-01-07 20:30:00,J-103,15,9,LOW
2024-01-07 20:30:00,J-104,13,9,LOW
2024-01-07 20:30:00,J-105,10,10,LOW
2024-01-07 20:30:00,J-106,6,9,LOW
2024-01-07 20:30:00,J-107,4,8,LOW
2024-01-07 20:30:00,J-108,17,7,LOW
2024-01-07 20:45:00,J-101,32,13,LOW
2024-01-07 20:45:00,J-102,22,10,LOW
2024-01-07 20:45:00,J-103,19,12,LOW
2024-01-07 20:45:00,J-104,18,13,LOW
2024-01-07 20:45:00,J-105,13,14,LOW
2024-01-07 20:45:00,J-106,8,13,LOW
2024-01-07 20:45:00,J-107,5,10,LOW
2024-01-07 20:45:00,J-108,27,11,LOW
2024-01-07 21:00:00,J-101,26,10,LOW
2024-01-07 21:00:00,J-102,24,11,LOW
2024-01-07 21:00:00,J-103,18,11,LOW
2024-01-07 21:00:00,J-104,16,11,LOW
2024-01-07 21:00:00,J-105,13,14,LOW
2024-01-07 21:00:00,J-106,6,9,LOW
2024-01-07 21:00:00,J-107,5,10,LOW
2024-01-07 21:00:00,J-108,30,13,LOW
2024-01-07 21:15:00,J-101,40,16,LOW
2024-01-07 21:15:00,J-102,23,10,LOW
2024-01-07 21:15:00,J-103,17,11,LOW
2024-01-07 21:15:00,J-104,17,12,LOW
2024-01-07 21:15:00,J-105,11,11,LOW
2024-01-07 21:15:00,J-106,7,11,LOW
2024-01-07 21:15:00,J-107,6,13,LOW
2024-01-07 21:15:00,J-108,34,14,LOW
2024-01-07 21:30:00,J-101,18,7,LOW
2024-01-07 21:30:00,J-102,13,6,LOW
2024-01-07 21:30:00,J-103,13,8,LOW
2024-01-07 21:30:00,J-104,13,9,LOW
2024-01-07 21:30:00,J-105,6,6,LOW
2024-01-07 21:30:00,J-106,4,6,LOW
2024-01-07 21:30:00,J-107,3,6,LOW
2024-01-07 21:30:00,J-108,18,7,LOW
2024-01-07 21:45:00,J-101,31,12,LOW
2024-01-07 21:45:00,J-102,30,13,LOW
2024-01-07 21:45:00,J-103,20,13,LOW
2024-01-07 21:45:00,J-104,19,13,LOW
2024-01-07 21:45:00,J-105,11,11,LOW
2024-01-07 21:45:00,J-106,7,11,LOW
2024-01-07 21:45:00,J-107,6,13,LOW
2024-01-07 21:45:00,J-108,29,12,LOW
2024-01-07 22:00:00,J-101,37,15,LOW
2024-01-07 22:00:00,J-102,32,14,LOW
2024-01-07 22:00:00,J-103,19,12,LOW
2024-01-07 22:00:00,J-104,16,11,LOW
2024-01-07 22:00:00,J-105,10,10,LOW
2024-01-07 22:00:00,J-106,6,9,LOW
2024-01-07 22:00:00,J-107,6,13,LOW
2024-01-07 22:00:00,J-108,30,13,LOW
2024-01-07 22:15:00,J-101,22,8,LOW
2024-01-07 22:15:00,J-102,22,10,LOW
2024-01-07 22:15:00,J-103,13,8,LOW
2024-01-07 22:15:00,J-104,12,8,LOW
2024-01-07 22:15:00,J-105,7,7,LOW
2024-01-07 22:15:00,J-106,5,8,LOW
2024-01-07 22:15:00,J-107,4,8,LOW
2024-01-07 22:15:00,J-108,20,8,LOW
2024-01-07 22:30:00,J-101,33,13,LOW
2024-01-07 22:30:00,J-102,30,13,LOW
2024-01-07 22:30:00,J-103,19,12,LOW
2024-01-07 22:30:00,J-104,18,13,LOW
2024-01-07 22:30:00,J-105,11,11,LOW
2024-01-07 22:30:00,J-106,7,11,LOW
2024-01-07 22:30:00,J-107,5,10,LOW
2024-01-07 22:30:00,J-108,31,13,LOW
2024-01-07 22:45:00,J-101,33,13,LOW
2024-01-07 22:45:00,J-102,24,11,LOW
2024-01-07 22:45:00,J-103,20,13,LOW
2024-01-07 22:45:00,J-104,15,10,LOW
2024-01-07 22:45:00,J-105,10,10,LOW
2024-01-07 22:45:00,J-106,8,13,LOW
2024-01-07 22:45:00,J-107,5,10,LOW
2024-01-07 22:45:00,J-108,28,12,LOW
2024-01-07 23:00:00,J-101,25,10,LOW
2024-01-07 23:00:00,J-102,26,12,LOW
2024-01-07 23:00:00,J-103,19,12,LOW
2024-01-07 23:00:00,J-104,16,11,LOW
2024-01-07 23:00:00,J-105,12,13,LOW
2024-01-07 23:00:00,J-106,6,9,LOW
2024-01-07 23:00:00,J-107,6,13,LOW
2024-01-07 23:00:00,J-108,27,11,LOW
2024-01-07 23:15:00,J-101,24,9,LOW
2024-01-07 23:15:00,J-102,23,10,LOW
2024-01-07 23:15:00,J-103,24,15,LOW
2024-01-07 23:15:00,J-104,17,12,LOW
2024-01-07 23:15:00,J-105,10,10,LOW
2024-01-07 23:15:00,J-106,7,11,LOW
2024-01-07 23:15:00,J-107,5,10,LOW
2024-01-07 23:15:00,J-108,23,9,LOW
2024-01-07 23:30:00,J-101,28,11,LOW
2024-01-07 23:30:00,J-102,22,10,LOW
2024-01-07 23:30:00,J-103,22,14,LOW
2024-01-07 23:30:00,J-104,17,12,LOW
2024-01-07 23:30:00,J-105,10,10,LOW
2024-01-07 23:30:00,J-106,7,11,LOW
2024-01-07 23:30:00,J-107,5,10,LOW
2024-01-07 23:30:00,J-108,27,11,LOW
2024-01-07 23:45:00,J-101,32,13,LOW
2024-01-07 23:45:00,J-102,24,11,LOW
2024-01-07 23:45:00,J-103,20,13,LOW
2024-01-07 23:45:00,J-104,15,10,LOW
2024-01-07 23:45:00,J-105,12,13,LOW
2024-01-07 23:45:00,J-106,7,11,LOW
2024-01-07 23:45:00,J-107,5,10,LOW
2024-01-07 23:45:00,J-108,29,12,LOW
2024-01-08 00:00:00,J-101,28,11,LOW
2024-01-08 00:00:00,J-102,,12,LOW
2024-01-08 00:00:00,J-103,14,9,LOW
2024-01-08 00:00:00,J-104,17,12,LOW
2024-01-08 00:00:00,J-105,12,13,LOW
2024-01-08 00:00:00,J-106,8,13,LOW
2024-01-08 00:00:00,J-107,6,13,LOW
2024-01-08 00:00:00,J-108,26,11,LOW
2024-01-08 00:15:00,J-101,31,12,LOW
2024-01-08 00:15:00,J-102,26,12,LOW
2024-01-08 00:15:00,J-103,19,12,LOW
2024-01-08 00:15:00,J-104,16,11,LOW
2024-01-08 00:15:00,J-105,13,14,LOW
2024-01-08 00:15:00,J-106,6,9,LOW
2024-01-08 00:15:00,J-107,5,10,LOW
2024-01-08 00:15:00,J-108,27,11,LOW
2024-01-08 00:30:00,J-101,34,13,LOW
2024-01-08 00:30:00,J-102,27,12,LOW
2024-01-08 00:30:00,J-103,20,13,LOW
2024-01-08 00:30:00,J-104,15,10,LOW
2024-01-08 00:30:00,J-105,10,10,LOW
2024-01-08 00:30:00,J-106,7,11,LOW
2024-01-08 00:30:00,J-107,6,13,LOW
2024-01-08 00:30:00,J-108,32,13,LOW
2024-01-08 00:45:00,J-101,29,11,LOW
2024-01-08 00:45:00,J-102,21,9,LOW
2024-01-08 00:45:00,J-103,22,14,LOW
2024-01-08 00:45:00,J-104,18,13,LOW
2024-01-08 00:45:00,J-105,9,9,LOW
2024-01-08 00:45:00,J-106,8,13,LOW
2024-01-08 00:45:00,J-107,4,8,LOW
2024-01-08 00:45:00,J-108,35,15,LOW
2024-01-08 01:00:00,J-101,2,0,LOW
2024-01-08 01:00:00,J-102,3,1,LOW
2024-01-08 01:00:00,J-103,1,0,LOW
2024-01-08 01:00:00,J-104,1,0,LOW
2024-01-08 01:00:00,J-105,1,1,LOW
2024-01-08 01:00:00,J-106,0,0,LOW
2024-01-08 01:00:00,J-107,0,0,LOW
2024-01-08 01:00:00,J-108,2,0,LOW
2024-01-08 01:15:00,J-101,4,1,LOW
2024-01-08 01:15:00,J-102,4,1,LOW
2024-01-08 01:15:00,J-103,3,1,LOW
2024-01-08 01:15:00,J-104,2,1,LOW
2024-01-08 01:15:00,J-105,1,1,LOW
2024-01-08 01:15:00,J-106,1,1,LOW
2024-01-08 01:15:00,J-107,0,0,LOW
2024-01-08 01:15:00,J-108,4,1,LOW
2024-01-08 01:30:00,J-101,4,1,LOW
2024-01-08 01:30:00,J-102,3,1,LOW
2024-01-08 01:30:00,J-103,3,1,LOW
2024-01-08 01:30:00,J-104,3,2,LOW
2024-01-08 01:30:00,J-105,1,1,LOW
2024-01-08 01:30:00,J-106,1,1,LOW
2024-01-08 01:30:00,J-107,0,0,LOW
2024-01-08 01:30:00,J-108,4,1,LOW
2024-01-08 01:45:00,J-101,5,2,LOW
2024-01-08 01:45:00,J-102,4,1,LOW
2024-01-08 01:45:00,J-103,2,1,LOW
2024-01-08 01:45:00,J-104,2,1,LOW
2024-01-08 01:45:00,J-105,1,1,LOW
2024-01-08 01:45:00,J-106,1,1,LOW
2024-01-08 01:45:00,J-107,1,2,LOW
2024-01-08 01:45:00,J-108,3,1,LOW
2024-01-08 02:00:00,J-101,4,1,LOW
2024-01-08 02:00:00,J-102,4,1,LOW
2024-01-08 02:00:00,J-103,3,1,LOW
2024-01-08 02:00:00,J-104,2,1,LOW
2024-01-08 02:00:00,J-105,1,1,LOW
2024-01-08 02:00:00,J-106,1,1,LOW
2024-01-08 02:00:00,J-107,0,0,LOW
2024-01-08 02:00:00,J-108,5,2,LOW
2024-01-08 02:15:00,J-101,4,1,LOW
2024-01-08 02:15:00,J-102,3,1,LOW
2024-01-08 02:15:00,J-103,2,1,LOW
2024-01-08 02:15:00,J-104,2,1,LOW
2024-01-08 02:15:00,J-105,2,2,LOW
2024-01-08 02:15:00,J-106,0,0,LOW
2024-01-08 02:15:00,J-107,0,0,LOW
2024-01-08 02:15:00,J-108,4,1,LOW
2024-01-08 02:30:00,J-101,4,1,LOW
2024-01-08 02:30:00,J-102,4,1,LOW
2024-01-08 02:30:00,J-103,2,1,LOW
2024-01-08 02:30:00,J-104,2,1,LOW
2024-01-08 02:30:00,J-105,1,1,LOW
2024-01-08 02:30:00,J-106,1,1,LOW
2024-01-08 02:30:00,J-107,0,0,LOW
2024-01-08 02:30:00,J-108,4,1,LOW
2024-01-08 02:45:00,J-101,4,1,LOW
2024-01-08 02:45:00,J-102,4,,LOW
2024-01-08 02:45:00,J-103,2,1,LOW
2024-01-08 02:45:00,J-104,2,1,LOW
2024-01-08 02:45:00,J-105,1,1,LOW
2024-01-08 02:45:00,J-106,0,0,LOW
2024-01-08 02:45:00,J-107,0,0,LOW
2024-01-08 02:45:00,J-108,4,1,LOW
2024-01-08 03:00:00,J-101,5,2,LOW
2024-01-08 03:00:00,J-102,3,1,LOW
2024-01-08 03:00:00,J-103,3,1,LOW
2024-01-08 03:00:00,J-104,2,1,LOW
2024-01-08 03:00:00,J-105,,1,LOW
2024-01-08 03:00:00,J-106,1,1,LOW
2024-01-08 03:00:00,J-107,0,0,LOW
2024-01-08 03:00:00,J-108,4,1,LOW
2024-01-08 03:15:00,J-101,5,2,LOW
2024-01-08 03:15:00,J-102,5,2,LOW
2024-01-08 03:15:00,J-103,2,1,LOW
2024-01-08 03:15:00,J-104,2,1,LOW
2024-01-08 03:15:00,J-105,2,2,LOW
2024-01-08 03:15:00,J-106,0,0,LOW
2024-01-08 03:15:00,J-107,0,0,LOW
2024-01-08 03:15:00,J-108,4,1,LOW
2024-01-08 03:30:00,J-101,4,1,LOW
2024-01-08 03:30:00,J-102,3,1,LOW
2024-01-08 03:30:00,J-103,2,,LOW
2024-01-08 03:30:00,J-104,2,1,LOW
2024-01-08 03:30:00,J-105,1,1,LOW
2024-01-08 03:30:00,J-106,1,1,LOW
2024-01-08 03:30:00,J-107,0,0,LOW
2024-01-08 03:30:00,J-108,3,1,LOW
2024-01-08 03:45:00,J-101,3,1,LOW
2024-01-08 03:45:00,J-102,2,0,LOW
2024-01-08 03:45:00,J-103,1,0,LOW
2024-01-08 03:45:00,J-104,2,1,LOW
2024-01-08 03:45:00,J-105,1,1,LOW
2024-01-08 03:45:00,J-106,0,0,LOW
2024-01-08 03:45:00,J-107,0,0,LOW
2024-01-08 03:45:00,J-108,2,0,LOW
2024-01-08 04:00:00,J-101,4,1,LOW
2024-01-08 04:00:00,J-102,4,1,LOW
2024-01-08 04:00:00,J-103,2,1,LOW
2024-01-08 04:00:00,J-104,3,2,LOW
2024-01-08 04:00:00,J-105,1,1,LOW
2024-01-08 04:00:00,J-106,1,1,LOW
2024-01-08 04:00:00,J-107,0,0,LOW
2024-01-08 04:00:00,J-108,5,2,LOW
2024-01-08 04:15:00,J-101,3,1,LOW
2024-01-08 04:15:00,J-102,3,1,LOW
2024-01-08 04:15:00,J-103,2,1,LOW
2024-01-08 04:15:00,J-104,2,1,LOW
2024-01-08 04:15:00,J-105,1,1,LOW
2024-01-08 04:15:00,J-106,1,1,LOW
2024-01-08 04:15:00,J-107,0,0,LOW
2024-01-08 04:15:00,J-108,4,1,LOW
2024-01-08 04:30:00,J-101,6,2,LOW
2024-01-08 04:30:00,J-102,4,1,LOW
2024-01-08 04:30:00,J-103,2,1,LOW
2024-01-08 04:30:00,J-104,2,1,LOW
2024-01-08 04:30:00,J-105,2,2,LOW
2024-01-08 04:30:00,J-106,1,1,LOW
2024-01-08 04:30:00,J-107,0,0,LOW
2024-01-08 04:30:00,J-108,4,1,LOW
2024-01-08 04:45:00,J-101,5,2,LOW
2024-01-08 04:45:00,J-102,3,1,LOW
2024-01-08 04:45:00,J-103,3,1,LOW
2024-01-08 04:45:00,J-104,2,1,LOW
2024-01-08 04:45:00,J-105,2,2,LOW
2024-01-08 04:45:00,J-106,1,1,LOW
2024-01-08 04:45:00,J-107,0,0,LOW
2024-01-08 04:45:00,J-108,4,1,LOW
2024-01-08 05:00:00,J-101,5,2,LOW
2024-01-08 05:00:00,J-102,3,1,LOW
2024-01-08 05:00:00,J-103,2,1,LOW
2024-01-08 05:00:00,J-104,2,1,LOW
2024-01-08 05:00:00,J-105,1,1,LOW
2024-01-08 05:00:00,J-106,1,1,LOW
2024-01-08 05:00:00,J-107,0,0,LOW
2024-01-08 05:00:00,J-108,4,1,LOW
2024-01-08 05:15:00,J-101,28,11,LOW
2024-01-08 05:15:00,J-102,27,12,LOW
2024-01-08 05:15:00,J-103,19,12,LOW
2024-01-08 05:15:00,J-104,21,15,LOW
2024-01-08 05:15:00,J-105,11,11,LOW
2024-01-08 05:15:00,J-106,7,11,LOW
2024-01-08 05:15:00,J-107,5,10,LOW
2024-01-08 05:15:00,J-108,32,13,LOW
2024-01-08 05:30:00,J-101,31,12,LOW
2024-01-08 05:30:00,J-102,29,13,LOW
2024-01-08 05:30:00,J-103,18,11,LOW
2024-01-08 05:30:00,J-104,20,14,LOW
2024-01-08 05:30:00,J-105,13,14,LOW
2024-01-08 05:30:00,J-106,6,9,LOW
2024-01-08 05:30:00,J-107,6,13,LOW
2024-01-08 05:30:00,J-108,28,12,LOW
2024-01-08 05:45:00,J-101,32,13,LOW
2024-01-08 05:45:00,J-102,26,12,LOW
2024-01-08 05:45:00,J-103,19,12,LOW
2024-01-08 05:45:00,J-104,19,13,LOW
2024-01-08 05:45:00,J-105,12,13,LOW
2024-01-08 05:45:00,J-106,7,11,LOW
2024-01-08 05:45:00,J-107,5,10,LOW
2024-01-08 05:45:00,J-108,32,13,LOW
2024-01-08 06:00:00,J-101,29,11,LOW
2024-01-08 06:00:00,J-102,20,9,LOW
2024-01-08 06:00:00,J-103,13,8,LOW
2024-01-08 06:00:00,J-104,15,10,LOW
2024-01-08 06:00:00,J-105,8,8,LOW
2024-01-08 06:00:00,J-106,7,11,LOW
2024-01-08 06:00:00,J-107,5,10,LOW
2024-01-08 06:00:00,J-108,22,9,LOW
2024-01-08 06:15:00,J-101,32,13,LOW
2024-01-08 06:15:00,J-102,24,11,LOW
2024-01-08 06:15:00,J-103,20,13,LOW
2024-01-08 06:15:00,J-104,17,12,LOW
2024-01-08 06:15:00,J-105,8,8,LOW
2024-01-08 06:15:00,J-106,7,11,LOW
2024-01-08 06:15:00,J-107,5,10,LOW
2024-01-08 06:15:00,J-108,29,12,LOW
2024-01-08 06:30:00,J-101,19,7,LOW
2024-01-08 06:30:00,J-102,18,8,LOW
2024-01-08 06:30:00,J-103,9,5,LOW
2024-01-08 06:30:00,J-104,13,9,LOW
2024-01-08 06:30:00,J-105,8,8,LOW
2024-01-08 06:30:00,J-106,6,9,LOW
2024-01-08 06:30:00,J-107,3,6,LOW
2024-01-08 06:30:00,J-108,18,7,LOW
2024-01-08 06:45:00,J-101,30,12,LOW
2024-01-08 06:45:00,J-102,30,13,LOW
2024-01-08 06:45:00,J-103,20,13,LOW
2024-01-08 06:45:00,J-104,16,11,LOW
2024-01-08 06:45:00,J-105,11,11,LOW
2024-01-08 06:45:00,J-106,7,11,LOW
2024-01-08 06:45:00,J-107,6,13,LOW
2024-01-08 06:45:00,J-108,32,13,LOW
2024-01-08 07:00:00,J-101,25,10,LOW
2024-01-08 07:00:00,J-102,34,15,LOW
2024-01-08 07:00:00,J-103,20,13,LOW
2024-01-08 07:00:00,J-104,16,11,LOW
2024-01-08 07:00:00,J-105,9,9,LOW
2024-01-08 07:00:00,J-106,8,13,LOW
2024-01-08 07:00:00,J-107,4,8,LOW
2024-01-08 07:00:00,J-108,28,12,LOW
2024-01-08 07:15:00,J-101,27,10,LOW
2024-01-08 07:15:00,J-102,25,11,LOW
2024-01-08 07:15:00,J-103,21,13,LOW
2024-01-08 07:15:00,J-104,15,10,LOW
2024-01-08 07:15:00,J-105,12,13,LOW
2024-01-08 07:15:00,J-106,5,8,LOW
2024-01-08 07:15:00,J-107,5,10,LOW
2024-01-08 07:15:00,J-108,27,11,LOW
2024-01-08 07:30:00,J-101,76,30,LOW
2024-01-08 07:30:00,J-102,76,35,LOW
2024-01-08 07:30:00,J-103,45,29,LOW
2024-01-08 07:30:00,J-104,58,41,MODERATE
2024-01-08 07:30:00,J-105,25,27,LOW
2024-01-08 07:30:00,J-106,19,30,LOW
2024-01-08 07:30:00,J-107,15,32,LOW
2024-01-08 07:30:00,J-108,86,37,LOW
2024-01-08 07:45:00,J-101,83,33,LOW
2024-01-08 07:45:00,J-102,74,34,LOW
2024-01-08 07:45:00,J-103,52,33,LOW
2024-01-08 07:45:00,J-104,34,24,LOW
2024-01-08 07:45:00,J-105,33,35,LOW
2024-01-08 07:45:00,J-106,23,37,LOW
2024-01-08 07:45:00,J-107,17,,LOW
2024-01-08 07:45:00,J-108,94,40,MODERATE
2024-01-08 08:00:00,J-101,142,57,MODERATE
2024-01-08 08:00:00,J-102,90,41,MODERATE
2024-01-08 08:00:00,J-103,51,33,LOW
2024-01-08 08:00:00,J-104,66,47,MODERATE
2024-01-08 08:00:00,J-105,48,52,MODERATE
2024-01-08 08:00:00,J-106,30,48,MODERATE
2024-01-08 08:00:00,J-107,25,54,MODERATE
2024-01-08 08:00:00,J-108,135,58,MODERATE
2024-01-08 08:15:00,J-101,118,47,MODERATE
2024-01-08 08:15:00,J-102,97,45,MODERATE
2024-01-08 08:15:00,J-103,85,55,MODERATE
2024-01-08 08:15:00,J-104,76,54,MODERATE
2024-01-08 08:15:00,J-105,44,47,MODERATE
2024-01-08 08:15:00,J-106,38,61,MODERATE
2024-01-08 08:15:00,J-107,24,52,MODERATE
2024-01-08 08:15:00,J-108,160,69,MODERATE
2024-01-08 08:30:00,J-101,173,70,HIGH
2024-01-08 08:30:00,J-102,161,74,HIGH
2024-01-08 08:30:00,J-103,82,53,MODERATE
2024-01-08 08:30:00,J-104,116,83,HIGH
2024-01-08 08:30:00,J-105,53,57,MODERATE
2024-01-08 08:30:00,J-106,30,48,MODERATE
2024-01-08 08:30:00,J-107,25,54,MODERATE
2024-01-08 08:30:00,J-108,148,64,MODERATE
2024-01-08 08:45:00,J-101,163,66,MODERATE
2024-01-08 08:45:00,J-102,126,58,MODERATE
2024-01-08 08:45:00,J-103,110,71,HIGH
2024-01-08 08:45:00,J-104,91,65,MODERATE
2024-01-08 08:45:00,J-105,60,65,MODERATE
2024-01-08 08:45:00,J-106,40,65,MODERATE
2024-01-08 08:45:00,J-107,29,62,MODERATE
2024-01-08 08:45:00,J-108,117,50,MODERATE
2024-01-08 09:00:00,J-101,150,60,MODERATE
2024-01-08 09:00:00,J-102,139,64,MODERATE
2024-01-08 09:00:00,J-103,86,55,MODERATE
2024-01-08 09:00:00,J-104,89,64,MODERATE
2024-01-08 09:00:00,J-105,54,58,MODERATE
2024-01-08 09:00:00,J-106,44,71,HIGH
2024-01-08 09:00:00,J-107,24,52,MODERATE
2024-01-08 09:00:00,J-108,158,68,MODERATE
2024-01-08 09:15:00,J-101,184,74,HIGH
2024-01-08 09:15:00,J-102,130,60,MODERATE
2024-01-08 09:15:00,J-103,84,54,MODERATE
2024-01-08 09:15:00,J-104,92,,MODERATE
2024-01-08 09:15:00,J-105,57,61,MODERATE
2024-01-08 09:15:00,J-106,38,61,MODERATE
2024-01-08 09:15:00,J-107,26,56,MODERATE
2024-01-08 09:15:00,J-108,129,55,MODERATE
2024-01-08 09:30:00,J-101,120,48,MODERATE
2024-01-08 09:30:00,J-102,92,42,MODERATE
2024-01-08 09:30:00,J-103,65,42,MODERATE
2024-01-08 09:30:00,J-104,73,52,MODERATE
2024-01-08 09:30:00,J-105,43,46,MODERATE
2024-01-08 09:30:00,J-106,30,48,MODERATE
2024-01-08 09:30:00,J-107,22,47,MODERATE
2024-01-08 09:30:00,J-108,110,47,MODERATE
2024-01-08 09:45:00,J-101,88,35,LOW
2024-01-08 09:45:00,J-102,84,39,LOW
2024-01-08 09:45:00,J-103,71,46,MODERATE
2024-01-08 09:45:00,J-104,49,35,LOW
2024-01-08 09:45:00,J-105,35,37,LOW
2024-01-08 09:45:00,J-106,26,42,MODERATE
2024-01-08 09:45:00,J-107,19,41,MODERATE
2024-01-08 09:45:00,J-108,98,42,MODERATE
2024-01-08 10:00:00,J-101,60,24,LOW
2024-01-08 10:00:00,J-102,60,27,LOW
2024-01-08 10:00:00,J-103,,22,LOW
2024-01-08 10:00:00,J-104,39,28,LOW
2024-01-08 10:00:00,J-105,23,24,LOW
2024-01-08 10:00:00,J-106,19,30,LOW
2024-01-08 10:00:00,J-107,15,32,LOW
2024-01-08 10:00:00,J-108,56,24,LOW
2024-01-08 10:15:00,J-101,37,15,LOW
2024-01-08 10:15:00,J-102,27,12,LOW
2024-01-08 10:15:00,J-103,18,11,LOW
2024-01-08 10:15:00,J-104,17,12,LOW
2024-01-08 10:15:00,J-105,12,13,LOW
2024-01-08 10:15:00,J-106,7,11,LOW
2024-01-08 10:15:00,J-107,5,10,LOW
2024-01-08 10:15:00,J-108,26,11,LOW
2024-01-08 10:30:00,J-101,30,12,LOW
2024-01-08 10:30:00,J-102,29,13,LOW
2024-01-08 10:30:00,J-103,24,15,LOW
2024-01-08 10:30:00,J-104,17,12,LOW
2024-01-08 10:30:00,J-105,10,10,LOW
2024-01-08 10:30:00,J-106,7,11,LOW
2024-01-08 10:30:00,J-107,5,10,LOW
2024-01-08 10:30:00,J-108,33,14,LOW
2024-01-08 10:45:00,J-101,31,12,LOW
2024-01-08 10:45:00,J-102,29,13,LOW
2024-01-08 10:45:00,J-103,16,10,LOW
2024-01-08 10:45:00,J-104,16,11,LOW
2024-01-08 10:45:00,J-105,11,11,LOW
2024-01-08 10:45:00,J-106,8,13,LOW
2024-01-08 10:45:00,J-107,5,10,LOW
2024-01-08 10:45:00,J-108,25,10,LOW
2024-01-08 11:00:00,J-101,28,11,LOW
2024-01-08 11:00:00,J-102,25,11,LOW
2024-01-08 11:00:00,J-103,20,13,LOW
2024-01-08 11:00:00,J-104,15,10,LOW
2024-01-08 11:00:00,J-105,15,16,LOW
2024-01-08 11:00:00,J-106,8,13,LOW
2024-01-08 11:00:00,J-107,5,10,LOW
2024-01-08 11:00:00,J-108,30,13,LOW
2024-01-08 11:15:00,J-101,31,12,LOW
2024-01-08 11:15:00,J-102,23,10,LOW
2024-01-08 11:15:00,J-103,19,12,LOW
2024-01-08 11:15:00,J-104,17,12,LOW
2024-01-08 11:15:00,J-105,12,13,LOW
2024-01-08 11:15:00,J-106,8,13,LOW
2024-01-08 11:15:00,J-107,5,10,LOW
2024-01-08 11:15:00,J-108,29,12,LOW
2024-01-08 11:30:00,J-101,16,6,LOW
2024-01-08 11:30:00,J-102,16,7,LOW
2024-01-08 11:30:00,J-103,13,8,LOW
2024-01-08 11:30:00,J-104,10,7,LOW
2024-01-08 11:30:00,J-105,7,7,LOW
2024-01-08 11:30:00,J-106,4,6,LOW
2024-01-08 11:30:00,J-107,3,6,LOW
2024-01-08 11:30:00,J-108,18,7,LOW
2024-01-08 11:45:00,J-101,34,13,LOW
2024-01-08 11:45:00,J-102,33,15,LOW
2024-01-08 11:45:00,J-103,20,13,LOW
2024-01-08 11:45:00,J-104,20,14,LOW
2024-01-08 11:45:00,J-105,12,13,LOW
2024-01-08 11:45:00,J-106,9,14,LOW
2024-01-08 11:45:00,J-107,4,8,LOW
2024-01-08 11:45:00,J-108,34,14,LOW
2024-01-08 12:00:00,J-101,57,23,LOW
2024-01-08 12:00:00,J-102,39,18,LOW
2024-01-08 12:00:00,J-103,42,27,LOW
2024-01-08 12:00:00,J-104,40,28,LOW
2024-01-08 12:00:00,J-105,24,26,LOW
2024-01-08 12:00:00,J-106,15,24,LOW
2024-01-08 12:00:00,J-107,11,23,LOW
2024-01-08 12:00:00,J-108,69,29,LOW
2024-01-08 12:15:00,J-101,59,23,LOW
2024-01-08 12:15:00,J-102,59,27,LOW
2024-01-08 12:15:00,J-103,38,24,LOW
2024-01-08 12:15:00,J-104,31,22,LOW
2024-01-08 12:15:00,J-105,23,24,LOW
2024-01-08 12:15:00,J-106,15,24,LOW
2024-01-08 12:15:00,J-107,11,23,LOW
2024-01-08 12:15:00,J-108,61,26,LOW
2024-01-08 12:30:00,J-101,53,21,LOW
2024-01-08 12:30:00,J-102,56,26,LOW
2024-01-08 12:30:00,J-103,31,20,LOW
2024-01-08 12:30:00,J-104,34,24,LOW
2024-01-08 12:30:00,J-105,22,23,LOW
2024-01-08 12:30:00,J-106,16,26,LOW
2024-01-08 12:30:00,J-107,9,19,LOW
2024-01-08 12:30:00,J-108,51,22,LOW
2024-01-08 12:45:00,J-101,45,18,LOW
2024-01-08 12:45:00,J-102,37,17,LOW
2024-01-08 12:45:00,J-103,30,19,LOW
2024-01-08 12:45:00,J-104,20,14,LOW
2024-01-08 12:45:00,J-105,18,19,LOW
2024-01-08 12:45:00,J-106,13,21,LOW
2024-01-08 12:45:00,J-107,8,17,LOW
2024-01-08 12:45:00,J-108,30,13,LOW
2024-01-08 13:00:00,J-101,73,29,LOW
2024-01-08 13:00:00,J-102,51,23,LOW
2024-01-08 13:00:00,J-103,41,26,LOW
2024-01-08 13:00:00,J-104,30,21,LOW
2024-01-08 13:00:00,J-105,20,21,LOW
2024-01-08 13:00:00,J-106,15,24,LOW
2024-01-08 13:00:00,J-107,10,21,LOW
2024-01-08 13:00:00,J-108,72,31,LOW
2024-01-08 13:15:00,J-101,58,23,LOW
2024-01-08 13:15:00,J-102,47,21,LOW
2024-01-08 13:15:00,J-103,37,24,LOW
2024-01-08 13:15:00,J-104,24,17,LOW
2024-01-08 13:15:00,J-105,24,26,LOW
2024-01-08 13:15:00,J-106,15,24,LOW
2024-01-08 13:15:00,J-107,11,23,LOW
2024-01-08 13:15:00,J-108,56,24,LOW
2024-01-08 13:30:00,J-101,68,27,LOW
2024-01-08 13:30:00,J-102,51,23,LOW
2024-01-08 13:30:00,J-103,27,17,LOW
2024-01-08 13:30:00,J-104,31,22,LOW
2024-01-08 13:30:00,J-105,17,18,LOW
2024-01-08 13:30:00,J-106,12,19,LOW
2024-01-08 13:30:00,J-107,10,21,LOW
2024-01-08 13:30:00,J-108,49,21,LOW
2024-01-08 13:45:00,J-101,27,10,LOW
2024-01-08 13:45:00,J-102,27,12,LOW
2024-01-08 13:45:00,J-103,17,11,LOW
2024-01-08 13:45:00,J-104,16,11,LOW
2024-01-08 13:45:00,J-105,7,7,LOW
2024-01-08 13:45:00,J-106,,13,LOW
2024-01-08 13:45:00,J-107,5,10,LOW
2024-01-08 13:45:00,J-108,33,14,LOW
2024-01-08 14:00:00,J-101,26,10,LOW
2024-01-08 14:00:00,J-102,26,12,LOW
2024-01-08 14:00:00,J-103,21,13,LOW
2024-01-08 14:00:00,J-104,20,14,LOW
2024-01-08 14:00:00,J-105,9,9,LOW
2024-01-08 14:00:00,J-106,6,9,LOW
2024-01-08 14:00:00,J-107,6,13,LOW
2024-01-08 14:00:00,J-108,26,11,LOW
2024-01-08 14:15:00,J-101,32,13,LOW
2024-01-08 14:15:00,J-102,30,13,LOW
2024-01-08 14:15:00,J-103,19,12,LOW
2024-01-08 14:15:00,J-104,18,13,LOW
2024-01-08 14:15:00,J-105,12,13,LOW
2024-01-08 14:15:00,J-106,7,11,LOW
2024-01-08 14:15:00,J-107,5,10,LOW
2024-01-08 14:15:00,J-108,31,13,LOW
2024-01-08 14:30:00,J-101,29,11,LOW
2024-01-08 14:30:00,J-102,33,15,LOW
2024-01-08 14:30:00,J-103,19,12,LOW
2024-01-08 14:30:00,J-104,16,11,LOW
2024-01-08 14:30:00,J-105,12,13,LOW
2024-01-08 14:30:00,J-106,7,11,LOW
2024-01-08 14:30:00,J-107,5,10,LOW
2024-01-08 14:30:00,J-108,26,11,LOW
2024-01-08 14:45:00,J-101,29,11,LOW
2024-01-08 14:45:00,J-102,24,11,LOW
2024-01-08 14:45:00,J-103,17,11,LOW
2024-01-08 14:45:00,J-104,14,10,LOW
2024-01-08 14:45:00,J-105,9,9,LOW
2024-01-08 14:45:00,J-106,7,11,LOW
2024-01-08 14:45:00,J-107,5,10,LOW
2024-01-08 14:45:00,J-108,22,9,LOW
2024-01-08 15:00:00,J-101,29,11,LOW
2024-01-08 15:00:00,J-102,25,11,LOW
2024-01-08 15:00:00,J-103,,12,LOW
2024-01-08 15:00:00,J-104,17,12,LOW
2024-01-08 15:00:00,J-105,11,11,LOW
2024-01-08 15:00:00,J-106,6,9,LOW
2024-01-08 15:00:00,J-107,5,10,LOW
2024-01-08 15:00:00,J-108,17,7,LOW
2024-01-08 15:15:00,J-101,29,11,LOW
2024-01-08 15:15:00,J-102,25,11,LOW
2024-01-08 15:15:00,J-103,16,10,LOW
2024-01-08 15:15:00,J-104,13,9,LOW
2024-01-08 15:15:00,J-105,11,11,LOW
2024-01-08 15:15:00,J-106,7,11,LOW
2024-01-08 15:15:00,J-107,4,8,LOW
2024-01-08 15:15:00,J-108,18,7,LOW
2024-01-08 15:30:00,J-101,34,13,LOW
2024-01-08 15:30:00,J-102,25,11,LOW
2024-01-08 15:30:00,J-103,19,12,LOW
2024-01-08 15:30:00,J-104,21,15,LOW
2024-01-08 15:30:00,J-105,11,11,LOW
2024-01-08 15:30:00,J-106,7,11,LOW
2024-01-08 15:30:00,J-107,,13,LOW
2024-01-08 15:30:00,J-108,30,13,LOW
2024-01-08 15:45:00,J-101,,10,LOW
2024-01-08 15:45:00,J-102,32,14,LOW
2024-01-08 15:45:00,J-103,20,13,LOW
2024-01-08 15:45:00,J-104,20,14,LOW
2024-01-08 15:45:00,J-105,12,13,LOW
2024-01-08 15:45:00,J-106,8,13,LOW
2024-01-08 15:45:00,J-107,6,13,LOW
2024-01-08 15:45:00,J-108,31,13,LOW
2024-01-08 16:00:00,J-101,23,9,LOW
2024-01-08 16:00:00,J-102,18,8,LOW
2024-01-08 16:00:00,J-103,15,9,LOW
2024-01-08 16:00:00,J-104,11,7,LOW
2024-01-08 16:00:00,J-105,8,8,LOW
2024-01-08 16:00:00,J-106,4,6,LOW
2024-01-08 16:00:00,J-107,4,8,LOW
2024-01-08 16:00:00,J-108,16,6,LOW
2024-01-08 16:15:00,J-101,36,14,LOW
2024-01-08 16:15:00,J-102,30,13,LOW
2024-01-08 16:15:00,J-103,18,11,LOW
2024-01-08 16:15:00,J-104,18,13,LOW
2024-01-08 16:15:00,J-105,10,10,LOW
2024-01-08 16:15:00,J-106,7,11,LOW
2024-01-08 16:15:00,J-107,5,10,LOW
2024-01-08 16:15:00,J-108,21,9,LOW
2024-01-08 16:30:00,J-101,88,35,LOW
2024-01-08 16:30:00,J-102,75,34,LOW
2024-01-08 16:30:00,J-103,67,43,MODERATE
2024-01-08 16:30:00,J-104,49,35,LOW
2024-01-08 16:30:00,J-105,32,34,LOW
2024-01-08 16:30:00,J-106,21,34,LOW
2024-01-08 16:30:00,J-107,22,47,MODERATE
2024-01-08 16:30:00,J-108,108,46,MODERATE
2024-01-08 16:45:00,J-101,108,43,MODERATE
2024-01-08 16:45:00,J-102,92,42,MODERATE
2024-01-08 16:45:00,J-103,64,41,MODERATE
2024-01-08 16:45:00,J-104,67,48,MODERATE
2024-01-08 16:45:00,J-105,46,49,MODERATE
2024-01-08 16:45:00,J-106,24,39,LOW
2024-01-08 16:45:00,J-107,16,34,LOW
2024-01-08 16:45:00,J-108,90,39,LOW
2024-01-08 17:00:00,J-101,137,55,MODERATE
2024-01-08 17:00:00,J-102,107,49,MODERATE
2024-01-08 17:00:00,J-103,74,48,MODERATE
2024-01-08 17:00:00,J-104,77,55,MODERATE
2024-01-08 17:00:00,J-105,51,55,MODERATE
2024-01-08 17:00:00,J-106,31,50,MODERATE
2024-01-08 17:00:00,J-107,20,43,MODERATE
2024-01-08 17:00:00,J-108,107,46,MODERATE
2024-01-08 17:15:00,J-101,128,52,MODERATE
2024-01-08 17:15:00,J-102,120,55,MODERATE
2024-01-08 17:15:00,J-103,92,59,MODERATE
2024-01-08 17:15:00,J-104,82,59,MODERATE
2024-01-08 17:15:00,J-105,43,46,MODERATE
2024-01-08 17:15:00,J-106,36,58,MODERATE
2024-01-08 17:15:00,J-107,22,47,MODERATE
2024-01-08 17:15:00,J-108,123,53,MODERATE
2024-01-08 17:30:00,J-101,138,56,MODERATE
2024-01-08 17:30:00,J-102,104,48,MODERATE
2024-01-08 17:30:00,J-103,87,56,MODERATE
2024-01-08 17:30:00,J-104,79,57,MODERATE
2024-01-08 17:30:00,J-105,50,54,MODERATE
2024-01-08 17:30:00,J-106,30,48,MODERATE
2024-01-08 17:30:00,J-107,30,65,MODERATE
2024-01-08 17:30:00,J-108,120,52,MODERATE
2024-01-08 17:45:00,J-101,138,56,MODERATE
2024-01-08 17:45:00,J-102,114,52,MODERATE
2024-01-08 17:45:00,J-103,93,60,MODERATE
2024-01-08 17:45:00,J-104,79,57,MODERATE
2024-01-08 17:45:00,J-105,67,72,HIGH
2024-01-08 17:45:00,J-106,35,56,MODERATE
2024-01-08 17:45:00,J-107,27,58,MODERATE
2024-01-08 17:45:00,J-108,112,48,MODERATE
2024-01-08 18:00:00,J-101,199,80,HIGH
2024-01-08 18:00:00,J-102,137,63,MODERATE
2024-01-08 18:00:00,J-103,99,64,MODERATE
2024-01-08 18:00:00,J-104,95,68,MODERATE
2024-01-08 18:00:00,J-105,49,53,MODERATE
2024-01-08 18:00:00,J-106,35,56,MODERATE
2024-01-08 18:00:00,J-107,25,54,MODERATE
2024-01-08 18:00:00,J-108,145,62,MODERATE
2024-01-08 18:15:00,J-101,165,67,MODERATE
2024-01-08 18:15:00,J-102,132,61,MODERATE
2024-01-08 18:15:00,J-103,109,70,HIGH
2024-01-08 18:15:00,J-104,99,71,HIGH
2024-01-08 18:15:00,J-105,43,46,MODERATE
2024-01-08 18:15:00,J-106,35,56,MODERATE
2024-01-08 18:15:00,J-107,33,71,HIGH
2024-01-08 18:15:00,J-108,171,74,HIGH
2024-01-08 18:30:00,J-101,136,55,MODERATE
2024-01-08 18:30:00,J-102,140,65,MODERATE
2024-01-08 18:30:00,J-103,86,55,MODERATE
2024-01-08 18:30:00,J-104,86,62,MODERATE
2024-01-08 18:30:00,J-105,46,49,MODERATE
2024-01-08 18:30:00,J-106,35,56,MODERATE
2024-01-08 18:30:00,J-107,23,49,MODERATE
2024-01-08 18:30:00,J-108,122,52,MODERATE
2024-01-08 18:45:00,J-101,173,70,HIGH
2024-01-08 18:45:00,J-102,124,57,MODERATE
2024-01-08 18:45:00,J-103,98,63,MODERATE
2024-01-08 18:45:00,J-104,94,67,MODERATE
2024-01-08 18:45:00,J-105,44,47,MODERATE
2024-01-08 18:45:00,J-106,26,42,MODERATE
2024-01-08 18:45:00,J-107,30,65,MODERATE
2024-01-08 18:45:00,J-108,121,52,MODERATE
2024-01-08 19:00:00,J-101,111,45,MODERATE
2024-01-08 19:00:00,J-102,103,47,MODERATE
2024-01-08 19:00:00,J-103,81,52,MODERATE
2024-01-08 19:00:00,J-104,77,55,MODERATE
2024-01-08 19:00:00,J-105,43,46,MODERATE
2024-01-08 19:00:00,J-106,33,53,MODERATE
2024-01-08 19:00:00,J-107,25,54,MODERATE
2024-01-08 19:00:00,J-108,119,51,MODERATE
2024-01-08 19:15:00,J-101,101,41,MODERATE
2024-01-08 19:15:00,J-102,101,46,MODERATE
2024-01-08 19:15:00,J-103,76,49,MODERATE
2024-01-08 19:15:00,J-104,69,49,MODERATE
2024-01-08 19:15:00,J-105,43,46,MODERATE
2024-01-08 19:15:00,J-106,24,39,LOW
2024-01-08 19:15:00,J-107,21,45,MODERATE
2024-01-08 19:15:00,J-108,115,49,MODERATE
2024-01-08 19:30:00,J-101,92,37,LOW
2024-01-08 19:30:00,J-102,84,39,LOW
2024-01-08 19:30:00,J-103,57,37,LOW
2024-01-08 19:30:00,J-104,60,43,MODERATE
2024-01-08 19:30:00,J-105,29,31,LOW
2024-01-08 19:30:00,J-106,23,37,LOW
2024-01-08 19:30:00,J-107,14,30,LOW
2024-01-08 19:30:00,J-108,86,37,LOW
2024-01-08 19:45:00,J-101,33,13,LOW
2024-01-08 19:45:00,J-102,31,14,LOW
2024-01-08 19:45:00,J-103,19,12,LOW
2024-01-08 19:45:00,J-104,15,10,LOW
2024-01-08 19:45:00,J-105,13,14,LOW
2024-01-08 19:45:00,J-106,8,13,LOW
2024-01-08 19:45:00,J-107,5,10,LOW
2024-01-08 19:45:00,J-108,26,11,LOW
2024-01-08 20:00:00,J-101,31,12,LOW
2024-01-08 20:00:00,J-102,30,13,LOW
2024-01-08 20:00:00,J-103,18,11,LOW
2024-01-08 20:00:00,J-104,16,11,LOW
2024-01-08 20:00:00,J-105,12,13,LOW
2024-01-08 20:00:00,J-106,6,9,LOW
2024-01-08 20:00:00,J-107,5,10,LOW
2024-01-08 20:00:00,J-108,27,11,LOW
2024-01-08 20:15:00,J-101,23,9,LOW
2024-01-08 20:15:00,J-102,23,10,LOW
2024-01-08 20:15:00,J-103,16,10,LOW
2024-01-08 20:15:00,J-104,19,13,LOW
2024-01-08 20:15:00,J-105,9,9,LOW
2024-01-08 20:15:00,J-106,5,8,LOW
2024-01-08 20:15:00,J-107,5,10,LOW
2024-01-08 20:15:00,J-108,19,8,LOW
2024-01-08 20:30:00,J-101,22,8,LOW
2024-01-08 20:30:00,J-102,15,6,LOW
2024-01-08 20:30:00,J-103,13,8,LOW
2024-01-08 20:30:00,J-104,10,7,LOW
2024-01-08 20:30:00,J-105,8,8,LOW
2024-01-08 20:30:00,J-106,6,9,LOW
2024-01-08 20:30:00,J-107,4,8,LOW
2024-01-08 20:30:00,J-108,21,9,LOW
2024-01-08 20:45:00,J-101,28,11,LOW
2024-01-08 20:45:00,J-102,18,8,LOW
2024-01-08 20:45:00,J-103,15,9,LOW
2024-01-08 20:45:00,J-104,16,11,LOW
2024-01-08 20:45:00,J-105,8,8,LOW
2024-01-08 20:45:00,J-106,6,9,LOW
2024-01-08 20:45:00,J-107,5,10,LOW
2024-01-08 20:45:00,J-108,25,10,LOW
2024-01-08 21:00:00,J-101,23,9,LOW
2024-01-08 21:00:00,J-102,17,7,LOW
2024-01-08 21:00:00,J-103,13,8,LOW
2024-01-08 21:00:00,J-104,8,5,LOW
2024-01-08 21:00:00,J-105,8,8,LOW
2024-01-08 21:00:00,J-106,3,4,LOW
2024-01-08 21:00:00,J-107,3,6,LOW
2024-01-08 21:00:00,J-108,16,6,LOW
2024-01-08 21:15:00,J-101,27,10,LOW
2024-01-08 21:15:00,J-102,19,8,LOW
2024-01-08 21:15:00,J-103,18,11,LOW
2024-01-08 21:15:00,J-104,16,11,LOW
2024-01-08 21:15:00,J-105,12,13,LOW
2024-01-08 21:15:00,J-106,4,6,LOW
2024-01-08 21:15:00,J-107,5,10,LOW
2024-01-08 21:15:00,J-108,24,10,LOW
2024-01-08 21:30:00,J-101,19,7,LOW
2024-01-08 21:30:00,J-102,16,7,LOW
2024-01-08 21:30:00,J-103,12,7,LOW
2024-01-08 21:30:00,J-104,11,7,LOW
2024-01-08 21:30:00,J-105,6,6,LOW
2024-01-08 21:30:00,J-106,5,8,LOW
2024-01-08 21:30:00,J-107,3,6,LOW
2024-01-08 21:30:00,J-108,16,6,LOW
2024-01-08 21:45:00,J-101,20,8,LOW
2024-01-08 21:45:00,J-102,24,11,LOW
2024-01-08 21:45:00,J-103,21,13,LOW
2024-01-08 21:45:00,J-104,16,11,LOW
2024-01-08 21:45:00,J-105,11,11,LOW
2024-01-08 21:45:00,J-106,8,13,LOW
2024-01-08 21:45:00,J-107,5,10,LOW
2024-01-08 21:45:00,J-108,31,13,LOW
2024-01-08 22:00:00,J-101,27,10,LOW
2024-01-08 22:00:00,J-102,28,13,LOW
2024-01-08 22:00:00,J-103,19,12,LOW
2024-01-08 22:00:00,J-104,18,13,LOW
2024-01-08 22:00:00,J-105,11,11,LOW
2024-01-08 22:00:00,J-106,8,13,LOW
2024-01-08 22:00:00,J-107,6,13,LOW
2024-01-08 22:00:00,J-108,29,12,LOW
2024-01-08 22:15:00,J-101,30,12,LOW
2024-01-08 22:15:00,J-102,22,10,LOW
2024-01-08 22:15:00,J-103,15,9,LOW
2024-01-08 22:15:00,J-104,13,9,LOW
2024-01-08 22:15:00,J-105,9,9,LOW
2024-01-08 22:15:00,J-106,7,11,LOW
2024-01-08 22:15:00,J-107,4,8,LOW
2024-01-08 22:15:00,J-108,22,9,LOW
2024-01-08 22:30:00,J-101,19,7,LOW
2024-01-08 22:30:00,J-102,18,8,LOW
2024-01-08 22:30:00,J-103,16,10,LOW
2024-01-08 22:30:00,J-104,,7,LOW
2024-01-08 22:30:00,J-105,6,6,LOW
2024-01-08 22:30:00,J-106,5,8,LOW
2024-01-08 22:30:00,J-107,3,6,LOW
2024-01-08 22:30:00,J-108,26,11,LOW
2024-01-08 22:45:00,J-101,31,12,LOW
2024-01-08 22:45:00,J-102,25,11,LOW
2024-01-08 22:45:00,J-103,23,14,LOW
2024-01-08 22:45:00,J-104,16,11,LOW
2024-01-08 22:45:00,J-105,12,13,LOW
2024-01-08 22:45:00,J-106,6,9,LOW
2024-01-08 22:45:00,J-107,5,10,LOW
2024-01-08 22:45:00,J-108,32,13,LOW
2024-01-08 23:00:00,J-101,31,12,LOW
2024-01-08 23:00:00,J-102,19,8,LOW
2024-01-08 23:00:00,J-103,15,9,LOW
2024-01-08 23:00:00,J-104,19,13,LOW
2024-01-08 23:00:00,J-105,14,15,LOW
2024-01-08 23:00:00,J-106,9,14,LOW
2024-01-08 23:00:00,J-107,6,13,LOW
2024-01-08 23:00:00,J-108,31,13,LOW
2024-01-08 23:15:00,J-101,30,12,LOW
2024-01-08 23:15:00,J-102,26,12,LOW
2024-01-08 23:15:00,J-103,,11,LOW
2024-01-08 23:15:00,J-104,19,13,LOW
2024-01-08 23:15:00,J-105,11,11,LOW
2024-01-08 23:15:00,J-106,6,9,LOW
2024-01-08 23:15:00,J-107,5,10,LOW
2024-01-08 23:15:00,J-108,34,14,LOW
2024-01-08 23:30:00,J-101,34,13,LOW
2024-01-08 23:30:00,J-102,29,13,LOW
2024-01-08 23:30:00,J-103,15,9,LOW
2024-01-08 23:30:00,J-104,15,10,LOW
2024-01-08 23:30:00,J-105,10,10,LOW
2024-01-08 23:30:00,J-106,7,11,LOW
2024-01-08 23:30:00,J-107,6,13,LOW
2024-01-08 23:30:00,J-108,30,13,LOW
2024-01-08 23:45:00,J-101,37,15,LOW
2024-01-08 23:45:00,J-102,31,14,LOW
2024-01-08 23:45:00,J-103,19,12,LOW
2024-01-08 23:45:00,J-104,16,11,LOW
2024-01-08 23:45:00,J-105,13,14,LOW
2024-01-08 23:45:00,J-106,9,14,LOW
2024-01-08 23:45:00,J-107,6,13,LOW
2024-01-08 23:45:00,J-108,37,16,LOW
2024-01-09 00:00:00,J-101,28,11,LOW
2024-01-09 00:00:00,J-102,24,11,LOW
2024-01-09 00:00:00,J-103,18,11,LOW
2024-01-09 00:00:00,J-104,17,12,LOW
2024-01-09 00:00:00,J-105,10,10,LOW
2024-01-09 00:00:00,J-106,6,9,LOW
2024-01-09 00:00:00,J-107,6,13,LOW
2024-01-09 00:00:00,J-108,29,12,LOW
2024-01-09 00:15:00,J-101,28,11,LOW
2024-01-09 00:15:00,J-102,26,12,LOW
2024-01-09 00:15:00,J-103,19,12,LOW
2024-01-09 00:15:00,J-104,13,9,LOW
2024-01-09 00:15:00,J-105,12,13,LOW
2024-01-09 00:15:00,J-106,5,8,LOW
2024-01-09 00:15:00,J-107,7,15,LOW
2024-01-09 00:15:00,J-108,31,13,LOW
2024-01-09 00:30:00,J-101,23,9,LOW
2024-01-09 00:30:00,J-102,20,9,LOW
2024-01-09 00:30:00,J-103,11,7,LOW
2024-01-09 00:30:00,J-104,11,7,LOW
2024-01-09 00:30:00,J-105,7,7,LOW
2024-01-09 00:30:00,J-106,5,8,LOW
2024-01-09 00:30:00,J-107,3,6,LOW
2024-01-09 00:30:00,J-108,19,8,LOW
2024-01-09 00:45:00,J-101,21,8,LOW
2024-01-09 00:45:00,J-102,19,8,LOW
2024-01-09 00:45:00,J-103,14,9,LOW
2024-01-09 00:45:00,J-104,12,8,LOW
2024-01-09 00:45:00,J-105,8,8,LOW
2024-01-09 00:45:00,J-106,5,8,LOW
2024-01-09 00:45:00,J-107,3,6,LOW
2024-01-09 00:45:00,J-108,19,8,LOW
2024-01-09 01:00:00,J-101,3,1,LOW
2024-01-09 01:00:00,J-102,4,1,LOW
2024-01-09 01:00:00,J-103,3,1,LOW
2024-01-09 01:00:00,J-104,1,0,LOW
2024-01-09 01:00:00,J-105,1,1,LOW
2024-01-09 01:00:00,J-106,0,0,LOW
2024-01-09 01:00:00,J-107,0,0,LOW
2024-01-09 01:00:00,J-108,4,1,LOW
2024-01-09 01:15:00,J-101,4,1,LOW
2024-01-09 01:15:00,J-102,3,1,LOW
2024-01-09 01:15:00,J-103,3,1,LOW
2024-01-09 01:15:00,J-104,1,0,LOW
2024-01-09 01:15:00,J-105,1,1,LOW
2024-01-09 01:15:00,J-106,1,1,LOW
2024-01-09 01:15:00,J-107,0,0,LOW
2024-01-09 01:15:00,J-108,4,1,LOW
2024-01-09 01:30:00,J-101,3,1,LOW
2024-01-09 01:30:00,J-102,3,1,LOW
2024-01-09 01:30:00,J-103,2,1,LOW
2024-01-09 01:30:00,J-104,2,1,LOW
2024-01-09 01:30:00,J-105,1,1,LOW
2024-01-09 01:30:00,J-106,1,1,LOW
2024-01-09 01:30:00,J-107,0,0,LOW
2024-01-09 01:30:00,J-108,4,1,LOW
2024-01-09 01:45:00,J-101,5,2,LOW
2024-01-09 01:45:00,J-102,4,1,LOW
2024-01-09 01:45:00,J-103,3,1,LOW
2024-01-09 01:45:00,J-104,3,2,LOW
2024-01-09 01:45:00,J-105,1,1,LOW
2024-01-09 01:45:00,J-106,0,0,LOW
2024-01-09 01:45:00,J-107,0,0,LOW
2024-01-09 01:45:00,J-108,3,1,LOW
2024-01-09 02:00:00,J-101,4,1,LOW
2024-01-09 02:00:00,J-102,4,1,LOW
2024-01-09 02:00:00,J-103,3,1,LOW
2024-01-09 02:00:00,J-104,2,1,LOW
2024-01-09 02:00:00,J-105,2,2,LOW
2024-01-09 02:00:00,J-106,1,1,LOW
2024-01-09 02:00:00,J-107,0,0,LOW
2024-01-09 02:00:00,J-108,4,1,LOW
2024-01-09 02:15:00,J-101,5,2,LOW
2024-01-09 02:15:00,J-102,3,1,LOW
2024-01-09 02:15:00,J-103,2,1,LOW
2024-01-09 02:15:00,J-104,2,1,LOW
2024-01-09 02:15:00,J-105,1,1,LOW
2024-01-09 02:15:00,J-106,1,1,LOW
2024-01-09 02:15:00,J-107,0,0,LOW
2024-01-09 02:15:00,J-108,4,1,LOW
2024-01-09 02:30:00,J-101,4,1,LOW
2024-01-09 02:30:00,J-102,3,1,LOW
2024-01-09 02:30:00,J-103,3,1,LOW
2024-01-09 02:30:00,J-104,3,2,LOW
2024-01-09 02:30:00,J-105,1,1,LOW
2024-01-09 02:30:00,J-106,1,1,LOW
2024-01-09 02:30:00,J-107,0,0,LOW
2024-01-09 02:30:00,J-108,2,0,LOW
2024-01-09 02:45:00,J-101,4,1,LOW
2024-01-09 02:45:00,J-102,4,1,LOW
2024-01-09 02:45:00,J-103,2,1,LOW
2024-01-09 02:45:00,J-104,2,1,LOW
2024-01-09 02:45:00,J-105,1,1,LOW
2024-01-09 02:45:00,J-106,1,1,LOW
2024-01-09 02:45:00,J-107,0,0,LOW
2024-01-09 02:45:00,J-108,4,1,LOW
2024-01-09 03:00:00,J-101,4,1,LOW
2024-01-09 03:00:00,J-102,3,1,LOW
2024-01-09 03:00:00,J-103,2,1,LOW
2024-01-09 03:00:00,J-104,2,1,LOW
2024-01-09 03:00:00,J-105,1,1,LOW
2024-01-09 03:00:00,J-106,1,1,LOW
2024-01-09 03:00:00,J-107,0,0,LOW
2024-01-09 03:00:00,J-108,3,1,LOW
2024-01-09 03:15:00,J-101,4,1,LOW
2024-01-09 03:15:00,J-102,4,1,LOW
2024-01-09 03:15:00,J-103,2,1,LOW
2024-01-09 03:15:00,J-104,2,1,LOW
2024-01-09 03:15:00,J-105,2,2,LOW
2024-01-09 03:15:00,J-106,1,1,LOW
2024-01-09 03:15:00,J-107,0,0,LOW
2024-01-09 03:15:00,J-108,4,1,LOW
2024-01-09 03:30:00,J-101,4,1,LOW
2024-01-09 03:30:00,J-102,3,1,LOW
2024-01-09 03:30:00,J-103,2,1,LOW
2024-01-09 03:30:00,J-104,2,1,LOW
2024-01-09 03:30:00,J-105,1,1,LOW
2024-01-09 03:30:00,J-106,0,0,LOW
2024-01-09 03:30:00,J-107,0,0,LOW
2024-01-09 03:30:00,J-108,3,1,LOW
2024-01-09 03:45:00,J-101,3,1,LOW
2024-01-09 03:45:00,J-102,3,1,LOW
2024-01-09 03:45:00,J-103,2,1,LOW
2024-01-09 03:45:00,J-104,2,1,LOW
2024-01-09 03:45:00,J-105,0,0,LOW
2024-01-09 03:45:00,J-106,1,1,LOW
2024-01-09 03:45:00,J-107,0,0,LOW
2024-01-09 03:45:00,J-108,3,1,LOW
2024-01-09 04:00:00,J-101,6,2,LOW
2024-01-09 04:00:00,J-102,4,1,LOW
2024-01-09 04:00:00,J-103,2,1,LOW
2024-01-09 04:00:00,J-104,2,1,LOW
2024-01-09 04:00:00,J-105,1,1,LOW
2024-01-09 04:00:00,J-106,1,1,LOW
2024-01-09 04:00:00,J-107,1,2,LOW
2024-01-09 04:00:00,J-108,4,1,LOW
2024-01-09 04:15:00,J-101,4,1,LOW
2024-01-09 04:15:00,J-102,4,1,LOW
2024-01-09 04:15:00,J-103,3,1,LOW
2024-01-09 04:15:00,J-104,2,1,LOW
2024-01-09 04:15:00,J-105,1,,LOW
2024-01-09 04:15:00,J-106,1,1,LOW
2024-01-09 04:15:00,J-107,0,0,LOW
2024-01-09 04:15:00,J-108,5,2,LOW
2024-01-09 04:30:00,J-101,3,1,LOW
2024-01-09 04:30:00,J-102,3,1,LOW
2024-01-09 04:30:00,J-103,2,1,LOW
2024-01-09 04:30:00,J-104,2,1,LOW
2024-01-09 04:30:00,J-105,1,1,LOW
2024-01-09 04:30:00,J-106,1,1,LOW
2024-01-09 04:30:00,J-107,0,0,LOW
2024-01-09 04:30:00,J-108,4,1,LOW
2024-01-09 04:45:00,J-101,5,2,LOW
2024-01-09 04:45:00,J-102,4,1,LOW
2024-01-09 04:45:00,J-103,2,1,LOW
2024-01-09 04:45:00,J-104,3,2,LOW
2024-01-09 04:45:00,J-105,1,1,LOW
2024-01-09 04:45:00,J-106,1,1,LOW
2024-01-09 04:45:00,J-107,0,0,LOW
2024-01-09 04:45:00,J-108,5,2,LOW
2024-01-09 05:00:00,J-101,4,1,LOW
2024-01-09 05:00:00,J-102,3,1,LOW
2024-01-09 05:00:00,J-103,3,1,LOW
2024-01-09 05:00:00,J-104,2,1,LOW
2024-01-09 05:00:00,J-105,2,2,LOW
2024-01-09 05:00:00,J-106,1,1,LOW
2024-01-09 05:00:00,J-107,1,2,LOW
2024-01-09 05:00:00,J-108,4,1,LOW
2024-01-09 05:15:00,J-101,33,13,LOW
2024-01-09 05:15:00,J-102,28,13,LOW
2024-01-09 05:15:00,J-103,19,12,LOW
2024-01-09 05:15:00,J-104,17,12,LOW
2024-01-09 05:15:00,J-105,11,11,LOW
2024-01-09 05:15:00,J-106,7,11,LOW
2024-01-09 05:15:00,J-107,4,8,LOW
2024-01-09 05:15:00,J-108,31,13,LOW
2024-01-09 05:30:00,J-101,32,13,LOW
2024-01-09 05:30:00,J-102,26,12,LOW
2024-01-09 05:30:00,J-103,20,13,LOW
2024-01-09 05:30:00,J-104,16,11,LOW
2024-01-09 05:30:00,J-105,11,11,LOW
2024-01-09 05:30:00,J-106,8,13,LOW
2024-01-09 05:30:00,J-107,5,10,LOW
2024-01-09 05:30:00,J-108,24,10,LOW
2024-01-09 05:45:00,J-101,18,7,LOW
2024-01-09 05:45:00,J-102,16,7,LOW
2024-01-09 05:45:00,J-103,13,8,LOW
2024-01-09 05:45:00,J-104,12,8,LOW
2024-01-09 05:45:00,J-105,9,9,LOW
2024-01-09 05:45:00,J-106,5,8,LOW
2024-01-09 05:45:00,J-107,3,6,LOW
2024-01-09 05:45:00,J-108,21,9,LOW
2024-01-09 06:00:00,J-101,30,12,LOW
2024-01-09 06:00:00,J-102,25,11,LOW
2024-01-09 06:00:00,J-103,20,13,LOW
2024-01-09 06:00:00,J-104,17,12,LOW
2024-01-09 06:00:00,J-105,,13,LOW
2024-01-09 06:00:00,J-106,7,11,LOW
2024-01-09 06:00:00,J-107,7,15,LOW
2024-01-09 06:00:00,J-108,28,12,LOW
2024-01-09 06:15:00,J-101,25,10,LOW
2024-01-09 06:15:00,J-102,19,8,LOW
2024-01-09 06:15:00,J-103,18,11,LOW
2024-01-09 06:15:00,J-104,13,9,LOW
2024-01-09 06:15:00,J-105,8,8,LOW
2024-01-09 06:15:00,J-106,5,8,LOW
2024-01-09 06:15:00,J-107,4,8,LOW
2024-01-09 06:15:00,J-108,26,11,LOW
2024-01-09 06:30:00,J-101,30,12,LOW
2024-01-09 06:30:00,J-102,33,15,LOW
2024-01-09 06:30:00,J-103,20,13,LOW
2024-01-09 06:30:00,J-104,20,14,LOW
2024-01-09 06:30:00,J-105,11,11,LOW
2024-01-09 06:30:00,J-106,9,14,LOW
2024-01-09 06:30:00,J-107,5,10,LOW
2024-01-09 06:30:00,J-108,28,12,LOW
2024-01-09 06:45:00,J-101,28,11,LOW
2024-01-09 06:45:00,J-102,23,10,LOW
2024-01-09 06:45:00,J-103,17,11,LOW
2024-01-09 06:45:00,J-104,14,10,LOW
2024-01-09 06:45:00,J-105,9,9,LOW
2024-01-09 06:45:00,J-106,7,11,LOW
2024-01-09 06:45:00,J-107,4,8,LOW
2024-01-09 06:45:00,J-108,26,11,LOW
2024-01-09 07:00:00,J-101,32,13,LOW
2024-01-09 07:00:00,J-102,23,10,LOW
2024-01-09 07:00:00,J-103,16,10,LOW
2024-01-09 07:00:00,J-104,15,10,LOW
2024-01-09 07:00:00,J-105,10,10,LOW
2024-01-09 07:00:00,J-106,5,8,LOW
2024-01-09 07:00:00,J-107,5,10,LOW
2024-01-09 07:00:00,J-108,23,9,LOW
2024-01-09 07:15:00,J-101,25,10,LOW
2024-01-09 07:15:00,J-102,30,13,LOW
2024-01-09 07:15:00,J-103,20,13,LOW
2024-01-09 07:15:00,J-104,18,13,LOW
2024-01-09 07:15:00,J-105,8,8,LOW
2024-01-09 07:15:00,J-106,7,11,LOW
2024-01-09 07:15:00,J-107,6,13,LOW
2024-01-09 07:15:00,J-108,31,13,LOW
2024-01-09 07:30:00,J-101,76,30,LOW
2024-01-09 07:30:00,J-102,70,32,LOW
2024-01-09 07:30:00,J-103,55,35,LOW
2024-01-09 07:30:00,J-104,43,31,LOW
2024-01-09 07:30:00,J-105,24,26,LOW
2024-01-09 07:30:00,J-106,19,30,LOW
2024-01-09 07:30:00,J-107,16,34,LOW
2024-01-09 07:30:00,J-108,76,32,LOW
2024-01-09 07:45:00,J-101,97,39,LOW
2024-01-09 07:45:00,J-102,73,33,LOW
2024-01-09 07:45:00,J-103,50,32,LOW
2024-01-09 07:45:00,J-104,56,40,MODERATE
2024-01-09 07:45:00,J-105,43,46,MODERATE
2024-01-09 07:45:00,J-106,25,40,MODERATE
2024-01-09 07:45:00,J-107,20,43,MODERATE
2024-01-09 07:45:00,J-108,114,49,MODERATE
2024-01-09 08:00:00,J-101,67,27,LOW
2024-01-09 08:00:00,J-102,66,30,LOW
2024-01-09 08:00:00,J-103,58,37,LOW
2024-01-09 08:00:00,J-104,44,31,LOW
2024-01-09 08:00:00,J-105,23,24,LOW
2024-01-09 08:00:00,J-106,21,34,LOW
2024-01-09 08:00:00,J-107,15,32,LOW
2024-01-09 08:00:00,J-108,69,29,LOW
2024-01-09 08:15:00,J-101,114,46,MODERATE
2024-01-09 08:15:00,J-102,121,56,MODERATE
2024-01-09 08:15:00,J-103,97,63,MODERATE
2024-01-09 08:15:00,J-104,93,67,MODERATE
2024-01-09 08:15:00,J-105,50,54,MODERATE
2024-01-09 08:15:00,J-106,34,55,MODERATE
2024-01-09 08:15:00,J-107,27,58,MODERATE
2024-01-09 08:15:00,J-108,158,68,MODERATE
2024-01-09 08:30:00,J-101,121,49,MODERATE
2024-01-09 08:30:00,J-102,115,53,MODERATE
2024-01-09 08:30:00,J-103,85,55,MODERATE
2024-01-09 08:30:00,J-104,96,69,MODERATE
2024-01-09 08:30:00,J-105,60,65,MODERATE
2024-01-09 08:30:00,J-106,30,48,MODERATE
2024-01-09 08:30:00,J-107,21,45,MODERATE
2024-01-09 08:30:00,J-108,140,60,MODERATE
2024-01-09 08:45:00,J-101,174,70,HIGH
2024-01-09 08:45:00,J-102,169,78,HIGH
2024-01-09 08:45:00,J-103,116,75,HIGH
2024-01-09 08:45:00,J-104,102,73,HIGH
2024-01-09 08:45:00,J-105,60,65,MODERATE
2024-01-09 08:45:00,J-106,39,63,MODERATE
2024-01-09 08:45:00,J-107,29,62,MODERATE
2024-01-09 08:45:00,J-108,155,67,MODERATE
2024-01-09 09:00:00,J-101,151,61,MODERATE
2024-01-09 09:00:00,J-102,125,58,MODERATE
2024-01-09 09:00:00,J-103,82,53,MODERATE
2024-01-09 09:00:00,J-104,88,63,MODERATE
2024-01-09 09:00:00,J-105,57,61,MODERATE
2024-01-09 09:00:00,J-106,40,65,MODERATE
2024-01-09 09:00:00,J-107,25,54,MODERATE
2024-01-09 09:00:00,J-108,154,66,MODERATE
2024-01-09 09:15:00,J-101,122,49,MODERATE
2024-01-09 09:15:00,J-102,157,72,HIGH
2024-01-09 09:15:00,J-103,102,66,MODERATE
2024-01-09 09:15:00,J-104,79,,MODERATE
2024-01-09 09:15:00,J-105,51,55,MODERATE
2024-01-09 09:15:00,J-106,21,34,LOW
2024-01-09 09:15:00,J-107,30,65,MODERATE
2024-01-09 09:15:00,J-108,130,56,MODERATE
2024-01-09 09:30:00,J-101,131,53,MODERATE
2024-01-09 09:30:00,J-102,82,38,LOW
2024-01-09 09:30:00,J-103,86,55,MODERATE
2024-01-09 09:30:00,J-104,72,52,MODERATE
2024-01-09 09:30:00,J-105,45,48,MODERATE
2024-01-09 09:30:00,J-106,33,53,MODERATE
2024-01-09 09:30:00,J-107,28,60,MODERATE
2024-01-09 09:30:00,J-108,125,54,MODERATE
2024-01-09 09:45:00,J-101,111,45,MODERATE
2024-01-09 09:45:00,J-102,86,39,LOW
2024-01-09 09:45:00,J-103,66,42,MODERATE
2024-01-09 09:45:00,J-104,66,47,MODERATE
2024-01-09 09:45:00,J-105,40,43,MODERATE
2024-01-09 09:45:00,J-106,28,45,MODERATE
2024-01-09 09:45:00,J-107,18,39,LOW
2024-01-09 09:45:00,J-108,102,44,MODERATE
2024-01-09 10:00:00,J-101,56,22,LOW
2024-01-09 10:00:00,J-102,57,26,LOW
2024-01-09 10:00:00,J-103,51,33,LOW
2024-01-09 10:00:00,J-104,43,31,LOW
2024-01-09 10:00:00,J-105,29,31,LOW
2024-01-09 10:00:00,J-106,15,24,LOW
2024-01-09 10:00:00,J-107,11,23,LOW
2024-01-09 10:00:00,J-108,63,27,LOW
2024-01-09 10:15:00,J-101,19,7,LOW
2024-01-09 10:15:00,J-102,21,9,LOW
2024-01-09 10:15:00,J-103,11,7,LOW
2024-01-09 10:15:00,J-104,16,11,LOW
2024-01-09 10:15:00,J-105,8,8,LOW
2024-01-09 10:15:00,J-106,6,9,LOW
2024-01-09 10:15:00,J-107,4,8,LOW
2024-01-09 10:15:00,J-108,23,9,LOW
2024-01-09 10:30:00,J-101,36,14,LOW
2024-01-09 10:30:00,J-102,25,11,LOW
2024-01-09 10:30:00,J-103,23,14,LOW
2024-01-09 10:30:00,J-104,18,13,LOW
2024-01-09 10:30:00,J-105,12,13,LOW
2024-01-09 10:30:00,J-106,7,11,LOW
2024-01-09 10:30:00,J-107,6,13,LOW
2024-01-09 10:30:00,J-108,27,11,LOW
2024-01-09 10:45:00,J-101,32,13,LOW
2024-01-09 10:45:00,J-102,28,13,LOW
2024-01-09 10:45:00,J-103,17,11,LOW
2024-01-09 10:45:00,J-104,17,12,LOW
2024-01-09 10:45:00,J-105,11,11,LOW
2024-01-09 10:45:00,J-106,7,11,LOW
2024-01-09 10:45:00,J-107,5,10,LOW
2024-01-09 10:45:00,J-108,25,10,LOW
2024-01-09 11:00:00,J-101,27,10,LOW
2024-01-09 11:00:00,J-102,28,13,LOW
2024-01-09 11:00:00,J-103,18,11,LOW
2024-01-09 11:00:00,J-104,17,12,LOW
2024-01-09 11:00:00,J-105,10,10,LOW
2024-01-09 11:00:00,J-106,7,11,LOW
2024-01-09 11:00:00,J-107,4,8,LOW
2024-01-09 11:00:00,J-108,19,8,LOW
2024-01-09 11:15:00,J-101,26,10,LOW
2024-01-09 11:15:00,J-102,20,9,LOW
2024-01-09 11:15:00,J-103,13,8,LOW
2024-01-09 11:15:00,J-104,16,11,LOW
2024-01-09 11:15:00,J-105,9,9,LOW
2024-01-09 11:15:00,J-106,7,11,LOW
2024-01-09 11:15:00,J-107,5,10,LOW
2024-01-09 11:15:00,J-108,19,8,LOW
2024-01-09 11:30:00,J-101,33,13,LOW
2024-01-09 11:30:00,J-102,30,13,LOW
2024-01-09 11:30:00,J-103,22,14,LOW
2024-01-09 11:30:00,J-104,17,12,LOW
2024-01-09 11:30:00,J-105,12,13,LOW
2024-01-09 11:30:00,J-106,9,14,LOW
2024-01-09 11:30:00,J-107,6,13,LOW
2024-01-09 11:30:00,J-108,27,11,LOW
2024-01-09 11:45:00,J-101,23,9,LOW
2024-01-09 11:45:00,J-102,21,9,LOW
2024-01-09 11:45:00,J-103,15,9,LOW
2024-01-09 11:45:00,J-104,16,11,LOW
2024-01-09 11:45:00,J-105,9,9,LOW
2024-01-09 11:45:00,J-106,7,11,LOW
2024-01-09 11:45:00,J-107,5,10,LOW
2024-01-09 11:45:00,J-108,26,11,LOW
2024-01-09 12:00:00,J-101,60,24,LOW
2024-01-09 12:00:00,J-102,53,24,LOW
2024-01-09 12:00:00,J-103,39,25,LOW
2024-01-09 12:00:00,J-104,36,26,LOW
2024-01-09 12:00:00,J-105,23,24,LOW
2024-01-09 12:00:00,J-106,16,26,LOW
2024-01-09 12:00:00,J-107,12,26,LOW
2024-01-09 12:00:00,J-108,57,24,LOW
2024-01-09 12:15:00,J-101,61,24,LOW
2024-01-09 12:15:00,J-102,52,24,LOW
2024-01-09 12:15:00,J-103,45,29,LOW
2024-01-09 12:15:00,J-104,38,27,LOW
2024-01-09 12:15:00,J-105,24,26,LOW
2024-01-09 12:15:00,J-106,14,22,LOW
2024-01-09 12:15:00,J-107,11,23,LOW
2024-01-09 12:15:00,J-108,59,25,LOW
2024-01-09 12:30:00,J-101,69,28,LOW
2024-01-09 12:30:00,J-102,52,24,LOW
2024-01-09 12:30:00,J-103,44,28,LOW
2024-01-09 12:30:00,J-104,32,23,LOW
2024-01-09 12:30:00,J-105,25,27,LOW
2024-01-09 12:30:00,J-106,14,22,LOW
2024-01-09 12:30:00,J-107,11,23,LOW
2024-01-09 12:30:00,J-108,67,29,LOW
2024-01-09 12:45:00,J-101,78,31,LOW
2024-01-09 12:45:00,J-102,55,25,LOW
2024-01-09 12:45:00,J-103,44,28,LOW
2024-01-09 12:45:00,J-104,44,31,LOW
2024-01-09 12:45:00,J-105,26,28,LOW
2024-01-09 12:45:00,J-106,17,27,LOW
2024-01-09 12:45:00,J-107,10,21,LOW
2024-01-09 12:45:00,J-108,59,25,LOW
2024-01-09 13:00:00,J-101,39,15,LOW
2024-01-09 13:00:00,J-102,29,13,LOW
2024-01-09 13:00:00,J-103,28,18,LOW
2024-01-09 13:00:00,J-104,22,15,LOW
2024-01-09 13:00:00,J-105,,11,LOW
2024-01-09 13:00:00,J-106,6,9,LOW
2024-01-09 13:00:00,J-107,7,15,LOW
2024-01-09 13:00:00,J-108,32,13,LOW
2024-01-09 13:15:00,J-101,62,25,LOW
2024-01-09 13:15:00,J-102,55,25,LOW
2024-01-09 13:15:00,J-103,39,25,LOW
2024-01-09 13:15:00,J-104,40,28,LOW
2024-01-09 13:15:00,J-105,23,24,LOW
2024-01-09 13:15:00,J-106,18,29,LOW
2024-01-09 13:15:00,J-107,10,21,LOW
2024-01-09 13:15:00,J-108,64,27,LOW
2024-01-09 13:30:00,J-101,38,15,LOW
2024-01-09 13:30:00,J-102,37,17,LOW
2024-01-09 13:30:00,J-103,19,12,LOW
2024-01-09 13:30:00,J-104,20,14,LOW
2024-01-09 13:30:00,J-105,15,16,LOW
2024-01-09 13:30:00,J-106,10,16,LOW
2024-01-09 13:30:00,J-107,5,10,LOW
2024-01-09 13:30:00,J-108,38,16,LOW
2024-01-09 13:45:00,J-101,30,12,LOW
2024-01-09 13:45:00,J-102,23,10,LOW
2024-01-09 13:45:00,J-103,15,9,LOW
2024-01-09 13:45:00,J-104,20,14,LOW
2024-01-09 13:45:00,J-105,11,11,LOW
2024-01-09 13:45:00,J-106,9,14,LOW
2024-01-09 13:45:00,J-107,5,10,LOW
2024-01-09 13:45:00,J-108,29,12,LOW
2024-01-09 14:00:00,J-101,23,9,LOW
2024-01-09 14:00:00,J-102,20,9,LOW
2024-01-09 14:00:00,J-103,14,9,LOW
2024-01-09 14:00:00,J-104,10,7,LOW
2024-01-09 14:00:00,J-105,8,8,LOW
2024-01-09 14:00:00,J-106,6,9,LOW
2024-01-09 14:00:00,J-107,4,8,LOW
2024-01-09 14:00:00,J-108,23,9,LOW
2024-01-09 14:15:00,J-101,16,6,LOW
2024-01-09 14:15:00,J-102,16,7,LOW
2024-01-09 14:15:00,J-103,11,7,LOW
2024-01-09 14:15:00,J-104,11,7,LOW
2024-01-09 14:15:00,J-105,7,7,LOW
2024-01-09 14:15:00,J-106,4,6,LOW
2024-01-09 14:15:00,J-107,3,6,LOW
2024-01-09 14:15:00,J-108,17,7,LOW
2024-01-09 14:30:00,J-101,37,15,LOW
2024-01-09 14:30:00,J-102,30,13,LOW
2024-01-09 14:30:00,J-103,21,13,LOW
2024-01-09 14:30:00,J-104,21,15,LOW
2024-01-09 14:30:00,J-105,11,11,LOW
2024-01-09 14:30:00,J-106,6,9,LOW
2024-01-09 14:30:00,J-107,5,10,LOW
2024-01-09 14:30:00,J-108,21,9,LOW
2024-01-09 14:45:00,J-101,30,12,LOW
2024-01-09 14:45:00,J-102,22,10,LOW
2024-01-09 14:45:00,J-103,16,10,LOW
2024-01-09 14:45:00,J-104,15,10,LOW
2024-01-09 14:45:00,J-105,10,10,LOW
2024-01-09 14:45:00,J-106,6,9,LOW
2024-01-09 14:45:00,J-107,5,10,LOW
2024-01-09 14:45:00,J-108,25,10,LOW
2024-01-09 15:00:00,J-101,30,12,LOW
2024-01-09 15:00:00,J-102,29,,LOW
2024-01-09 15:00:00,J-103,19,12,LOW
2024-01-09 15:00:00,J-104,20,14,LOW
2024-01-09 15:00:00,J-105,11,11,LOW
2024-01-09 15:00:00,J-106,7,11,LOW
2024-01-09 15:00:00,J-107,5,10,LOW
2024-01-09 15:00:00,J-108,23,9,LOW
2024-01-09 15:15:00,J-101,22,8,LOW
2024-01-09 15:15:00,J-102,16,7,LOW
2024-01-09 15:15:00,J-103,13,8,LOW
2024-01-09 15:15:00,J-104,9,6,LOW
2024-01-09 15:15:00,J-105,6,6,LOW
2024-01-09 15:15:00,J-106,4,6,LOW
2024-01-09 15:15:00,J-107,,6,LOW
2024-01-09 15:15:00,J-108,17,7,LOW
2024-01-09 15:30:00,J-101,30,12,LOW
2024-01-09 15:30:00,J-102,26,12,LOW
2024-01-09 15:30:00,J-103,17,11,LOW
2024-01-09 15:30:00,J-104,17,12,LOW
2024-01-09 15:30:00,J-105,12,13,LOW
2024-01-09 15:30:00,J-106,8,13,LOW
2024-01-09 15:30:00,J-107,6,13,LOW
2024-01-09 15:30:00,J-108,23,9,LOW
2024-01-09 15:45:00,J-101,34,13,LOW
2024-01-09 15:45:00,J-102,31,14,LOW
2024-01-09 15:45:00,J-103,18,11,LOW
2024-01-09 15:45:00,J-104,18,13,LOW
2024-01-09 15:45:00,J-105,13,14,LOW
2024-01-09 15:45:00,J-106,8,13,LOW
2024-01-09 15:45:00,J-107,5,10,LOW
2024-01-09 15:45:00,J-108,30,13,LOW
2024-01-09 16:00:00,J-101,26,10,LOW
2024-01-09 16:00:00,J-102,22,10,LOW
2024-01-09 16:00:00,J-103,18,11,LOW
2024-01-09 16:00:00,J-104,18,13,LOW
2024-01-09 16:00:00,J-105,10,10,LOW
2024-01-09 16:00:00,J-106,,13,LOW
2024-01-09 16:00:00,J-107,5,10,LOW
2024-01-09 16:00:00,J-108,25,10,LOW
2024-01-09 16:15:00,J-101,31,12,LOW
2024-01-09 16:15:00,J-102,28,13,LOW
2024-01-09 16:15:00,J-103,20,13,LOW
2024-01-09 16:15:00,J-104,19,13,LOW
2024-01-09 16:15:00,J-105,11,11,LOW
2024-01-09 16:15:00,J-106,,11,LOW
2024-01-09 16:15:00,J-107,5,10,LOW
2024-01-09 16:15:00,J-108,33,14,LOW
2024-01-09 16:30:00,J-101,92,37,LOW
2024-01-09 16:30:00,J-102,73,33,LOW
2024-01-09 16:30:00,J-103,48,31,LOW
2024-01-09 16:30:00,J-104,65,46,MODERATE
2024-01-09 16:30:00,J-105,34,36,LOW
2024-01-09 16:30:00,J-106,29,47,MODERATE
2024-01-09 16:30:00,J-107,15,32,LOW
2024-01-09 16:30:00,J-108,93,40,MODERATE
2024-01-09 16:45:00,J-101,109,44,MODERATE
2024-01-09 16:45:00,J-102,86,39,LOW
2024-01-09 16:45:00,J-103,70,45,MODERATE
2024-01-09 16:45:00,J-104,55,39,LOW
2024-01-09 16:45:00,J-105,28,30,LOW
2024-01-09 16:45:00,J-106,25,40,MODERATE
2024-01-09 16:45:00,J-107,18,39,LOW
2024-01-09 16:45:00,J-108,110,47,MODERATE
2024-01-09 17:00:00,J-101,122,49,MODERATE
2024-01-09 17:00:00,J-102,114,52,MODERATE
2024-01-09 17:00:00,J-103,87,56,MODERATE
2024-01-09 17:00:00,J-104,66,47,MODERATE
2024-01-09 17:00:00,J-105,55,59,MODERATE
2024-01-09 17:00:00,J-106,39,63,MODERATE
2024-01-09 17:00:00,J-107,24,52,MODERATE
2024-01-09 17:00:00,J-108,96,41,MODERATE
2024-01-09 17:15:00,J-101,147,59,MODERATE
2024-01-09 17:15:00,J-102,146,67,MODERATE
2024-01-09 17:15:00,J-103,107,69,MODERATE
2024-01-09 17:15:00,J-104,82,59,MODERATE
2024-01-09 17:15:00,J-105,52,56,MODERATE
2024-01-09 17:15:00,J-106,38,61,MODERATE
2024-01-09 17:15:00,J-107,24,52,MODERATE
2024-01-09 17:15:00,J-108,127,55,MODERATE
2024-01-09 17:30:00,J-101,152,61,MODERATE
2024-01-09 17:30:00,J-102,122,56,MODERATE
2024-01-09 17:30:00,J-103,89,57,MODERATE
2024-01-09 17:30:00,J-104,66,47,MODERATE
2024-01-09 17:30:00,J-105,54,58,MODERATE
2024-01-09 17:30:00,J-106,38,61,MODERATE
2024-01-09 17:30:00,J-107,24,52,MODERATE
2024-01-09 17:30:00,J-108,119,51,MODERATE
2024-01-09 17:45:00,J-101,127,51,MODERATE
2024-01-09 17:45:00,J-102,122,56,MODERATE
2024-01-09 17:45:00,J-103,71,46,MODERATE
2024-01-09 17:45:00,J-104,96,69,MODERATE
2024-01-09 17:45:00,J-105,51,55,MODERATE
2024-01-09 17:45:00,J-106,38,61,MODERATE
2024-01-09 17:45:00,J-107,23,49,MODERATE
2024-01-09 17:45:00,J-108,117,50,MODERATE
2024-01-09 18:00:00,J-101,150,60,MODERATE
2024-01-09 18:00:00,J-102,92,42,MODERATE
2024-01-09 18:00:00,J-103,68,44,MODERATE
2024-01-09 18:00:00,J-104,76,54,MODERATE
2024-01-09 18:00:00,J-105,47,50,MODERATE
2024-01-09 18:00:00,J-106,37,60,MODERATE
2024-01-09 18:00:00,J-107,30,65,MODERATE
2024-01-09 18:00:00,J-108,157,68,MODERATE
2024-01-09 18:15:00,J-101,158,64,MODERATE
2024-01-09 18:15:00,J-102,177,82,HIGH
2024-01-09 18:15:00,J-103,105,68,MODERATE
2024-01-09 18:15:00,J-104,91,65,MODERATE
2024-01-09 18:15:00,J-105,50,54,MODERATE
2024-01-09 18:15:00,J-106,39,63,MODERATE
2024-01-09 18:15:00,J-107,29,62,MODERATE
2024-01-09 18:15:00,J-108,155,67,MODERATE
2024-01-09 18:30:00,J-101,126,51,MODERATE
2024-01-09 18:30:00,J-102,111,51,MODERATE
2024-01-09 18:30:00,J-103,95,61,MODERATE
2024-01-09 18:30:00,J-104,88,63,MODERATE
2024-01-09 18:30:00,J-105,55,,MODERATE
2024-01-09 18:30:00,J-106,42,68,MODERATE
2024-01-09 18:30:00,J-107,20,43,MODERATE
2024-01-09 18:30:00,J-108,156,67,MODERATE
2024-01-09 18:45:00,J-101,112,45,MODERATE
2024-01-09 18:45:00,J-102,75,34,LOW
2024-01-09 18:45:00,J-103,64,41,MODERATE
2024-01-09 18:45:00,J-104,46,33,LOW
2024-01-09 18:45:00,J-105,42,45,MODERATE
2024-01-09 18:45:00,J-106,27,43,MODERATE
2024-01-09 18:45:00,J-107,18,39,LOW
2024-01-09 18:45:00,J-108,103,44,MODERATE
2024-01-09 19:00:00,J-101,142,57,MODERATE
2024-01-09 19:00:00,J-102,112,52,MODERATE
2024-01-09 19:00:00,J-103,83,53,MODERATE
2024-01-09 19:00:00,J-104,66,47,MODERATE
2024-01-09 19:00:00,J-105,41,44,MODERATE
2024-01-09 19:00:00,J-106,24,39,LOW
2024-01-09 19:00:00,J-107,26,56,MODERATE
2024-01-09 19:00:00,J-108,120,52,MODERATE
2024-01-09 19:15:00,J-101,112,45,MODERATE
2024-01-09 19:15:00,J-102,100,46,MODERATE
2024-01-09 19:15:00,J-103,76,49,MODERATE
2024-01-09 19:15:00,J-104,75,54,MODERATE
2024-01-09 19:15:00,J-105,43,46,MODERATE
2024-01-09 19:15:00,J-106,22,35,LOW
2024-01-09 19:15:00,J-107,16,34,LOW
2024-01-09 19:15:00,J-108,123,53,MODERATE
2024-01-09 19:30:00,J-101,96,39,LOW
2024-01-09 19:30:00,J-102,86,39,LOW
2024-01-09 19:30:00,J-103,53,34,LOW
2024-01-09 19:30:00,J-104,42,30,LOW
2024-01-09 19:30:00,J-105,35,37,LOW
2024-01-09 19:30:00,J-106,23,37,LOW
2024-01-09 19:30:00,J-107,14,30,LOW
2024-01-09 19:30:00,J-108,85,36,LOW
2024-01-09 19:45:00,J-101,24,9,LOW
2024-01-09 19:45:00,J-102,21,9,LOW
2024-01-09 19:45:00,J-103,19,12,LOW
2024-01-09 19:45:00,J-104,17,12,LOW
2024-01-09 19:45:00,J-105,12,13,LOW
2024-01-09 19:45:00,J-106,6,9,LOW
2024-01-09 19:45:00,J-107,4,8,LOW
2024-01-09 19:45:00,J-108,26,11,LOW
2024-01-09 20:00:00,J-101,30,12,LOW
2024-01-09 20:00:00,J-102,29,13,LOW
2024-01-09 20:00:00,J-103,16,10,LOW
2024-01-09 20:00:00,J-104,18,13,LOW
2024-01-09 20:00:00,J-105,11,11,LOW
2024-01-09 20:00:00,J-106,8,13,LOW
2024-01-09 20:00:00,J-107,5,10,LOW
2024-01-09 20:00:00,J-108,21,9,LOW
2024-01-09 20:15:00,J-101,23,9,LOW
2024-01-09 20:15:00,J-102,19,8,LOW
2024-01-09 20:15:00,J-103,11,7,LOW
2024-01-09 20:15:00,J-104,11,7,LOW
2024-01-09 20:15:00,J-105,8,8,LOW
2024-01-09 20:15:00,J-106,5,8,LOW
2024-01-09 20:15:00,J-107,4,8,LOW
2024-01-09 20:15:00,J-108,19,8,LOW
2024-01-09 20:30:00,J-101,35,14,LOW
2024-01-09 20:30:00,J-102,30,13,LOW
2024-01-09 20:30:00,J-103,18,11,LOW
2024-01-09 20:30:00,J-104,19,13,LOW
2024-01-09 20:30:00,J-105,11,11,LOW
2024-01-09 20:30:00,J-106,8,13,LOW
2024-01-09 20:30:00,J-107,5,10,LOW
2024-01-09 20:30:00,J-108,27,11,LOW
2024-01-09 20:45:00,J-101,21,8,LOW
2024-01-09 20:45:00,J-102,21,9,LOW
2024-01-09 20:45:00,J-103,21,13,LOW
2024-01-09 20:45:00,J-104,19,13,LOW
2024-01-09 20:45:00,J-105,10,10,LOW
2024-01-09 20:45:00,J-106,8,13,LOW
2024-01-09 20:45:00,J-107,5,10,LOW
2024-01-09 20:45:00,J-108,31,13,LOW
2024-01-09 21:00:00,J-101,25,10,LOW
2024-01-09 21:00:00,J-102,29,13,LOW
2024-01-09 21:00:00,J-103,20,13,LOW
2024-01-09 21:00:00,J-104,15,10,LOW
2024-01-09 21:00:00,J-105,10,10,LOW
2024-01-09 21:00:00,J-106,7,11,LOW
2024-01-09 21:00:00,J-107,4,8,LOW
2024-01-09 21:00:00,J-108,25,10,LOW
2024-01-09 21:15:00,J-101,21,8,LOW
2024-01-09 21:15:00,J-102,13,6,LOW
2024-01-09 21:15:00,J-103,11,7,LOW
2024-01-09 21:15:00,J-104,10,7,LOW
2024-01-09 21:15:00,J-105,9,9,LOW
2024-01-09 21:15:00,J-106,4,6,LOW
2024-01-09 21:15:00,J-107,3,6,LOW
2024-01-09 21:15:00,J-108,19,8,LOW
2024-01-09 21:30:00,J-101,24,9,LOW
2024-01-09 21:30:00,J-102,19,8,LOW
2024-01-09 21:30:00,J-103,,8,LOW
2024-01-09 21:30:00,J-104,13,9,LOW
2024-01-09 21:30:00,J-105,9,9,LOW
2024-01-09 21:30:00,J-106,6,9,LOW
2024-01-09 21:30:00,J-107,4,8,LOW
2024-01-09 21:30:00,J-108,21,9,LOW
2024-01-09 21:45:00,J-101,31,12,LOW
2024-01-09 21:45:00,J-102,33,15,LOW
2024-01-09 21:45:00,J-103,21,13,LOW
2024-01-09 21:45:00,J-104,14,10,LOW
2024-01-09 21:45:00,J-105,14,15,LOW
2024-01-09 21:45:00,J-106,9,14,LOW
2024-01-09 21:45:00,J-107,4,8,LOW
2024-01-09 21:45:00,J-108,35,15,LOW
2024-01-09 22:00:00,J-101,35,14,LOW
2024-01-09 22:00:00,J-102,25,11,LOW
2024-01-09 22:00:00,J-103,18,11,LOW
2024-01-09 22:00:00,J-104,15,10,LOW
2024-01-09 22:00:00,J-105,12,13,LOW
2024-01-09 22:00:00,J-106,8,13,LOW
2024-01-09 22:00:00,J-107,,10,LOW
2024-01-09 22:00:00,J-108,29,12,LOW
2024-01-09 22:15:00,J-101,27,10,LOW
2024-01-09 22:15:00,J-102,27,12,LOW
2024-01-09 22:15:00,J-103,15,9,LOW
2024-01-09 22:15:00,J-104,17,12,LOW
2024-01-09 22:15:00,J-105,14,15,LOW
2024-01-09 22:15:00,J-106,8,13,LOW
2024-01-09 22:15:00,J-107,7,15,LOW
2024-01-09 22:15:00,J-108,25,10,LOW
2024-01-09 22:30:00,J-101,29,11,LOW
2024-01-09 22:30:00,J-102,28,13,LOW
2024-01-09 22:30:00,J-103,19,12,LOW
2024-01-09 22:30:00,J-104,17,12,LOW
2024-01-09 22:30:00,J-105,12,13,LOW
2024-01-09 22:30:00,J-106,7,11,LOW
2024-01-09 22:30:00,J-107,5,10,LOW
2024-01-09 22:30:00,J-108,32,13,LOW
2024-01-09 22:45:00,J-101,22,8,LOW
2024-01-09 22:45:00,J-102,16,7,LOW
2024-01-09 22:45:00,J-103,11,7,LOW
2024-01-09 22:45:00,J-104,10,7,LOW
2024-01-09 22:45:00,J-105,6,6,LOW
2024-01-09 22:45:00,J-106,4,6,LOW
2024-01-09 22:45:00,J-107,3,6,LOW
2024-01-09 22:45:00,J-108,14,6,LOW
2024-01-09 23:00:00,J-101,27,10,LOW
2024-01-09 23:00:00,J-102,23,10,LOW
2024-01-09 23:00:00,J-103,22,14,LOW
2024-01-09 23:00:00,J-104,17,12,LOW
2024-01-09 23:00:00,J-105,14,15,LOW
2024-01-09 23:00:00,J-106,,11,LOW
2024-01-09 23:00:00,J-107,6,13,LOW
2024-01-09 23:00:00,J-108,31,13,LOW
2024-01-09 23:15:00,J-101,30,12,LOW
2024-01-09 23:15:00,J-102,26,12,LOW
2024-01-09 23:15:00,J-103,24,15,LOW
2024-01-09 23:15:00,J-104,19,13,LOW
2024-01-09 23:15:00,J-105,12,13,LOW
2024-01-09 23:15:00,J-106,6,9,LOW
2024-01-09 23:15:00,J-107,6,13,LOW
2024-01-09 23:15:00,J-108,26,11,LOW
2024-01-09 23:30:00,J-101,25,10,LOW
2024-01-09 23:30:00,J-102,21,9,LOW
2024-01-09 23:30:00,J-103,16,10,LOW
2024-01-09 23:30:00,J-104,17,12,LOW
2024-01-09 23:30:00,J-105,9,9,LOW
2024-01-09 23:30:00,J-106,6,9,LOW
2024-01-09 23:30:00,J-107,4,8,LOW
2024-01-09 23:30:00,J-108,20,8,LOW
2024-01-09 23:45:00,J-101,27,10,LOW
2024-01-09 23:45:00,J-102,24,11,LOW
2024-01-09 23:45:00,J-103,18,11,LOW
2024-01-09 23:45:00,J-104,21,15,LOW
2024-01-09 23:45:00,J-105,12,13,LOW
2024-01-09 23:45:00,J-106,6,9,LOW
2024-01-09 23:45:00,J-107,6,13,LOW
2024-01-09 23:45:00,J-108,28,12,LOW
2024-01-10 00:00:00,J-101,27,10,LOW
2024-01-10 00:00:00,J-102,22,10,LOW
2024-01-10 00:00:00,J-103,19,12,LOW
2024-01-10 00:00:00,J-104,17,12,LOW
2024-01-10 00:00:00,J-105,14,15,LOW
2024-01-10 00:00:00,J-106,7,11,LOW
2024-01-10 00:00:00,J-107,7,15,LOW
2024-01-10 00:00:00,J-108,24,10,LOW
2024-01-10 00:15:00,J-101,27,10,LOW
2024-01-10 00:15:00,J-102,28,13,LOW
2024-01-10 00:15:00,J-103,21,13,LOW
2024-01-10 00:15:00,J-104,17,12,LOW
2024-01-10 00:15:00,J-105,9,9,LOW
2024-01-10 00:15:00,J-106,5,8,LOW
2024-01-10 00:15:00,J-107,6,13,LOW
2024-01-10 00:15:00,J-108,29,12,LOW
2024-01-10 00:30:00,J-101,23,9,LOW
2024-01-10 00:30:00,J-102,22,10,LOW
2024-01-10 00:30:00,J-103,13,8,LOW
2024-01-10 00:30:00,J-104,15,10,LOW
2024-01-10 00:30:00,J-105,,9,LOW
2024-01-10 00:30:00,J-106,6,9,LOW
2024-01-10 00:30:00,J-107,4,8,LOW
2024-01-10 00:30:00,J-108,26,11,LOW
2024-01-10 00:45:00,J-101,33,13,LOW
2024-01-10 00:45:00,J-102,29,13,LOW
2024-01-10 00:45:00,J-103,18,11,LOW
2024-01-10 00:45:00,J-104,18,13,LOW
2024-01-10 00:45:00,J-105,12,13,LOW
2024-01-10 00:45:00,J-106,7,11,LOW
2024-01-10 00:45:00,J-107,5,10,LOW
2024-01-10 00:45:00,J-108,30,13,LOW
2024-01-10 01:00:00,J-101,4,1,LOW
2024-01-10 01:00:00,J-102,4,1,LOW
2024-01-10 01:00:00,J-103,2,1,LOW
2024-01-10 01:00:00,J-104,2,1,LOW
2024-01-10 01:00:00,J-105,1,1,LOW
2024-01-10 01:00:00,J-106,1,1,LOW
2024-01-10 01:00:00,J-107,0,0,LOW
2024-01-10 01:00:00,J-108,4,1,LOW
2024-01-10 01:15:00,J-101,4,1,LOW
2024-01-10 01:15:00,J-102,3,1,LOW
2024-01-10 01:15:00,J-103,2,1,LOW
2024-01-10 01:15:00,J-104,1,0,LOW
2024-01-10 01:15:00,J-105,1,1,LOW
2024-01-10 01:15:00,J-106,1,1,LOW
2024-01-10 01:15:00,J-107,0,0,LOW
2024-01-10 01:15:00,J-108,3,1,LOW
2024-01-10 01:30:00,J-101,4,1,LOW
2024-01-10 01:30:00,J-102,3,1,LOW
2024-01-10 01:30:00,J-103,3,1,LOW
2024-01-10 01:30:00,J-104,2,1,LOW
2024-01-10 01:30:00,J-105,1,1,LOW
2024-01-10 01:30:00,J-106,1,1,LOW
2024-01-10 01:30:00,J-107,0,0,LOW
2024-01-10 01:30:00,J-108,4,1,LOW
2024-01-10 01:45:00,J-101,5,2,LOW
2024-01-10 01:45:00,J-102,3,1,LOW
2024-01-10 01:45:00,J-103,3,1,LOW
2024-01-10 01:45:00,J-104,2,1,LOW
2024-01-10 01:45:00,J-105,1,1,LOW
2024-01-10 01:45:00,J-106,1,1,LOW
2024-01-10 01:45:00,J-107,0,0,LOW
2024-01-10 01:45:00,J-108,4,1,LOW
2024-01-10 02:00:00,J-101,4,1,LOW
2024-01-10 02:00:00,J-102,5,2,LOW
2024-01-10 02:00:00,J-103,3,1,LOW
2024-01-10 02:00:00,J-104,3,2,LOW
2024-01-10 02:00:00,J-105,1,1,LOW
2024-01-10 02:00:00,J-106,0,0,LOW
2024-01-10 02:00:00,J-107,0,0,LOW
2024-01-10 02:00:00,J-108,,2,LOW
2024-01-10 02:15:00,J-101,4,1,LOW
2024-01-10 02:15:00,J-102,3,1,LOW
2024-01-10 02:15:00,J-103,2,1,LOW
2024-01-10 02:15:00,J-104,2,1,LOW
2024-01-10 02:15:00,J-105,1,1,LOW
2024-01-10 02:15:00,J-106,1,1,LOW
2024-01-10 02:15:00,J-107,0,0,LOW
2024-01-10 02:15:00,J-108,4,1,LOW
2024-01-10 02:30:00,J-101,4,1,LOW
2024-01-10 02:30:00,J-102,3,1,LOW
2024-01-10 02:30:00,J-103,2,1,LOW
2024-01-10 02:30:00,J-104,2,1,LOW
2024-01-10 02:30:00,J-105,1,1,LOW
2024-01-10 02:30:00,J-106,1,1,LOW
2024-01-10 02:30:00,J-107,0,0,LOW
2024-01-10 02:30:00,J-108,4,1,LOW
2024-01-10 02:45:00,J-101,5,2,LOW
2024-01-10 02:45:00,J-102,4,1,LOW
2024-01-10 02:45:00,J-103,2,1,LOW
2024-01-10 02:45:00,J-104,2,1,LOW
2024-01-10 02:45:00,J-105,2,2,LOW
2024-01-10 02:45:00,J-106,1,1,LOW
2024-01-10 02:45:00,J-107,0,0,LOW
2024-01-10 02:45:00,J-108,3,1,LOW
2024-01-10 03:00:00,J-101,3,1,LOW
2024-01-10 03:00:00,J-102,3,1,LOW
2024-01-10 03:00:00,J-103,2,1,LOW
2024-01-10 03:00:00,J-104,2,1,LOW
2024-01-10 03:00:00,J-105,1,1,LOW
2024-01-10 03:00:00,J-106,1,1,LOW
2024-01-10 03:00:00,J-107,0,0,LOW
2024-01-10 03:00:00,J-108,4,1,LOW
2024-01-10 03:15:00,J-101,5,2,LOW
2024-01-10 03:15:00,J-102,4,1,LOW
2024-01-10 03:15:00,J-103,2,1,LOW
2024-01-10 03:15:00,J-104,2,1,LOW
2024-01-10 03:15:00,J-105,1,1,LOW
2024-01-10 03:15:00,J-106,1,1,LOW
2024-01-10 03:15:00,J-107,0,0,LOW
2024-01-10 03:15:00,J-108,3,1,LOW
2024-01-10 03:30:00,J-101,4,1,LOW
2024-01-10 03:30:00,J-102,3,1,LOW
2024-01-10 03:30:00,J-103,3,1,LOW
2024-01-10 03:30:00,J-104,2,1,LOW
2024-01-10 03:30:00,J-105,1,1,LOW
2024-01-10 03:30:00,J-106,0,0,LOW
2024-01-10 03:30:00,J-107,0,0,LOW
2024-01-10 03:30:00,J-108,4,1,LOW
2024-01-10 03:45:00,J-101,4,1,LOW
2024-01-10 03:45:00,J-102,3,1,LOW
2024-01-10 03:45:00,J-103,3,1,LOW
2024-01-10 03:45:00,J-104,2,1,LOW
2024-01-10 03:45:00,J-105,2,2,LOW
2024-01-10 03:45:00,J-106,1,1,LOW
2024-01-10 03:45:00,J-107,0,0,LOW
2024-01-10 03:45:00,J-108,4,1,LOW
2024-01-10 04:00:00,J-101,4,1,LOW
2024-01-10 04:00:00,J-102,3,1,LOW
2024-01-10 04:00:00,J-103,2,1,LOW
2024-01-10 04:00:00,J-104,2,1,LOW
2024-01-10 04:00:00,J-105,1,1,LOW
2024-01-10 04:00:00,J-106,0,0,LOW
2024-01-10 04:00:00,J-107,0,0,LOW
2024-01-10 04:00:00,J-108,4,1,LOW
2024-01-10 04:15:00,J-101,5,2,LOW
2024-01-10 04:15:00,J-102,4,1,LOW
2024-01-10 04:15:00,J-103,2,1,LOW
2024-01-10 04:15:00,J-104,2,1,LOW
2024-01-10 04:15:00,J-105,1,1,LOW
2024-01-10 04:15:00,J-106,1,1,LOW
2024-01-10 04:15:00,J-107,0,0,LOW
2024-01-10 04:15:00,J-108,3,1,LOW
2024-01-10 04:30:00,J-101,4,1,LOW
2024-01-10 04:30:00,J-102,3,1,LOW
2024-01-10 04:30:00,J-103,2,1,LOW
2024-01-10 04:30:00,J-104,2,1,LOW
2024-01-10 04:30:00,J-105,1,1,LOW
2024-01-10 04:30:00,J-106,0,0,LOW
2024-01-10 04:30:00,J-107,0,0,LOW
2024-01-10 04:30:00,J-108,4,1,LOW
2024-01-10 04:45:00,J-101,2,0,LOW
2024-01-10 04:45:00,J-102,3,1,LOW
2024-01-10 04:45:00,J-103,2,1,LOW
2024-01-10 04:45:00,J-104,2,1,LOW
2024-01-10 04:45:00,J-105,1,1,LOW
2024-01-10 04:45:00,J-106,0,0,LOW
2024-01-10 04:45:00,J-107,0,0,LOW
2024-01-10 04:45:00,J-108,3,1,LOW
2024-01-10 05:00:00,J-101,4,1,LOW
2024-01-10 05:00:00,J-102,4,1,LOW
2024-01-10 05:00:00,J-103,2,1,LOW
2024-01-10 05:00:00,J-104,2,1,LOW
2024-01-10 05:00:00,J-105,1,1,LOW
2024-01-10 05:00:00,J-106,1,1,LOW
2024-01-10 05:00:00,J-107,1,2,LOW
2024-01-10 05:00:00,J-108,4,1,LOW
2024-01-10 05:15:00,J-101,27,10,LOW
2024-01-10 05:15:00,J-102,34,15,LOW
2024-01-10 05:15:00,J-103,16,10,LOW
2024-01-10 05:15:00,J-104,17,12,LOW
2024-01-10 05:15:00,J-105,11,11,LOW
2024-01-10 05:15:00,J-106,8,13,LOW
2024-01-10 05:15:00,J-107,6,13,LOW
2024-01-10 05:15:00,J-108,27,11,LOW
2024-01-10 05:30:00,J-101,30,12,LOW
2024-01-10 05:30:00,J-102,24,11,LOW
2024-01-10 05:30:00,J-103,19,12,LOW
2024-01-10 05:30:00,J-104,16,11,LOW
2024-01-10 05:30:00,J-105,11,11,LOW
2024-01-10 05:30:00,J-106,6,9,LOW
2024-01-10 05:30:00,J-107,6,13,LOW
2024-01-10 05:30:00,J-108,26,11,LOW
2024-01-10 05:45:00,J-101,32,13,LOW
2024-01-10 05:45:00,J-102,27,12,LOW
2024-01-10 05:45:00,J-103,22,14,LOW
2024-01-10 05:45:00,J-104,13,9,LOW
2024-01-10 05:45:00,J-105,13,14,LOW
2024-01-10 05:45:00,J-106,7,11,LOW
2024-01-10 05:45:00,J-107,5,10,LOW
2024-01-10 05:45:00,J-108,31,13,LOW
2024-01-10 06:00:00,J-101,35,14,LOW
2024-01-10 06:00:00,J-102,24,11,LOW
2024-01-10 06:00:00,J-103,19,12,LOW
2024-01-10 06:00:00,J-104,18,13,LOW
2024-01-10 06:00:00,J-105,11,11,LOW
2024-01-10 06:00:00,J-106,8,13,LOW
2024-01-10 06:00:00,J-107,6,13,LOW
2024-01-10 06:00:00,J-108,28,12,LOW
2024-01-10 06:15:00,J-101,31,12,LOW
2024-01-10 06:15:00,J-102,23,10,LOW
2024-01-10 06:15:00,J-103,17,11,LOW
2024-01-10 06:15:00,J-104,16,11,LOW
2024-01-10 06:15:00,J-105,11,11,LOW
2024-01-10 06:15:00,J-106,6,9,LOW
2024-01-10 06:15:00,J-107,5,10,LOW
2024-01-10 06:15:00,J-108,25,10,LOW
2024-01-10 06:30:00,J-101,29,11,LOW
2024-01-10 06:30:00,J-102,30,13,LOW
2024-01-10 06:30:00,J-103,14,9,LOW
2024-01-10 06:30:00,J-104,14,,LOW
2024-01-10 06:30:00,J-105,9,9,LOW
2024-01-10 06:30:00,J-106,6,9,LOW
2024-01-10 06:30:00,J-107,5,10,LOW
2024-01-10 06:30:00,J-108,24,10,LOW
2024-01-10 06:45:00,J-101,31,12,LOW
2024-01-10 06:45:00,J-102,33,15,LOW
2024-01-10 06:45:00,J-103,24,15,LOW
2024-01-10 06:45:00,J-104,19,13,LOW
2024-01-10 06:45:00,J-105,10,10,LOW
2024-01-10 06:45:00,J-106,8,13,LOW
2024-01-10 06:45:00,J-107,5,10,LOW
2024-01-10 06:45:00,J-108,29,12,LOW
2024-01-10 07:00:00,J-101,33,13,LOW
2024-01-10 07:00:00,J-102,28,13,LOW
2024-01-10 07:00:00,J-103,16,10,LOW
2024-01-10 07:00:00,J-104,14,10,LOW
2024-01-10 07:00:00,J-105,14,15,LOW
2024-01-10 07:00:00,J-106,8,13,LOW
2024-01-10 07:00:00,J-107,5,10,LOW
2024-01-10 07:00:00,J-108,,13,LOW
2024-01-10 07:15:00,J-101,25,10,LOW
2024-01-10 07:15:00,J-102,22,10,LOW
2024-01-10 07:15:00,J-103,16,10,LOW
2024-01-10 07:15:00,J-104,15,10,LOW
2024-01-10 07:15:00,J-105,9,9,LOW
2024-01-10 07:15:00,J-106,7,11,LOW
2024-01-10 07:15:00,J-107,4,8,LOW
2024-01-10 07:15:00,J-108,30,13,LOW
2024-01-10 07:30:00,J-101,77,31,LOW
2024-01-10 07:30:00,J-102,71,32,LOW
2024-01-10 07:30:00,J-103,67,43,MODERATE
2024-01-10 07:30:00,J-104,46,33,LOW
2024-01-10 07:30:00,J-105,31,33,LOW
2024-01-10 07:30:00,J-106,21,34,LOW
2024-01-10 07:30:00,J-107,15,32,LOW
2024-01-10 07:30:00,J-108,74,32,LOW
2024-01-10 07:45:00,J-101,95,38,LOW
2024-01-10 07:45:00,J-102,78,36,LOW
2024-01-10 07:45:00,J-103,63,40,MODERATE
2024-01-10 07:45:00,J-104,63,45,MODERATE
2024-01-10 07:45:00,J-105,30,32,LOW
2024-01-10 07:45:00,J-106,32,52,MODERATE
2024-01-10 07:45:00,J-107,20,43,MODERATE
2024-01-10 07:45:00,J-108,87,37,LOW
2024-01-10 08:00:00,J-101,133,54,MODERATE
2024-01-10 08:00:00,J-102,93,43,MODERATE
2024-01-10 08:00:00,J-103,72,46,MODERATE
2024-01-10 08:00:00,J-104,74,53,MODERATE
2024-01-10 08:00:00,J-105,41,44,MODERATE
2024-01-10 08:00:00,J-106,33,53,MODERATE
2024-01-10 08:00:00,J-107,21,45,MODERATE
2024-01-10 08:00:00,J-108,103,44,MODERATE
2024-01-10 08:15:00,J-101,147,59,MODERATE
2024-01-10 08:15:00,J-102,113,52,MODERATE
2024-01-10 08:15:00,J-103,80,52,MODERATE
2024-01-10 08:15:00,J-104,97,70,HIGH
2024-01-10 08:15:00,J-105,57,61,MODERATE
2024-01-10 08:15:00,J-106,27,43,MODERATE
2024-01-10 08:15:00,J-107,26,56,MODERATE
2024-01-10 08:15:00,J-108,163,70,HIGH
2024-01-10 08:30:00,J-101,179,72,HIGH
2024-01-10 08:30:00,J-102,116,53,MODERATE
2024-01-10 08:30:00,J-103,92,59,MODERATE
2024-01-10 08:30:00,J-104,79,57,MODERATE
2024-01-10 08:30:00,J-105,59,63,MODERATE
2024-01-10 08:30:00,J-106,29,47,MODERATE
2024-01-10 08:30:00,J-107,31,67,MODERATE
2024-01-10 08:30:00,J-108,183,79,HIGH
2024-01-10 08:45:00,J-101,148,60,MODERATE
2024-01-10 08:45:00,J-102,141,65,MODERATE
2024-01-10 08:45:00,J-103,99,64,MODERATE
2024-01-10 08:45:00,J-104,76,54,MODERATE
2024-01-10 08:45:00,J-105,51,55,MODERATE
2024-01-10 08:45:00,J-106,38,61,MODERATE
2024-01-10 08:45:00,J-107,26,56,MODERATE
2024-01-10 08:45:00,J-108,163,70,HIGH
2024-01-10 09:00:00,J-101,134,54,MODERATE
2024-01-10 09:00:00,J-102,91,42,MODERATE
2024-01-10 09:00:00,J-103,78,50,MODERATE
2024-01-10 09:00:00,J-104,74,53,MODERATE
2024-01-10 09:00:00,J-105,51,55,MODERATE
2024-01-10 09:00:00,J-106,33,53,MODERATE
2024-01-10 09:00:00,J-107,,58,MODERATE
2024-01-10 09:00:00,J-108,148,64,MODERATE
2024-01-10 09:15:00,J-101,112,45,MODERATE
2024-01-10 09:15:00,J-102,112,52,MODERATE
2024-01-10 09:15:00,J-103,107,69,MODERATE
2024-01-10 09:15:00,J-104,94,67,MODERATE
2024-01-10 09:15:00,J-105,52,56,MODERATE
2024-01-10 09:15:00,J-106,30,48,MODERATE
2024-01-10 09:15:00,J-107,30,65,MODERATE
2024-01-10 09:15:00,J-108,127,55,MODERATE
2024-01-10 09:30:00,J-101,90,36,LOW
2024-01-10 09:30:00,J-102,81,37,LOW
2024-01-10 09:30:00,J-103,56,36,LOW
2024-01-10 09:30:00,J-104,49,35,LOW
2024-01-10 09:30:00,J-105,35,37,LOW
2024-01-10 09:30:00,J-106,22,35,LOW
2024-01-10 09:30:00,J-107,13,28,LOW
2024-01-10 09:30:00,J-108,86,37,LOW
2024-01-10 09:45:00,J-101,96,39,LOW
2024-01-10 09:45:00,J-102,104,48,MODERATE
2024-01-10 09:45:00,J-103,65,42,MODERATE
2024-01-10 09:45:00,J-104,57,41,MODERATE
2024-01-10 09:45:00,J-105,32,34,LOW
2024-01-10 09:45:00,J-106,23,37,LOW
2024-01-10 09:45:00,J-107,16,34,LOW
2024-01-10 09:45:00,J-108,100,43,MODERATE
2024-01-10 10:00:00,J-101,78,31,LOW
2024-01-10 10:00:00,J-102,67,31,LOW
2024-01-10 10:00:00,J-103,58,37,LOW
2024-01-10 10:00:00,J-104,39,28,LOW
2024-01-10 10:00:00,J-105,26,28,LOW
2024-01-10 10:00:00,J-106,18,29,LOW
2024-01-10 10:00:00,J-107,12,26,LOW
2024-01-10 10:00:00,J-108,58,25,LOW
2024-01-10 10:15:00,J-101,24,9,LOW
2024-01-10 10:15:00,J-102,22,10,LOW
2024-01-10 10:15:00,J-103,13,8,LOW
2024-01-10 10:15:00,J-104,12,8,LOW
2024-01-10 10:15:00,J-105,9,9,LOW
2024-01-10 10:15:00,J-106,6,9,LOW
2024-01-10 10:15:00,J-107,4,8,LOW
2024-01-10 10:15:00,J-108,22,9,LOW
2024-01-10 10:30:00,J-101,21,8,LOW
2024-01-10 10:30:00,J-102,29,13,LOW
2024-01-10 10:30:00,J-103,22,14,LOW
2024-01-10 10:30:00,J-104,16,11,LOW
2024-01-10 10:30:00,J-105,13,14,LOW
2024-01-10 10:30:00,J-106,8,13,LOW
2024-01-10 10:30:00,J-107,5,10,LOW
2024-01-10 10:30:00,J-108,36,15,LOW
2024-01-10 10:45:00,J-101,36,14,LOW
2024-01-10 10:45:00,J-102,27,12,LOW
2024-01-10 10:45:00,J-103,15,9,LOW
2024-01-10 10:45:00,J-104,17,12,LOW
2024-01-10 10:45:00,J-105,12,13,LOW
2024-01-10 10:45:00,J-106,6,9,LOW
2024-01-10 10:45:00,J-107,5,10,LOW
2024-01-10 10:45:00,J-108,33,14,LOW
2024-01-10 11:00:00,J-101,18,7,LOW
2024-01-10 11:00:00,J-102,19,8,LOW
2024-01-10 11:00:00,J-103,13,8,LOW
2024-01-10 11:00:00,J-104,13,9,LOW
2024-01-10 11:00:00,J-105,8,8,LOW
2024-01-10 11:00:00,J-106,7,11,LOW
2024-01-10 11:00:00,J-107,3,6,LOW
2024-01-10 11:00:00,J-108,18,7,LOW
2024-01-10 11:15:00,J-101,32,13,LOW
2024-01-10 11:15:00,J-102,24,11,LOW
2024-01-10 11:15:00,J-103,15,9,LOW
2024-01-10 11:15:00,J-104,18,13,LOW
2024-01-10 11:15:00,J-105,11,11,LOW
2024-01-10 11:15:00,J-106,9,14,LOW
2024-01-10 11:15:00,J-107,6,13,LOW
2024-01-10 11:15:00,J-108,29,12,LOW
2024-01-10 11:30:00,J-101,25,10,LOW
2024-01-10 11:30:00,J-102,26,12,LOW
2024-01-10 11:30:00,J-103,12,7,LOW
2024-01-10 11:30:00,J-104,15,10,LOW
2024-01-10 11:30:00,J-105,10,10,LOW
2024-01-10 11:30:00,J-106,7,11,LOW
2024-01-10 11:30:00,J-107,5,10,LOW
2024-01-10 11:30:00,J-108,23,9,LOW
2024-01-10 11:45:00,J-101,32,13,LOW
2024-01-10 11:45:00,J-102,27,12,LOW
2024-01-10 11:45:00,J-103,20,13,LOW
2024-01-10 11:45:00,J-104,18,13,LOW
2024-01-10 11:45:00,J-105,14,15,LOW
2024-01-10 11:45:00,J-106,8,13,LOW
2024-01-10 11:45:00,J-107,7,15,LOW
2024-01-10 11:45:00,J-108,29,12,LOW
2024-01-10 12:00:00,J-101,60,24,LOW
2024-01-10 12:00:00,J-102,55,25,LOW
2024-01-10 12:00:00,J-103,37,24,LOW
2024-01-10 12:00:00,J-104,35,25,LOW
2024-01-10 12:00:00,J-105,26,28,LOW
2024-01-10 12:00:00,J-106,14,22,LOW
2024-01-10 12:00:00,J-107,11,23,LOW
2024-01-10 12:00:00,J-108,62,26,LOW
2024-01-10 12:15:00,J-101,66,26,LOW
2024-01-10 12:15:00,J-102,45,20,LOW
2024-01-10 12:15:00,J-103,40,26,LOW
2024-01-10 12:15:00,J-104,33,23,LOW
2024-01-10 12:15:00,J-105,21,22,LOW
2024-01-10 12:15:00,J-106,13,21,LOW
2024-01-10 12:15:00,J-107,9,19,LOW
2024-01-10 12:15:00,J-108,47,20,LOW
2024-01-10 12:30:00,J-101,61,24,LOW
2024-01-10 12:30:00,J-102,56,26,LOW
2024-01-10 12:30:00,J-103,30,19,LOW
2024-01-10 12:30:00,J-104,27,19,LOW
2024-01-10 12:30:00,J-105,23,24,LOW
2024-01-10 12:30:00,J-106,14,22,LOW
2024-01-10 12:30:00,J-107,10,21,LOW
2024-01-10 12:30:00,J-108,65,28,LOW
2024-01-10 12:45:00,J-101,71,28,LOW
2024-01-10 12:45:00,J-102,60,27,LOW
2024-01-10 12:45:00,J-103,32,20,LOW
2024-01-10 12:45:00,J-104,46,33,LOW
2024-01-10 12:45:00,J-105,20,21,LOW
2024-01-10 12:45:00,J-106,16,26,LOW
2024-01-10 12:45:00,J-107,11,23,LOW
2024-01-10 12:45:00,J-108,48,20,LOW
2024-01-10 13:00:00,J-101,74,30,LOW
2024-01-10 13:00:00,J-102,54,25,LOW
2024-01-10 13:00:00,J-103,34,22,LOW
2024-01-10 13:00:00,J-104,32,23,LOW
2024-01-10 13:00:00,J-105,22,23,LOW
2024-01-10 13:00:00,J-106,11,17,LOW
2024-01-10 13:00:00,J-107,10,21,LOW
2024-01-10 13:00:00,J-108,60,26,LOW
2024-01-10 13:15:00,J-101,59,23,LOW
2024-01-10 13:15:00,J-102,62,28,LOW
2024-01-10 13:15:00,J-103,43,27,LOW
2024-01-10 13:15:00,J-104,37,26,LOW
2024-01-10 13:15:00,J-105,27,29,LOW
2024-01-10 13:15:00,J-106,17,27,LOW
2024-01-10 13:15:00,J-107,11,23,LOW
2024-01-10 13:15:00,J-108,68,29,LOW
2024-01-10 13:30:00,J-101,59,23,LOW
2024-01-10 13:30:00,J-102,66,30,LOW
2024-01-10 13:30:00,J-103,43,27,LOW
2024-01-10 13:30:00,J-104,36,26,LOW
2024-01-10 13:30:00,J-105,23,24,LOW
2024-01-10 13:30:00,J-106,16,26,LOW
2024-01-10 13:30:00,J-107,11,23,LOW
2024-01-10 13:30:00,J-108,53,22,LOW
2024-01-10 13:45:00,J-101,30,12,LOW
2024-01-10 13:45:00,J-102,36,16,LOW
2024-01-10 13:45:00,J-103,18,11,LOW
2024-01-10 13:45:00,J-104,18,13,LOW
2024-01-10 13:45:00,J-105,12,13,LOW
2024-01-10 13:45:00,J-106,8,13,LOW
2024-01-10 13:45:00,J-107,6,13,LOW
2024-01-10 13:45:00,J-108,31,13,LOW
2024-01-10 14:00:00,J-101,39,15,LOW
2024-01-10 14:00:00,J-102,28,13,LOW
2024-01-10 14:00:00,J-103,17,11,LOW
2024-01-10 14:00:00,J-104,16,11,LOW
2024-01-10 14:00:00,J-105,12,13,LOW
2024-01-10 14:00:00,J-106,8,13,LOW
2024-01-10 14:00:00,J-107,5,10,LOW
2024-01-10 14:00:00,J-108,32,13,LOW
2024-01-10 14:15:00,J-101,31,12,LOW
2024-01-10 14:15:00,J-102,25,11,LOW
2024-01-10 14:15:00,J-103,19,12,LOW
2024-01-10 14:15:00,J-104,14,10,LOW
2024-01-10 14:15:00,J-105,11,11,LOW
2024-01-10 14:15:00,J-106,7,11,LOW
2024-01-10 14:15:00,J-107,5,10,LOW
2024-01-10 14:15:00,J-108,25,10,LOW
2024-01-10 14:30:00,J-101,30,12,LOW
2024-01-10 14:30:00,J-102,26,12,LOW
2024-01-10 14:30:00,J-103,21,13,LOW
2024-01-10 14:30:00,J-104,16,11,LOW
2024-01-10 14:30:00,J-105,9,9,LOW
2024-01-10 14:30:00,J-106,9,14,LOW
2024-01-10 14:30:00,J-107,6,13,LOW
2024-01-10 14:30:00,J-108,28,12,LOW
2024-01-10 14:45:00,J-101,32,13,LOW
2024-01-10 14:45:00,J-102,36,16,LOW
2024-01-10 14:45:00,J-103,21,13,LOW
2024-01-10 14:45:00,J-104,18,13,LOW
2024-01-10 14:45:00,J-105,12,13,LOW
2024-01-10 14:45:00,J-106,7,11,LOW
2024-01-10 14:45:00,J-107,7,15,LOW
2024-01-10 14:45:00,J-108,25,10,LOW
2024-01-10 15:00:00,J-101,34,13,LOW
2024-01-10 15:00:00,J-102,28,13,LOW
2024-01-10 15:00:00,J-103,20,13,LOW
2024-01-10 15:00:00,J-104,16,11,LOW
2024-01-10 15:00:00,J-105,11,11,LOW
2024-01-10 15:00:00,J-106,8,13,LOW
2024-01-10 15:00:00,J-107,6,13,LOW
2024-01-10 15:00:00,J-108,32,13,LOW
2024-01-10 15:15:00,J-101,27,10,LOW
2024-01-10 15:15:00,J-102,27,12,LOW
2024-01-10 15:15:00,J-103,18,11,LOW
2024-01-10 15:15:00,J-104,16,11,LOW
2024-01-10 15:15:00,J-105,9,9,LOW
2024-01-10 15:15:00,J-106,7,11,LOW
2024-01-10 15:15:00,J-107,5,10,LOW
2024-01-10 15:15:00,J-108,29,12,LOW
2024-01-10 15:30:00,J-101,19,7,LOW
2024-01-10 15:30:00,J-102,18,8,LOW
2024-01-10 15:30:00,J-103,14,9,LOW
2024-01-10 15:30:00,J-104,13,9,LOW
2024-01-10 15:30:00,J-105,8,8,LOW
2024-01-10 15:30:00,J-106,5,8,LOW
2024-01-10 15:30:00,J-107,4,8,LOW
2024-01-10 15:30:00,J-108,19,8,LOW
2024-01-10 15:45:00,J-101,33,13,LOW
2024-01-10 15:45:00,J-102,31,14,LOW
2024-01-10 15:45:00,J-103,21,13,LOW
2024-01-10 15:45:00,J-104,14,10,LOW
2024-01-10 15:45:00,J-105,13,14,LOW
2024-01-10 15:45:00,J-106,6,9,LOW
2024-01-10 15:45:00,J-107,6,13,LOW
2024-01-10 15:45:00,J-108,29,12,LOW
2024-01-10 16:00:00,J-101,25,10,LOW
2024-01-10 16:00:00,J-102,21,9,LOW
2024-01-10 16:00:00,J-103,15,9,LOW
2024-01-10 16:00:00,J-104,15,10,LOW
2024-01-10 16:00:00,J-105,9,9,LOW
2024-01-10 16:00:00,J-106,5,8,LOW
2024-01-10 16:00:00,J-107,4,8,LOW
2024-01-10 16:00:00,J-108,26,11,LOW
2024-01-10 16:15:00,J-101,32,13,LOW
2024-01-10 16:15:00,J-102,26,12,LOW
2024-01-10 16:15:00,J-103,16,10,LOW
2024-01-10 16:15:00,J-104,18,13,LOW
2024-01-10 16:15:00,J-105,12,13,LOW
2024-01-10 16:15:00,J-106,7,11,LOW
2024-01-10 16:15:00,J-107,5,10,LOW
2024-01-10 16:15:00,J-108,36,15,LOW
2024-01-10 16:30:00,J-101,81,32,LOW
2024-01-10 16:30:00,J-102,84,39,LOW
2024-01-10 16:30:00,J-103,75,48,MODERATE
2024-01-10 16:30:00,J-104,54,39,LOW
2024-01-10 16:30:00,J-105,29,31,LOW
2024-01-10 16:30:00,J-106,28,45,MODERATE
2024-01-10 16:30:00,J-107,16,34,LOW
2024-01-10 16:30:00,J-108,79,34,LOW
2024-01-10 16:45:00,J-101,106,43,MODERATE
2024-01-10 16:45:00,J-102,94,43,MODERATE
2024-01-10 16:45:00,J-103,52,33,LOW
2024-01-10 16:45:00,J-104,52,37,LOW
2024-01-10 16:45:00,J-105,37,40,MODERATE
2024-01-10 16:45:00,J-106,24,39,LOW
2024-01-10 16:45:00,J-107,19,41,MODERATE
2024-01-10 16:45:00,J-108,74,32,LOW
2024-01-10 17:00:00,J-101,122,49,MODERATE
2024-01-10 17:00:00,J-102,112,52,MODERATE
2024-01-10 17:00:00,J-103,61,39,LOW
2024-01-10 17:00:00,J-104,61,44,MODERATE
2024-01-10 17:00:00,J-105,43,46,MODERATE
2024-01-10 17:00:00,J-106,32,52,MODERATE
2024-01-10 17:00:00,J-107,20,43,MODERATE
2024-01-10 17:00:00,J-108,94,40,MODERATE
2024-01-10 17:15:00,J-101,129,52,MODERATE
2024-01-10 17:15:00,J-102,104,48,MODERATE
2024-01-10 17:15:00,J-103,99,64,MODERATE
2024-01-10 17:15:00,J-104,63,45,MODERATE
2024-01-10 17:15:00,J-105,48,52,MODERATE
2024-01-10 17:15:00,J-106,39,63,MODERATE
2024-01-10 17:15:00,J-107,25,54,MODERATE
2024-01-10 17:15:00,J-108,119,51,MODERATE
2024-01-10 17:30:00,J-101,96,39,LOW
2024-01-10 17:30:00,J-102,79,36,LOW
2024-01-10 17:30:00,J-103,46,29,LOW
2024-01-10 17:30:00,J-104,49,35,LOW
2024-01-10 17:30:00,J-105,29,31,LOW
2024-01-10 17:30:00,J-106,22,35,LOW
2024-01-10 17:30:00,J-107,18,39,LOW
2024-01-10 17:30:00,J-108,88,38,LOW
2024-01-10 17:45:00,J-101,144,58,MODERATE
2024-01-10 17:45:00,J-102,109,50,MODERATE
2024-01-10 17:45:00,J-103,100,65,MODERATE
2024-01-10 17:45:00,J-104,97,70,HIGH
2024-01-10 17:45:00,J-105,75,81,HIGH
2024-01-10 17:45:00,J-106,40,65,MODERATE
2024-01-10 17:45:00,J-107,31,67,MODERATE
2024-01-10 17:45:00,J-108,131,56,MODERATE
2024-01-10 18:00:00,J-101,100,40,MODERATE
2024-01-10 18:00:00,J-102,69,32,LOW
2024-01-10 18:00:00,J-103,63,40,MODERATE
2024-01-10 18:00:00,J-104,63,45,MODERATE
2024-01-10 18:00:00,J-105,41,44,MODERATE
2024-01-10 18:00:00,J-106,23,37,LOW
2024-01-10 18:00:00,J-107,16,34,LOW
2024-01-10 18:00:00,J-108,96,41,MODERATE
2024-01-10 18:15:00,J-101,178,72,HIGH
2024-01-10 18:15:00,J-102,118,54,MODERATE
2024-01-10 18:15:00,J-103,102,66,MODERATE
2024-01-10 18:15:00,J-104,98,70,HIGH
2024-01-10 18:15:00,J-105,63,68,MODERATE
2024-01-10 18:15:00,J-106,43,69,MODERATE
2024-01-10 18:15:00,J-107,30,65,MODERATE
2024-01-10 18:15:00,J-108,126,54,MODERATE
2024-01-10 18:30:00,J-101,102,41,MODERATE
2024-01-10 18:30:00,J-102,83,38,LOW
2024-01-10 18:30:00,J-103,57,37,LOW
2024-01-10 18:30:00,J-104,63,45,MODERATE
2024-01-10 18:30:00,J-105,48,52,MODERATE
2024-01-10 18:30:00,J-106,26,42,MODERATE
2024-01-10 18:30:00,J-107,19,41,MODERATE
2024-01-10 18:30:00,J-108,86,37,LOW
2024-01-10 18:45:00,J-101,140,56,MODERATE
2024-01-10 18:45:00,J-102,118,54,MODERATE
2024-01-10 18:45:00,J-103,94,61,MODERATE
2024-01-10 18:45:00,J-104,83,59,MODERATE
2024-01-10 18:45:00,J-105,44,47,MODERATE
2024-01-10 18:45:00,J-106,34,55,MODERATE
2024-01-10 18:45:00,J-107,26,56,MODERATE
2024-01-10 18:45:00,J-108,121,52,MODERATE
2024-01-10 19:00:00,J-101,152,61,MODERATE
2024-01-10 19:00:00,J-102,91,42,MODERATE
2024-01-10 19:00:00,J-103,86,55,MODERATE
2024-01-10 19:00:00,J-104,78,56,MODERATE
2024-01-10 19:00:00,J-105,51,55,MODERATE
2024-01-10 19:00:00,J-106,31,50,MODERATE
2024-01-10 19:00:00,J-107,22,47,MODERATE
2024-01-10 19:00:00,J-108,122,52,MODERATE
2024-01-10 19:15:00,J-101,98,39,LOW
2024-01-10 19:15:00,J-102,79,36,LOW
2024-01-10 19:15:00,J-103,77,50,MODERATE
2024-01-10 19:15:00,J-104,51,36,LOW
2024-01-10 19:15:00,J-105,37,40,MODERATE
2024-01-10 19:15:00,J-106,28,45,MODERATE
2024-01-10 19:15:00,J-107,19,41,MODERATE
2024-01-10 19:15:00,J-108,108,46,MODERATE
2024-01-10 19:30:00,J-101,96,39,LOW
2024-01-10 19:30:00,J-102,82,38,LOW
2024-01-10 19:30:00,J-103,59,38,LOW
2024-01-10 19:30:00,J-104,57,41,MODERATE
2024-01-10 19:30:00,J-105,28,30,LOW
2024-01-10 19:30:00,J-106,18,29,LOW
2024-01-10 19:30:00,J-107,18,39,LOW
2024-01-10 19:30:00,J-108,105,45,MODERATE
2024-01-10 19:45:00,J-101,33,13,LOW
2024-01-10 19:45:00,J-102,28,13,LOW
2024-01-10 19:45:00,J-103,18,11,LOW
2024-01-10 19:45:00,J-104,21,15,LOW
2024-01-10 19:45:00,J-105,11,11,LOW
2024-01-10 19:45:00,J-106,8,13,LOW
2024-01-10 19:45:00,J-107,5,10,LOW
2024-01-10 19:45:00,J-108,23,9,LOW
2024-01-10 20:00:00,J-101,30,12,LOW
2024-01-10 20:00:00,J-102,31,14,LOW
2024-01-10 20:00:00,J-103,22,14,LOW
2024-01-10 20:00:00,J-104,19,13,LOW
2024-01-10 20:00:00,J-105,13,14,LOW
2024-01-10 20:00:00,J-106,7,11,LOW
2024-01-10 20:00:00,J-107,6,13,LOW
2024-01-10 20:00:00,J-108,32,13,LOW
2024-01-10 20:15:00,J-101,29,11,LOW
2024-01-10 20:15:00,J-102,25,11,LOW
2024-01-10 20:15:00,J-103,19,12,LOW
2024-01-10 20:15:00,J-104,22,15,LOW
2024-01-10 20:15:00,J-105,14,15,LOW
2024-01-10 20:15:00,J-106,8,13,LOW
2024-01-10 20:15:00,J-107,5,10,LOW
2024-01-10 20:15:00,J-108,30,13,LOW
2024-01-10 20:30:00,J-101,27,10,LOW
2024-01-10 20:30:00,J-102,25,11,LOW
2024-01-10 20:30:00,J-103,16,10,LOW
2024-01-10 20:30:00,J-104,14,10,LOW
2024-01-10 20:30:00,J-105,13,14,LOW
2024-01-10 20:30:00,J-106,6,9,LOW
2024-01-10 20:30:00,J-107,5,10,LOW
2024-01-10 20:30:00,J-108,29,12,LOW
2024-01-10 20:45:00,J-101,26,10,LOW
2024-01-10 20:45:00,J-102,,10,LOW
2024-01-10 20:45:00,J-103,18,11,LOW
2024-01-10 20:45:00,J-104,13,9,LOW
2024-01-10 20:45:00,J-105,9,9,LOW
2024-01-10 20:45:00,J-106,6,9,LOW
2024-01-10 20:45:00,J-107,4,8,LOW
2024-01-10 20:45:00,J-108,21,9,LOW
2024-01-10 21:00:00,J-101,37,15,LOW
2024-01-10 21:00:00,J-102,31,14,LOW
2024-01-10 21:00:00,J-103,20,13,LOW
2024-01-10 21:00:00,J-104,16,11,LOW
2024-01-10 21:00:00,J-105,14,15,LOW
2024-01-10 21:00:00,J-106,7,11,LOW
2024-01-10 21:00:00,J-107,5,10,LOW
2024-01-10 21:00:00,J-108,30,13,LOW
2024-01-10 21:15:00,J-101,31,12,LOW
2024-01-10 21:15:00,J-102,25,11,LOW
2024-01-10 21:15:00,J-103,19,12,LOW
2024-01-10 21:15:00,J-104,14,10,LOW
2024-01-10 21:15:00,J-105,11,11,LOW
2024-01-10 21:15:00,J-106,8,13,LOW
2024-01-10 21:15:00,J-107,5,10,LOW
2024-01-10 21:15:00,J-108,38,16,LOW
2024-01-10 21:30:00,J-101,27,10,LOW
2024-01-10 21:30:00,J-102,28,13,LOW
2024-01-10 21:30:00,J-103,22,14,LOW
2024-01-10 21:30:00,J-104,19,13,LOW
2024-01-10 21:30:00,J-105,9,9,LOW
2024-01-10 21:30:00,J-106,7,11,LOW
2024-01-10 21:30:00,J-107,6,13,LOW
2024-01-10 21:30:00,J-108,27,11,LOW
2024-01-10 21:45:00,J-101,26,10,LOW
2024-01-10 21:45:00,J-102,27,12,LOW
2024-01-10 21:45:00,J-103,22,14,LOW
2024-01-10 21:45:00,J-104,19,13,LOW
2024-01-10 21:45:00,J-105,10,,LOW
2024-01-10 21:45:00,J-106,6,9,LOW
2024-01-10 21:45:00,J-107,6,13,LOW
2024-01-10 21:45:00,J-108,25,10,LOW
2024-01-10 22:00:00,J-101,29,11,LOW
2024-01-10 22:00:00,J-102,32,14,LOW
2024-01-10 22:00:00,J-103,14,9,LOW
2024-01-10 22:00:00,J-104,16,11,LOW
2024-01-10 22:00:00,J-105,13,14,LOW
2024-01-10 22:00:00,J-106,7,11,LOW
2024-01-10 22:00:00,J-107,5,10,LOW
2024-01-10 22:00:00,J-108,30,13,LOW
2024-01-10 22:15:00,J-101,20,8,LOW
2024-01-10 22:15:00,J-102,15,6,LOW
2024-01-10 22:15:00,J-103,13,8,LOW
2024-01-10 22:15:00,J-104,10,7,LOW
2024-01-10 22:15:00,J-105,7,7,LOW
2024-01-10 22:15:00,J-106,4,6,LOW
2024-01-10 22:15:00,J-107,2,4,LOW
2024-01-10 22:15:00,J-108,16,6,LOW
2024-01-10 22:30:00,J-101,33,13,LOW
2024-01-10 22:30:00,J-102,29,13,LOW
2024-01-10 22:30:00,J-103,22,14,LOW
2024-01-10 22:30:00,J-104,19,13,LOW
2024-01-10 22:30:00,J-105,13,14,LOW
2024-01-10 22:30:00,J-106,7,11,LOW
2024-01-10 22:30:00,J-107,6,13,LOW
2024-01-10 22:30:00,J-108,27,11,LOW
2024-01-10 22:45:00,J-101,24,9,LOW
2024-01-10 22:45:00,J-102,17,7,LOW
2024-01-10 22:45:00,J-103,12,7,LOW
2024-01-10 22:45:00,J-104,11,7,LOW
2024-01-10 22:45:00,J-105,6,6,LOW
2024-01-10 22:45:00,J-106,5,8,LOW
2024-01-10 22:45:00,J-107,3,6,LOW
2024-01-10 22:45:00,J-108,21,9,LOW
2024-01-10 23:00:00,J-101,24,9,LOW
2024-01-10 23:00:00,J-102,19,8,LOW
2024-01-10 23:00:00,J-103,11,7,LOW
2024-01-10 23:00:00,J-104,14,10,LOW
2024-01-10 23:00:00,J-105,8,8,LOW
2024-01-10 23:00:00,J-106,6,9,LOW
2024-01-10 23:00:00,J-107,3,6,LOW
2024-01-10 23:00:00,J-108,19,8,LOW
2024-01-10 23:15:00,J-101,33,13,LOW
2024-01-10 23:15:00,J-102,30,13,LOW
2024-01-10 23:15:00,J-103,17,11,LOW
2024-01-10 23:15:00,J-104,17,12,LOW
2024-01-10 23:15:00,J-105,11,11,LOW
2024-01-10 23:15:00,J-106,8,13,LOW
2024-01-10 23:15:00,J-107,,10,LOW
2024-01-10 23:15:00,J-108,30,13,LOW
2024-01-10 23:30:00,J-101,23,9,LOW
2024-01-10 23:30:00,J-102,19,8,LOW
2024-01-10 23:30:00,J-103,17,11,LOW
2024-01-10 23:30:00,J-104,20,14,LOW
2024-01-10 23:30:00,J-105,8,8,LOW
2024-01-10 23:30:00,J-106,7,11,LOW
2024-01-10 23:30:00,J-107,5,10,LOW
2024-01-10 23:30:00,J-108,25,10,LOW
2024-01-10 23:45:00,J-101,28,11,LOW
2024-01-10 23:45:00,J-102,33,15,LOW
2024-01-10 23:45:00,J-103,14,9,LOW
2024-01-10 23:45:00,J-104,18,13,LOW
2024-01-10 23:45:00,J-105,9,9,LOW
2024-01-10 23:45:00,J-106,,9,LOW
2024-01-10 23:45:00,J-107,6,13,LOW
2024-01-10 23:45:00,J-108,29,12,LOW
2024-01-11 00:00:00,J-101,31,12,LOW
2024-01-11 00:00:00,J-102,27,12,LOW
2024-01-11 00:00:00,J-103,19,12,LOW
2024-01-11 00:00:00,J-104,19,13,LOW
2024-01-11 00:00:00,J-105,11,11,LOW
2024-01-11 00:00:00,J-106,6,9,LOW
2024-01-11 00:00:00,J-107,6,13,LOW
2024-01-11 00:00:00,J-108,27,11,LOW
2024-01-11 00:15:00,J-101,27,10,LOW
2024-01-11 00:15:00,J-102,25,11,LOW
2024-01-11 00:15:00,J-103,18,11,LOW
2024-01-11 00:15:00,J-104,19,13,LOW
2024-01-11 00:15:00,J-105,11,11,LOW
2024-01-11 00:15:00,J-106,7,11,LOW
2024-01-11 00:15:00,J-107,5,10,LOW
2024-01-11 00:15:00,J-108,30,13,LOW
2024-01-11 00:30:00,J-101,29,11,LOW
2024-01-11 00:30:00,J-102,20,9,LOW
2024-01-11 00:30:00,J-103,18,11,LOW
2024-01-11 00:30:00,J-104,14,10,LOW
2024-01-11 00:30:00,J-105,12,13,LOW
2024-01-11 00:30:00,J-106,7,11,LOW
2024-01-11 00:30:00,J-107,5,10,LOW
2024-01-11 00:30:00,J-108,28,12,LOW
2024-01-11 00:45:00,J-101,22,8,LOW
2024-01-11 00:45:00,J-102,29,13,LOW
2024-01-11 00:45:00,J-103,19,12,LOW
2024-01-11 00:45:00,J-104,18,13,LOW
2024-01-11 00:45:00,J-105,14,15,LOW
2024-01-11 00:45:00,J-106,7,11,LOW
2024-01-11 00:45:00,J-107,5,10,LOW
2024-01-11 00:45:00,J-108,29,12,LOW
2024-01-11 01:00:00,J-101,4,1,LOW
2024-01-11 01:00:00,J-102,4,1,LOW
2024-01-11 01:00:00,J-103,2,1,LOW
2024-01-11 01:00:00,J-104,2,1,LOW
2024-01-11 01:00:00,J-105,1,1,LOW
2024-01-11 01:00:00,J-106,1,1,LOW
2024-01-11 01:00:00,J-107,0,0,LOW
2024-01-11 01:00:00,J-108,5,2,LOW
2024-01-11 01:15:00,J-101,4,1,LOW
2024-01-11 01:15:00,J-102,5,2,LOW
2024-01-11 01:15:00,J-103,3,1,LOW
2024-01-11 01:15:00,J-104,2,1,LOW
2024-01-11 01:15:00,J-105,1,1,LOW
2024-01-11 01:15:00,J-106,1,1,LOW
2024-01-11 01:15:00,J-107,0,0,LOW
2024-01-11 01:15:00,J-108,4,1,LOW
2024-01-11 01:30:00,J-101,4,1,LOW
2024-01-11 01:30:00,J-102,5,2,LOW
2024-01-11 01:30:00,J-103,3,1,LOW
2024-01-11 01:30:00,J-104,2,1,LOW
2024-01-11 01:30:00,J-105,2,2,LOW
2024-01-11 01:30:00,J-106,1,1,LOW
2024-01-11 01:30:00,J-107,0,0,LOW
2024-01-11 01:30:00,J-108,4,1,LOW
2024-01-11 01:45:00,J-101,4,1,LOW
2024-01-11 01:45:00,J-102,2,0,LOW
2024-01-11 01:45:00,J-103,1,0,LOW
2024-01-11 01:45:00,J-104,2,1,LOW
2024-01-11 01:45:00,J-105,1,1,LOW
2024-01-11 01:45:00,J-106,0,0,LOW
2024-01-11 01:45:00,J-107,0,0,LOW
2024-01-11 01:45:00,J-108,3,1,LOW
2024-01-11 02:00:00,J-101,,1,LOW
2024-01-11 02:00:00,J-102,4,1,LOW
2024-01-11 02:00:00,J-103,2,1,LOW
2024-01-11 02:00:00,J-104,2,1,LOW
2024-01-11 02:00:00,J-105,,2,LOW
2024-01-11 02:00:00,J-106,1,1,LOW
2024-01-11 02:00:00,J-107,0,0,LOW
2024-01-11 02:00:00,J-108,5,2,LOW
2024-01-11 02:15:00,J-101,5,2,LOW
2024-01-11 02:15:00,J-102,4,1,LOW
2024-01-11 02:15:00,J-103,3,1,LOW
2024-01-11 02:15:00,J-104,2,1,LOW
2024-01-11 02:15:00,J-105,1,1,LOW
2024-01-11 02:15:00,J-106,0,0,LOW
2024-01-11 02:15:00,J-107,0,0,LOW
2024-01-11 02:15:00,J-108,3,1,LOW
2024-01-11 02:30:00,J-101,4,1,LOW
2024-01-11 02:30:00,J-102,4,1,LOW
2024-01-11 02:30:00,J-103,3,1,LOW
2024-01-11 02:30:00,J-104,2,1,LOW
2024-01-11 02:30:00,J-105,1,1,LOW
2024-01-11 02:30:00,J-106,1,1,LOW
2024-01-11 02:30:00,J-107,1,2,LOW
2024-01-11 02:30:00,J-108,3,1,LOW
2024-01-11 02:45:00,J-101,4,1,LOW
2024-01-11 02:45:00,J-102,4,1,LOW
2024-01-11 02:45:00,J-103,2,1,LOW
2024-01-11 02:45:00,J-104,2,1,LOW
2024-01-11 02:45:00,J-105,1,1,LOW
2024-01-11 02:45:00,J-106,1,1,LOW
2024-01-11 02:45:00,J-107,0,0,LOW
2024-01-11 02:45:00,J-108,3,1,LOW
2024-01-11 03:00:00,J-101,4,1,LOW
2024-01-11 03:00:00,J-102,4,1,LOW
2024-01-11 03:00:00,J-103,3,1,LOW
2024-01-11 03:00:00,J-104,3,2,LOW
2024-01-11 03:00:00,J-105,1,1,LOW
2024-01-11 03:00:00,J-106,0,0,LOW
2024-01-11 03:00:00,J-107,0,0,LOW
2024-01-11 03:00:00,J-108,4,1,LOW
2024-01-11 03:15:00,J-101,4,1,LOW
2024-01-11 03:15:00,J-102,3,1,LOW
2024-01-11 03:15:00,J-103,2,1,LOW
2024-01-11 03:15:00,J-104,2,1,LOW
2024-01-11 03:15:00,J-105,1,1,LOW
2024-01-11 03:15:00,J-106,1,1,LOW
2024-01-11 03:15:00,J-107,0,0,LOW
2024-01-11 03:15:00,J-108,4,1,LOW
2024-01-11 03:30:00,J-101,4,1,LOW
2024-01-11 03:30:00,J-102,5,2,LOW
2024-01-11 03:30:00,J-103,2,1,LOW
2024-01-11 03:30:00,J-104,2,1,LOW
2024-01-11 03:30:00,J-105,1,1,LOW
2024-01-11 03:30:00,J-106,1,1,LOW
2024-01-11 03:30:00,J-107,0,0,LOW
2024-01-11 03:30:00,J-108,4,1,LOW
2024-01-11 03:45:00,J-101,4,1,LOW
2024-01-11 03:45:00,J-102,4,1,LOW
2024-01-11 03:45:00,J-103,3,1,LOW
2024-01-11 03:45:00,J-104,2,1,LOW
2024-01-11 03:45:00,J-105,1,1,LOW
2024-01-11 03:45:00,J-106,1,1,LOW
2024-01-11 03:45:00,J-107,0,0,LOW
2024-01-11 03:45:00,J-108,4,1,LOW
2024-01-11 04:00:00,J-101,4,1,LOW
2024-01-11 04:00:00,J-102,4,1,LOW
2024-01-11 04:00:00,J-103,3,1,LOW
2024-01-11 04:00:00,J-104,2,1,LOW
2024-01-11 04:00:00,J-105,1,1,LOW
2024-01-11 04:00:00,J-106,1,1,LOW
2024-01-11 04:00:00,J-107,1,2,LOW
2024-01-11 04:00:00,J-108,4,1,LOW
2024-01-11 04:15:00,J-101,5,2,LOW
2024-01-11 04:15:00,J-102,4,1,LOW
2024-01-11 04:15:00,J-103,2,1,LOW
2024-01-11 04:15:00,J-104,2,1,LOW
2024-01-11 04:15:00,J-105,1,1,LOW
2024-01-11 04:15:00,J-106,1,1,LOW
2024-01-11 04:15:00,J-107,0,0,LOW
2024-01-11 04:15:00,J-108,4,1,LOW
2024-01-11 04:30:00,J-101,3,1,LOW
2024-01-11 04:30:00,J-102,2,0,LOW
2024-01-11 04:30:00,J-103,1,0,LOW
2024-01-11 04:30:00,J-104,1,0,LOW
2024-01-11 04:30:00,J-105,1,1,LOW
2024-01-11 04:30:00,J-106,0,0,LOW
2024-01-11 04:30:00,J-107,0,0,LOW
2024-01-11 04:30:00,J-108,2,0,LOW
2024-01-11 04:45:00,J-101,5,2,LOW
2024-01-11 04:45:00,J-102,3,1,LOW
2024-01-11 04:45:00,J-103,3,1,LOW
2024-01-11 04:45:00,J-104,2,1,LOW
2024-01-11 04:45:00,J-105,2,2,LOW
2024-01-11 04:45:00,J-106,1,1,LOW
2024-01-11 04:45:00,J-107,0,0,LOW
2024-01-11 04:45:00,J-108,4,1,LOW
2024-01-11 05:00:00,J-101,5,2,LOW
2024-01-11 05:00:00,J-102,3,1,LOW
2024-01-11 05:00:00,J-103,3,1,LOW
2024-01-11 05:00:00,J-104,2,1,LOW
2024-01-11 05:00:00,J-105,1,1,LOW
2024-01-11 05:00:00,J-106,1,1,LOW
2024-01-11 05:00:00,J-107,0,0,LOW
2024-01-11 05:00:00,J-108,4,1,LOW
2024-01-11 05:15:00,J-101,30,12,LOW
2024-01-11 05:15:00,J-102,31,14,LOW
2024-01-11 05:15:00,J-103,20,13,LOW
2024-01-11 05:15:00,J-104,16,11,LOW
2024-01-11 05:15:00,J-105,10,10,LOW
2024-01-11 05:15:00,J-106,8,13,LOW
2024-01-11 05:15:00,J-107,6,13,LOW
2024-01-11 05:15:00,J-108,22,9,LOW
2024-01-11 05:30:00,J-101,24,9,LOW
2024-01-11 05:30:00,J-102,29,13,LOW
2024-01-11 05:30:00,J-103,16,10,LOW
2024-01-11 05:30:00,J-104,17,12,LOW
2024-01-11 05:30:00,J-105,12,13,LOW
2024-01-11 05:30:00,J-106,6,9,LOW
2024-01-11 05:30:00,J-107,4,8,LOW
2024-01-11 05:30:00,J-108,24,10,LOW
2024-01-11 05:45:00,J-101,35,14,LOW
2024-01-11 05:45:00,J-102,29,13,LOW
2024-01-11 05:45:00,J-103,17,11,LOW
2024-01-11 05:45:00,J-104,18,13,LOW
2024-01-11 05:45:00,J-105,10,10,LOW
2024-01-11 05:45:00,J-106,7,11,LOW
2024-01-11 05:45:00,J-107,4,8,LOW
2024-01-11 05:45:00,J-108,24,10,LOW
2024-01-11 06:00:00,J-101,22,8,LOW
2024-01-11 06:00:00,J-102,24,11,LOW
2024-01-11 06:00:00,J-103,14,9,LOW
2024-01-11 06:00:00,J-104,16,11,LOW
2024-01-11 06:00:00,J-105,11,11,LOW
2024-01-11 06:00:00,J-106,6,9,LOW
2024-01-11 06:00:00,J-107,5,10,LOW
2024-01-11 06:00:00,J-108,25,10,LOW
2024-01-11 06:15:00,J-101,28,11,LOW
2024-01-11 06:15:00,J-102,23,10,LOW
2024-01-11 06:15:00,J-103,17,11,LOW
2024-01-11 06:15:00,J-104,13,9,LOW
2024-01-11 06:15:00,J-105,10,10,LOW
2024-01-11 06:15:00,J-106,6,9,LOW
2024-01-11 06:15:00,J-107,4,8,LOW
2024-01-11 06:15:00,J-108,33,14,LOW
2024-01-11 06:30:00,J-101,30,12,LOW
2024-01-11 06:30:00,J-102,34,15,LOW
2024-01-11 06:30:00,J-103,16,10,LOW
2024-01-11 06:30:00,J-104,21,15,LOW
2024-01-11 06:30:00,J-105,13,14,LOW
2024-01-11 06:30:00,J-106,7,11,LOW
2024-01-11 06:30:00,J-107,5,10,LOW
2024-01-11 06:30:00,J-108,30,13,LOW
2024-01-11 06:45:00,J-101,33,13,LOW
2024-01-11 06:45:00,J-102,26,12,LOW
2024-01-11 06:45:00,J-103,15,9,LOW
2024-01-11 06:45:00,J-104,17,12,LOW
2024-01-11 06:45:00,J-105,12,13,LOW
2024-01-11 06:45:00,J-106,8,13,LOW
2024-01-11 06:45:00,J-107,6,13,LOW
2024-01-11 06:45:00,J-108,29,12,LOW
2024-01-11 07:00:00,J-101,33,13,LOW
2024-01-11 07:00:00,J-102,25,11,LOW
2024-01-11 07:00:00,J-103,16,10,LOW
2024-01-11 07:00:00,J-104,18,13,LOW
2024-01-11 07:00:00,J-105,12,13,LOW
2024-01-11 07:00:00,J-106,8,13,LOW
2024-01-11 07:00:00,J-107,5,,LOW
2024-01-11 07:00:00,J-108,33,14,LOW
2024-01-11 07:15:00,J-101,26,10,LOW
2024-01-11 07:15:00,J-102,25,11,LOW
2024-01-11 07:15:00,J-103,17,11,LOW
2024-01-11 07:15:00,J-104,16,11,LOW
2024-01-11 07:15:00,J-105,10,10,LOW
2024-01-11 07:15:00,J-106,6,9,LOW
2024-01-11 07:15:00,J-107,5,10,LOW
2024-01-11 07:15:00,J-108,27,11,LOW
2024-01-11 07:30:00,J-101,87,35,LOW
2024-01-11 07:30:00,J-102,70,32,LOW
2024-01-11 07:30:00,J-103,61,39,LOW
2024-01-11 07:30:00,J-104,43,31,LOW
2024-01-11 07:30:00,J-105,24,26,LOW
2024-01-11 07:30:00,J-106,16,26,LOW
2024-01-11 07:30:00,J-107,11,23,LOW
2024-01-11 07:30:00,J-108,83,35,LOW
2024-01-11 07:45:00,J-101,112,45,MODERATE
2024-01-11 07:45:00,J-102,83,38,LOW
2024-01-11 07:45:00,J-103,78,50,MODERATE
2024-01-11 07:45:00,J-104,59,42,MODERATE
2024-01-11 07:45:00,J-105,28,30,LOW
2024-01-11 07:45:00,J-106,28,45,MODERATE
2024-01-11 07:45:00,J-107,15,32,LOW
2024-01-11 07:45:00,J-108,119,51,MODERATE
2024-01-11 08:00:00,J-101,121,49,MODERATE
2024-01-11 08:00:00,J-102,97,45,MODERATE
2024-01-11 08:00:00,J-103,76,49,MODERATE
2024-01-11 08:00:00,J-104,72,52,MODERATE
2024-01-11 08:00:00,J-105,51,55,MODERATE
2024-01-11 08:00:00,J-106,31,50,MODERATE
2024-01-11 08:00:00,J-107,21,45,MODERATE
2024-01-11 08:00:00,J-108,123,53,MODERATE
2024-01-11 08:15:00,J-101,161,65,MODERATE
2024-01-11 08:15:00,J-102,131,60,MODERATE
2024-01-11 08:15:00,J-103,82,53,MODERATE
2024-01-11 08:15:00,J-104,88,63,MODERATE
2024-01-11 08:15:00,J-105,59,63,MODERATE
2024-01-11 08:15:00,J-106,33,53,MODERATE
2024-01-11 08:15:00,J-107,32,69,MODERATE
2024-01-11 08:15:00,J-108,123,53,MODERATE
2024-01-11 08:30:00,J-101,147,59,MODERATE
2024-01-11 08:30:00,J-102,108,50,MODERATE
2024-01-11 08:30:00,J-103,97,63,MODERATE
2024-01-11 08:30:00,J-104,79,57,MODERATE
2024-01-11 08:30:00,J-105,54,58,MODERATE
2024-01-11 08:30:00,J-106,38,61,MODERATE
2024-01-11 08:30:00,J-107,30,65,MODERATE
2024-01-11 08:30:00,J-108,150,65,MODERATE
2024-01-11 08:45:00,J-101,134,54,MODERATE
2024-01-11 08:45:00,J-102,130,60,MODERATE
2024-01-11 08:45:00,J-103,77,50,MODERATE
2024-01-11 08:45:00,J-104,69,49,MODERATE
2024-01-11 08:45:00,J-105,47,50,MODERATE
2024-01-11 08:45:00,J-106,39,63,MODERATE
2024-01-11 08:45:00,J-107,33,71,HIGH
2024-01-11 08:45:00,J-108,138,59,MODERATE
2024-01-11 09:00:00,J-101,142,57,MODERATE
2024-01-11 09:00:00,J-102,,58,MODERATE
2024-01-11 09:00:00,J-103,112,72,HIGH
2024-01-11 09:00:00,J-104,73,52,MODERATE
2024-01-11 09:00:00,J-105,44,47,MODERATE
2024-01-11 09:00:00,J-106,35,56,MODERATE
2024-01-11 09:00:00,J-107,33,71,HIGH
2024-01-11 09:00:00,J-108,129,55,MODERATE
2024-01-11 09:15:00,J-101,121,49,MODERATE
2024-01-11 09:15:00,J-102,125,58,MODERATE
2024-01-11 09:15:00,J-103,87,56,MODERATE
2024-01-11 09:15:00,J-104,76,54,MODERATE
2024-01-11 09:15:00,J-105,61,66,MODERATE
2024-01-11 09:15:00,J-106,28,45,MODERATE
2024-01-11 09:15:00,J-107,26,56,MODERATE
2024-01-11 09:15:00,J-108,150,65,MODERATE
2024-01-11 09:30:00,J-101,142,57,MODERATE
2024-01-11 09:30:00,J-102,106,49,MODERATE
2024-01-11 09:30:00,J-103,90,58,MODERATE
2024-01-11 09:30:00,J-104,65,46,MODERATE
2024-01-11 09:30:00,J-105,44,47,MODERATE
2024-01-11 09:30:00,J-106,33,53,MODERATE
2024-01-11 09:30:00,J-107,21,45,MODERATE
2024-01-11 09:30:00,J-108,135,58,MODERATE
2024-01-11 09:45:00,J-101,106,43,MODERATE
2024-01-11 09:45:00,J-102,80,37,LOW
2024-01-11 09:45:00,J-103,69,44,MODERATE
2024-01-11 09:45:00,J-104,51,36,LOW
2024-01-11 09:45:00,J-105,31,33,LOW
2024-01-11 09:45:00,J-106,24,39,LOW
2024-01-11 09:45:00,J-107,17,36,LOW
2024-01-11 09:45:00,J-108,100,43,MODERATE
2024-01-11 10:00:00,J-101,89,36,LOW
2024-01-11 10:00:00,J-102,58,26,LOW
2024-01-11 10:00:00,J-103,50,32,LOW
2024-01-11 10:00:00,J-104,49,35,LOW
2024-01-11 10:00:00,J-105,27,29,LOW
2024-01-11 10:00:00,J-106,17,27,LOW
2024-01-11 10:00:00,J-107,16,34,LOW
2024-01-11 10:00:00,J-108,81,35,LOW
2024-01-11 10:15:00,J-101,34,13,LOW
2024-01-11 10:15:00,J-102,27,12,LOW
2024-01-11 10:15:00,J-103,19,12,LOW
2024-01-11 10:15:00,J-104,14,10,LOW
2024-01-11 10:15:00,J-105,13,14,LOW
2024-01-11 10:15:00,J-106,8,13,LOW
2024-01-11 10:15:00,J-107,6,13,LOW
2024-01-11 10:15:00,J-108,29,12,LOW
2024-01-11 10:30:00,J-101,35,14,LOW
2024-01-11 10:30:00,J-102,26,12,LOW
2024-01-11 10:30:00,J-103,22,14,LOW
2024-01-11 10:30:00,J-104,19,13,LOW
2024-01-11 10:30:00,J-105,10,10,LOW
2024-01-11 10:30:00,J-106,8,13,LOW
2024-01-11 10:30:00,J-107,6,13,LOW
2024-01-11 10:30:00,J-108,26,11,LOW
2024-01-11 10:45:00,J-101,28,11,LOW
2024-01-11 10:45:00,J-102,24,11,LOW
2024-01-11 10:45:00,J-103,17,11,LOW
2024-01-11 10:45:00,J-104,16,11,LOW
2024-01-11 10:45:00,J-105,11,11,LOW
2024-01-11 10:45:00,J-106,6,9,LOW
2024-01-11 10:45:00,J-107,5,10,LOW
2024-01-11 10:45:00,J-108,26,11,LOW
2024-01-11 11:00:00,J-101,30,12,LOW
2024-01-11 11:00:00,J-102,30,13,LOW
2024-01-11 11:00:00,J-103,16,10,LOW
2024-01-11 11:00:00,J-104,19,13,LOW
2024-01-11 11:00:00,J-105,12,13,LOW
2024-01-11 11:00:00,J-106,8,13,LOW
2024-01-11 11:00:00,J-107,6,13,LOW
2024-01-11 11:00:00,J-108,28,12,LOW
2024-01-11 11:15:00,J-101,39,15,LOW
2024-01-11 11:15:00,J-102,31,14,LOW
2024-01-11 11:15:00,J-103,21,13,LOW
2024-01-11 11:15:00,J-104,16,11,LOW
2024-01-11 11:15:00,J-105,13,14,LOW
2024-01-11 11:15:00,J-106,8,13,LOW
2024-01-11 11:15:00,J-107,6,13,LOW
2024-01-11 11:15:00,J-108,28,12,LOW
2024-01-11 11:30:00,J-101,22,8,LOW
2024-01-11 11:30:00,J-102,17,7,LOW
2024-01-11 11:30:00,J-103,16,10,LOW
2024-01-11 11:30:00,J-104,10,7,LOW
2024-01-11 11:30:00,J-105,8,8,LOW
2024-01-11 11:30:00,J-106,5,8,LOW
2024-01-11 11:30:00,J-107,4,8,LOW
2024-01-11 11:30:00,J-108,16,6,LOW
2024-01-11 11:45:00,J-101,23,9,LOW
2024-01-11 11:45:00,J-102,26,12,LOW
2024-01-11 11:45:00,J-103,24,15,LOW
2024-01-11 11:45:00,J-104,20,14,LOW
2024-01-11 11:45:00,J-105,13,14,LOW
2024-01-11 11:45:00,J-106,8,13,LOW
2024-01-11 11:45:00,J-107,6,13,LOW
2024-01-11 11:45:00,J-108,37,16,LOW
2024-01-11 12:00:00,J-101,66,26,LOW
2024-01-11 12:00:00,J-102,46,21,LOW
2024-01-11 12:00:00,J-103,32,20,LOW
2024-01-11 12:00:00,J-104,34,24,LOW
2024-01-11 12:00:00,J-105,21,22,LOW
2024-01-11 12:00:00,J-106,14,22,LOW
2024-01-11 12:00:00,J-107,11,23,LOW
2024-01-11 12:00:00,J-108,49,21,LOW
2024-01-11 12:15:00,J-101,74,30,LOW
2024-01-11 12:15:00,J-102,61,28,LOW
2024-01-11 12:15:00,J-103,36,23,LOW
2024-01-11 12:15:00,J-104,33,23,LOW
2024-01-11 12:15:00,J-105,19,20,LOW
2024-01-11 12:15:00,J-106,17,27,LOW
2024-01-11 12:15:00,J-107,11,23,LOW
2024-01-11 12:15:00,J-108,55,23,LOW
2024-01-11 12:30:00,J-101,59,23,LOW
2024-01-11 12:30:00,J-102,55,25,LOW
2024-01-11 12:30:00,J-103,41,26,LOW
2024-01-11 12:30:00,J-104,36,26,LOW
2024-01-11 12:30:00,J-105,22,23,LOW
2024-01-11 12:30:00,J-106,14,22,LOW
2024-01-11 12:30:00,J-107,10,21,LOW
2024-01-11 12:30:00,J-108,56,24,LOW
2024-01-11 12:45:00,J-101,71,28,LOW
2024-01-11 12:45:00,J-102,42,19,LOW
2024-01-11 12:45:00,J-103,38,24,LOW
2024-01-11 12:45:00,J-104,33,23,LOW
2024-01-11 12:45:00,J-105,26,28,LOW
2024-01-11 12:45:00,J-106,17,27,LOW
2024-01-11 12:45:00,J-107,11,23,LOW
2024-01-11 12:45:00,J-108,58,25,LOW
2024-01-11 13:00:00,J-101,40,16,LOW
2024-01-11 13:00:00,J-102,35,16,LOW
2024-01-11 13:00:00,J-103,28,18,LOW
2024-01-11 13:00:00,J-104,25,18,LOW
2024-01-11 13:00:00,J-105,15,16,LOW
2024-01-11 13:00:00,J-106,12,19,LOW
2024-01-11 13:00:00,J-107,8,17,LOW
2024-01-11 13:00:00,J-108,45,19,LOW
2024-01-11 13:15:00,J-101,44,17,LOW
2024-01-11 13:15:00,J-102,52,24,LOW
2024-01-11 13:15:00,J-103,37,24,LOW
2024-01-11 13:15:00,J-104,34,24,LOW
2024-01-11 13:15:00,J-105,23,24,LOW
2024-01-11 13:15:00,J-106,13,21,LOW
2024-01-11 13:15:00,J-107,9,19,LOW
2024-01-11 13:15:00,J-108,60,26,LOW
2024-01-11 13:30:00,J-101,71,28,LOW
2024-01-11 13:30:00,J-102,49,22,LOW
2024-01-11 13:30:00,J-103,38,24,LOW
2024-01-11 13:30:00,J-104,33,23,LOW
2024-01-11 13:30:00,J-105,24,26,LOW
2024-01-11 13:30:00,J-106,14,22,LOW
2024-01-11 13:30:00,J-107,12,26,LOW
2024-01-11 13:30:00,J-108,55,23,LOW
2024-01-11 13:45:00,J-101,24,9,LOW
2024-01-11 13:45:00,J-102,33,15,LOW
2024-01-11 13:45:00,J-103,21,13,LOW
2024-01-11 13:45:00,J-104,18,13,LOW
2024-01-11 13:45:00,J-105,13,14,LOW
2024-01-11 13:45:00,J-106,7,11,LOW
2024-01-11 13:45:00,J-107,6,13,LOW
2024-01-11 13:45:00,J-108,25,10,LOW
2024-01-11 14:00:00,J-101,29,11,LOW
2024-01-11 14:00:00,J-102,21,9,LOW
2024-01-11 14:00:00,J-103,19,12,LOW
2024-01-11 14:00:00,J-104,14,10,LOW
2024-01-11 14:00:00,J-105,10,10,LOW
2024-01-11 14:00:00,J-106,5,8,LOW
2024-01-11 14:00:00,J-107,4,8,LOW
2024-01-11 14:00:00,J-108,22,9,LOW
2024-01-11 14:15:00,J-101,30,12,LOW
2024-01-11 14:15:00,J-102,24,11,LOW
2024-01-11 14:15:00,J-103,16,10,LOW
2024-01-11 14:15:00,J-104,16,11,LOW
2024-01-11 14:15:00,J-105,10,10,LOW
2024-01-11 14:15:00,J-106,8,13,LOW
2024-01-11 14:15:00,J-107,5,10,LOW
2024-01-11 14:15:00,J-108,24,10,LOW
2024-01-11 14:30:00,J-101,22,8,LOW
2024-01-11 14:30:00,J-102,18,8,LOW
2024-01-11 14:30:00,J-103,12,7,LOW
2024-01-11 14:30:00,J-104,12,8,LOW
2024-01-11 14:30:00,J-105,9,9,LOW
2024-01-11 14:30:00,J-106,5,8,LOW
2024-01-11 14:30:00,J-107,3,6,LOW
2024-01-11 14:30:00,J-108,20,8,LOW
2024-01-11 14:45:00,J-101,35,14,LOW
2024-01-11 14:45:00,J-102,29,13,LOW
2024-01-11 14:45:00,J-103,20,13,LOW
2024-01-11 14:45:00,J-104,16,11,LOW
2024-01-11 14:45:00,J-105,10,10,LOW
2024-01-11 14:45:00,J-106,7,11,LOW
2024-01-11 14:45:00,J-107,6,13,LOW
2024-01-11 14:45:00,J-108,29,12,LOW
2024-01-11 15:00:00,J-101,31,12,LOW
2024-01-11 15:00:00,J-102,26,12,LOW
2024-01-11 15:00:00,J-103,18,11,LOW
2024-01-11 15:00:00,J-104,16,11,LOW
2024-01-11 15:00:00,J-105,13,14,LOW
2024-01-11 15:00:00,J-106,7,11,LOW
2024-01-11 15:00:00,J-107,6,13,LOW
2024-01-11 15:00:00,J-108,29,12,LOW
2024-01-11 15:15:00,J-101,25,10,LOW
2024-01-11 15:15:00,J-102,24,11,LOW
2024-01-11 15:15:00,J-103,16,10,LOW
2024-01-11 15:15:00,J-104,14,10,LOW
2024-01-11 15:15:00,J-105,10,10,LOW
2024-01-11 15:15:00,J-106,6,9,LOW
2024-01-11 15:15:00,J-107,4,8,LOW
2024-01-11 15:15:00,J-108,23,9,LOW
2024-01-11 15:30:00,J-101,29,11,LOW
2024-01-11 15:30:00,J-102,26,12,LOW
2024-01-11 15:30:00,J-103,23,14,LOW
2024-01-11 15:30:00,J-104,18,13,LOW
2024-01-11 15:30:00,J-105,10,10,LOW
2024-01-11 15:30:00,J-106,7,11,LOW
2024-01-11 15:30:00,J-107,5,10,LOW
2024-01-11 15:30:00,J-108,28,12,LOW
2024-01-11 15:45:00,J-101,37,15,LOW
2024-01-11 15:45:00,J-102,21,9,LOW
2024-01-11 15:45:00,J-103,22,14,LOW
2024-01-11 15:45:00,J-104,18,13,LOW
2024-01-11 15:45:00,J-105,11,11,LOW
2024-01-11 15:45:00,J-106,7,11,LOW
2024-01-11 15:45:00,J-107,5,10,LOW
2024-01-11 15:45:00,J-108,31,13,LOW
2024-01-11 16:00:00,J-101,34,13,LOW
2024-01-11 16:00:00,J-102,20,9,LOW
2024-01-11 16:00:00,J-103,16,10,LOW
2024-01-11 16:00:00,J-104,14,10,LOW
2024-01-11 16:00:00,J-105,10,10,LOW
2024-01-11 16:00:00,J-106,7,11,LOW
2024-01-11 16:00:00,J-107,4,8,LOW
2024-01-11 16:00:00,J-108,29,12,LOW
2024-01-11 16:15:00,J-101,33,13,LOW
2024-01-11 16:15:00,J-102,21,9,LOW
2024-01-11 16:15:00,J-103,18,11,LOW
2024-01-11 16:15:00,J-104,16,11,LOW
2024-01-11 16:15:00,J-105,9,9,LOW
2024-01-11 16:15:00,J-106,6,9,LOW
2024-01-11 16:15:00,J-107,5,10,LOW
2024-01-11 16:15:00,J-108,30,13,LOW
2024-01-11 16:30:00,J-101,67,27,LOW
2024-01-11 16:30:00,J-102,70,32,LOW
2024-01-11 16:30:00,J-103,47,30,LOW
2024-01-11 16:30:00,J-104,49,35,LOW
2024-01-11 16:30:00,J-105,26,28,LOW
2024-01-11 16:30:00,J-106,18,29,LOW
2024-01-11 16:30:00,J-107,13,28,LOW
2024-01-11 16:30:00,J-108,80,34,LOW
2024-01-11 16:45:00,J-101,97,39,LOW
2024-01-11 16:45:00,J-102,68,31,LOW
2024-01-11 16:45:00,J-103,74,48,MODERATE
2024-01-11 16:45:00,J-104,53,38,LOW
2024-01-11 16:45:00,J-105,23,24,LOW
2024-01-11 16:45:00,J-106,27,43,MODERATE
2024-01-11 16:45:00,J-107,14,30,LOW
2024-01-11 16:45:00,J-108,100,43,MODERATE
2024-01-11 17:00:00,J-101,97,39,LOW
2024-01-11 17:00:00,J-102,80,37,LOW
2024-01-11 17:00:00,J-103,59,38,LOW
2024-01-11 17:00:00,J-104,61,44,MODERATE
2024-01-11 17:00:00,J-105,38,41,MODERATE
2024-01-11 17:00:00,J-106,27,43,MODERATE
2024-01-11 17:00:00,J-107,19,41,MODERATE
2024-01-11 17:00:00,J-108,95,41,MODERATE
2024-01-11 17:15:00,J-101,145,58,MODERATE
2024-01-11 17:15:00,J-102,99,45,MODERATE
2024-01-11 17:15:00,J-103,93,60,MODERATE
2024-01-11 17:15:00,J-104,71,51,MODERATE
2024-01-11 17:15:00,J-105,59,63,MODERATE
2024-01-11 17:15:00,J-106,32,52,MODERATE
2024-01-11 17:15:00,J-107,27,58,MODERATE
2024-01-11 17:15:00,J-108,141,61,MODERATE
2024-01-11 17:30:00,J-101,137,55,MODERATE
2024-01-11 17:30:00,J-102,135,62,MODERATE
2024-01-11 17:30:00,J-103,93,60,MODERATE
2024-01-11 17:30:00,J-104,113,81,HIGH
2024-01-11 17:30:00,J-105,56,60,MODERATE
2024-01-11 17:30:00,J-106,41,66,MODERATE
2024-01-11 17:30:00,J-107,26,56,MODERATE
2024-01-11 17:30:00,J-108,140,60,MODERATE
2024-01-11 17:45:00,J-101,162,65,MODERATE
2024-01-11 17:45:00,J-102,158,73,HIGH
2024-01-11 17:45:00,J-103,91,59,MODERATE
2024-01-11 17:45:00,J-104,81,58,MODERATE
2024-01-11 17:45:00,J-105,57,61,MODERATE
2024-01-11 17:45:00,J-106,34,55,MODERATE
2024-01-11 17:45:00,J-107,25,54,MODERATE
2024-01-11 17:45:00,J-108,137,59,MODERATE
2024-01-11 18:00:00,J-101,165,67,MODERATE
2024-01-11 18:00:00,J-102,128,59,MODERATE
2024-01-11 18:00:00,J-103,95,61,MODERATE
2024-01-11 18:00:00,J-104,80,57,MODERATE
2024-01-11 18:00:00,J-105,56,60,MODERATE
2024-01-11 18:00:00,J-106,36,58,MODERATE
2024-01-11 18:00:00,J-107,33,71,HIGH
2024-01-11 18:00:00,J-108,166,71,HIGH
2024-01-11 18:15:00,J-101,134,54,MODERATE
2024-01-11 18:15:00,J-102,97,45,MODERATE
2024-01-11 18:15:00,J-103,79,51,MODERATE
2024-01-11 18:15:00,J-104,85,61,MODERATE
2024-01-11 18:15:00,J-105,54,58,MODERATE
2024-01-11 18:15:00,J-106,31,50,MODERATE
2024-01-11 18:15:00,J-107,30,65,MODERATE
2024-01-11 18:15:00,J-108,101,43,MODERATE
2024-01-11 18:30:00,J-101,124,50,MODERATE
2024-01-11 18:30:00,J-102,100,46,MODERATE
2024-01-11 18:30:00,J-103,71,46,MODERATE
2024-01-11 18:30:00,J-104,63,45,MODERATE
2024-01-11 18:30:00,J-105,56,60,MODERATE
2024-01-11 18:30:00,J-106,33,53,MODERATE
2024-01-11 18:30:00,J-107,28,60,MODERATE
2024-01-11 18:30:00,J-108,93,40,MODERATE
2024-01-11 18:45:00,J-101,93,37,LOW
2024-01-11 18:45:00,J-102,124,57,MODERATE
2024-01-11 18:45:00,J-103,76,49,MODERATE
2024-01-11 18:45:00,J-104,62,44,MODERATE
2024-01-11 18:45:00,J-105,36,39,LOW
2024-01-11 18:45:00,J-106,35,56,MODERATE
2024-01-11 18:45:00,J-107,23,49,MODERATE
2024-01-11 18:45:00,J-108,122,52,MODERATE
2024-01-11 19:00:00,J-101,119,48,MODERATE
2024-01-11 19:00:00,J-102,124,57,MODERATE
2024-01-11 19:00:00,J-103,79,51,MODERATE
2024-01-11 19:00:00,J-104,62,44,MODERATE
2024-01-11 19:00:00,J-105,35,37,LOW
2024-01-11 19:00:00,J-106,28,45,MODERATE
2024-01-11 19:00:00,J-107,25,54,MODERATE
2024-01-11 19:00:00,J-108,146,63,MODERATE
2024-01-11 19:15:00,J-101,120,48,MODERATE
2024-01-11 19:15:00,J-102,102,47,MODERATE
2024-01-11 19:15:00,J-103,78,50,MODERATE
2024-01-11 19:15:00,J-104,67,48,MODERATE
2024-01-11 19:15:00,J-105,40,43,MODERATE
2024-01-11 19:15:00,J-106,27,43,MODERATE
2024-01-11 19:15:00,J-107,19,41,MODERATE
2024-01-11 19:15:00,J-108,104,45,MODERATE
2024-01-11 19:30:00,J-101,100,40,MODERATE
2024-01-11 19:30:00,J-102,95,44,MODERATE
2024-01-11 19:30:00,J-103,68,44,MODERATE
2024-01-11 19:30:00,J-104,56,40,MODERATE
2024-01-11 19:30:00,J-105,28,30,LOW
2024-01-11 19:30:00,J-106,22,35,LOW
2024-01-11 19:30:00,J-107,16,34,LOW
2024-01-11 19:30:00,J-108,76,32,LOW
2024-01-11 19:45:00,J-101,24,9,LOW
2024-01-11 19:45:00,J-102,26,12,LOW
2024-01-11 19:45:00,J-103,20,13,LOW
2024-01-11 19:45:00,J-104,16,11,LOW
2024-01-11 19:45:00,J-105,10,10,LOW
2024-01-11 19:45:00,J-106,6,9,LOW
2024-01-11 19:45:00,J-107,6,13,LOW
2024-01-11 19:45:00,J-108,30,13,LOW
2024-01-11 20:00:00,J-101,37,15,LOW
2024-01-11 20:00:00,J-102,24,11,LOW
2024-01-11 20:00:00,J-103,18,11,LOW
2024-01-11 20:00:00,J-104,16,11,LOW
2024-01-11 20:00:00,J-105,10,10,LOW
2024-01-11 20:00:00,J-106,7,11,LOW
2024-01-11 20:00:00,J-107,6,13,LOW
2024-01-11 20:00:00,J-108,32,13,LOW
2024-01-11 20:15:00,J-101,34,13,LOW
2024-01-11 20:15:00,J-102,30,13,LOW
2024-01-11 20:15:00,J-103,23,14,LOW
2024-01-11 20:15:00,J-104,,15,LOW
2024-01-11 20:15:00,J-105,9,9,LOW
2024-01-11 20:15:00,J-106,8,13,LOW
2024-01-11 20:15:00,J-107,5,10,LOW
2024-01-11 20:15:00,J-108,30,13,LOW
2024-01-11 20:30:00,J-101,32,13,LOW
2024-01-11 20:30:00,J-102,31,14,LOW
2024-01-11 20:30:00,J-103,17,11,LOW
2024-01-11 20:30:00,J-104,19,13,LOW
2024-01-11 20:30:00,J-105,13,14,LOW
2024-01-11 20:30:00,J-106,7,11,LOW
2024-01-11 20:30:00,J-107,6,13,LOW
2024-01-11 20:30:00,J-108,31,13,LOW
2024-01-11 20:45:00,J-101,34,13,LOW
2024-01-11 20:45:00,J-102,29,13,LOW
2024-01-11 20:45:00,J-103,21,13,LOW
2024-01-11 20:45:00,J-104,18,13,LOW
2024-01-11 20:45:00,J-105,9,9,LOW
2024-01-11 20:45:00,J-106,8,13,LOW
2024-01-11 20:45:00,J-107,7,15,LOW
2024-01-11 20:45:00,J-108,25,10,LOW
2024-01-11 21:00:00,J-101,35,14,LOW
2024-01-11 21:00:00,J-102,29,13,LOW
2024-01-11 21:00:00,J-103,19,12,LOW
2024-01-11 21:00:00,J-104,19,13,LOW
2024-01-11 21:00:00,J-105,12,13,LOW
2024-01-11 21:00:00,J-106,7,11,LOW
2024-01-11 21:00:00,J-107,6,13,LOW
2024-01-11 21:00:00,J-108,33,14,LOW
2024-01-11 21:15:00,J-101,25,10,LOW
2024-01-11 21:15:00,J-102,21,9,LOW
2024-01-11 21:15:00,J-103,19,12,LOW
2024-01-11 21:15:00,J-104,18,13,LOW
2024-01-11 21:15:00,J-105,10,10,LOW
2024-01-11 21:15:00,J-106,8,13,LOW
2024-01-11 21:15:00,J-107,5,10,LOW
2024-01-11 21:15:00,J-108,25,10,LOW
2024-01-11 21:30:00,J-101,15,6,LOW
2024-01-11 21:30:00,J-102,18,8,LOW
2024-01-11 21:30:00,J-103,13,8,LOW
2024-01-11 21:30:00,J-104,8,5,LOW
2024-01-11 21:30:00,J-105,7,7,LOW
2024-01-11 21:30:00,J-106,4,6,LOW
2024-01-11 21:30:00,J-107,3,6,LOW
2024-01-11 21:30:00,J-108,18,7,LOW
2024-01-11 21:45:00,J-101,30,12,LOW
2024-01-11 21:45:00,J-102,33,15,LOW
2024-01-11 21:45:00,J-103,21,13,LOW
2024-01-11 21:45:00,J-104,19,13,LOW
2024-01-11 21:45:00,J-105,10,10,LOW
2024-01-11 21:45:00,J-106,6,9,LOW
2024-01-11 21:45:00,J-107,5,10,LOW
2024-01-11 21:45:00,J-108,29,12,LOW
2024-01-11 22:00:00,J-101,38,15,LOW
2024-01-11 22:00:00,J-102,22,10,LOW
2024-01-11 22:00:00,J-103,16,10,LOW
2024-01-11 22:00:00,J-104,18,13,LOW
2024-01-11 22:00:00,J-105,9,9,LOW
2024-01-11 22:00:00,J-106,7,11,LOW
2024-01-11 22:00:00,J-107,5,10,LOW
2024-01-11 22:00:00,J-108,26,11,LOW
2024-01-11 22:15:00,J-101,22,8,LOW
2024-01-11 22:15:00,J-102,25,11,LOW
2024-01-11 22:15:00,J-103,18,11,LOW
2024-01-11 22:15:00,J-104,16,11,LOW
2024-01-11 22:15:00,J-105,11,11,LOW
2024-01-11 22:15:00,J-106,6,9,LOW
2024-01-11 22:15:00,J-107,5,10,LOW
2024-01-11 22:15:00,J-108,24,10,LOW
2024-01-11 22:30:00,J-101,33,13,LOW
2024-01-11 22:30:00,J-102,22,10,LOW
2024-01-11 22:30:00,J-103,21,13,LOW
2024-01-11 22:30:00,J-104,17,12,LOW
2024-01-11 22:30:00,J-105,12,13,LOW
2024-01-11 22:30:00,J-106,8,13,LOW
2024-01-11 22:30:00,J-107,6,13,LOW
2024-01-11 22:30:00,J-108,32,13,LOW
2024-01-11 22:45:00,J-101,18,7,LOW
2024-01-11 22:45:00,J-102,19,8,LOW
2024-01-11 22:45:00,J-103,11,7,LOW
2024-01-11 22:45:00,J-104,11,7,LOW
2024-01-11 22:45:00,J-105,7,7,LOW
2024-01-11 22:45:00,J-106,4,6,LOW
2024-01-11 22:45:00,J-107,3,6,LOW
2024-01-11 22:45:00,J-108,23,9,LOW
2024-01-11 23:00:00,J-101,20,8,LOW
2024-01-11 23:00:00,J-102,24,11,LOW
2024-01-11 23:00:00,J-103,14,9,LOW
2024-01-11 23:00:00,J-104,16,11,LOW
2024-01-11 23:00:00,J-105,10,10,LOW
2024-01-11 23:00:00,J-106,7,11,LOW
2024-01-11 23:00:00,J-107,5,10,LOW
2024-01-11 23:00:00,J-108,23,9,LOW
2024-01-11 23:15:00,J-101,26,10,LOW
2024-01-11 23:15:00,J-102,25,11,LOW
2024-01-11 23:15:00,J-103,20,13,LOW
2024-01-11 23:15:00,J-104,20,14,LOW
2024-01-11 23:15:00,J-105,11,11,LOW
2024-01-11 23:15:00,J-106,7,11,LOW
2024-01-11 23:15:00,J-107,5,10,LOW
2024-01-11 23:15:00,J-108,31,13,LOW
2024-01-11 23:30:00,J-101,31,12,LOW
2024-01-11 23:30:00,J-102,26,12,LOW
2024-01-11 23:30:00,J-103,19,12,LOW
2024-01-11 23:30:00,J-104,17,12,LOW
2024-01-11 23:30:00,J-105,11,11,LOW
2024-01-11 23:30:00,J-106,6,9,LOW
2024-01-11 23:30:00,J-107,5,10,LOW
2024-01-11 23:30:00,J-108,28,12,LOW
2024-01-11 23:45:00,J-101,34,13,LOW
2024-01-11 23:45:00,J-102,25,11,LOW
2024-01-11 23:45:00,J-103,18,11,LOW
2024-01-11 23:45:00,J-104,15,10,LOW
2024-01-11 23:45:00,J-105,13,14,LOW
2024-01-11 23:45:00,J-106,8,13,LOW
2024-01-11 23:45:00,J-107,6,13,LOW
2024-01-11 23:45:00,J-108,30,13,LOW
2024-01-12 00:00:00,J-101,31,12,LOW
2024-01-12 00:00:00,J-102,30,13,LOW
2024-01-12 00:00:00,J-103,15,9,LOW
2024-01-12 00:00:00,J-104,21,15,LOW
2024-01-12 00:00:00,J-105,10,10,LOW
2024-01-12 00:00:00,J-106,6,9,LOW
2024-01-12 00:00:00,J-107,6,13,LOW
2024-01-12 00:00:00,J-108,28,12,LOW
2024-01-12 00:15:00,J-101,29,11,LOW
2024-01-12 00:15:00,J-102,25,11,LOW
2024-01-12 00:15:00,J-103,19,12,LOW
2024-01-12 00:15:00,J-104,16,11,LOW
2024-01-12 00:15:00,J-105,13,14,LOW
2024-01-12 00:15:00,J-106,8,13,LOW
2024-01-12 00:15:00,J-107,6,13,LOW
2024-01-12 00:15:00,J-108,36,15,LOW
2024-01-12 00:30:00,J-101,34,13,LOW
2024-01-12 00:30:00,J-102,30,13,LOW
2024-01-12 00:30:00,J-103,20,13,LOW
2024-01-12 00:30:00,J-104,18,13,LOW
2024-01-12 00:30:00,J-105,14,15,LOW
2024-01-12 00:30:00,J-106,5,8,LOW
2024-01-12 00:30:00,J-107,6,13,LOW
2024-01-12 00:30:00,J-108,25,10,LOW
2024-01-12 00:45:00,J-101,29,11,LOW
2024-01-12 00:45:00,J-102,24,11,LOW
2024-01-12 00:45:00,J-103,18,11,LOW
2024-01-12 00:45:00,J-104,15,10,LOW
2024-01-12 00:45:00,J-105,12,13,LOW
2024-01-12 00:45:00,J-106,7,11,LOW
2024-01-12 00:45:00,J-107,5,10,LOW
2024-01-12 00:45:00,J-108,35,15,LOW
2024-01-12 01:00:00,J-101,4,1,LOW
2024-01-12 01:00:00,J-102,4,1,LOW
2024-01-12 01:00:00,J-103,2,1,LOW
2024-01-12 01:00:00,J-104,2,1,LOW
2024-01-12 01:00:00,J-105,1,1,LOW
2024-01-12 01:00:00,J-106,1,1,LOW
2024-01-12 01:00:00,J-107,0,0,LOW
2024-01-12 01:00:00,J-108,4,1,LOW
2024-01-12 01:15:00,J-101,3,1,LOW
2024-01-12 01:15:00,J-102,4,1,LOW
2024-01-12 01:15:00,J-103,3,1,LOW
2024-01-12 01:15:00,J-104,2,1,LOW
2024-01-12 01:15:00,J-105,1,1,LOW
2024-01-12 01:15:00,J-106,1,1,LOW
2024-01-12 01:15:00,J-107,0,0,LOW
2024-01-12 01:15:00,J-108,3,1,LOW
2024-01-12 01:30:00,J-101,3,1,LOW
2024-01-12 01:30:00,J-102,3,1,LOW
2024-01-12 01:30:00,J-103,2,1,LOW
2024-01-12 01:30:00,J-104,1,0,LOW
2024-01-12 01:30:00,J-105,1,1,LOW
2024-01-12 01:30:00,J-106,0,0,LOW
2024-01-12 01:30:00,J-107,0,0,LOW
2024-01-12 01:30:00,J-108,3,1,LOW
2024-01-12 01:45:00,J-101,4,1,LOW
2024-01-12 01:45:00,J-102,3,1,LOW
2024-01-12 01:45:00,J-103,2,1,LOW
2024-01-12 01:45:00,J-104,1,0,LOW
2024-01-12 01:45:00,J-105,1,1,LOW
2024-01-12 01:45:00,J-106,1,1,LOW
2024-01-12 01:45:00,J-107,0,0,LOW
2024-01-12 01:45:00,J-108,3,1,LOW
2024-01-12 02:00:00,J-101,3,1,LOW
2024-01-12 02:00:00,J-102,3,1,LOW
2024-01-12 02:00:00,J-103,2,1,LOW
2024-01-12 02:00:00,J-104,2,1,LOW
2024-01-12 02:00:00,J-105,1,1,LOW
2024-01-12 02:00:00,J-106,0,0,LOW
2024-01-12 02:00:00,J-107,0,0,LOW
2024-01-12 02:00:00,J-108,3,1,LOW
2024-01-12 02:15:00,J-101,4,1,LOW
2024-01-12 02:15:00,J-102,4,1,LOW
2024-01-12 02:15:00,J-103,2,1,LOW
2024-01-12 02:15:00,J-104,2,1,LOW
2024-01-12 02:15:00,J-105,1,1,LOW
2024-01-12 02:15:00,J-106,0,0,LOW
2024-01-12 02:15:00,J-107,0,0,LOW
2024-01-12 02:15:00,J-108,4,1,LOW
2024-01-12 02:30:00,J-101,4,1,LOW
2024-01-12 02:30:00,J-102,4,1,LOW
2024-01-12 02:30:00,J-103,2,1,LOW
2024-01-12 02:30:00,J-104,2,1,LOW
2024-01-12 02:30:00,J-105,1,1,LOW
2024-01-12 02:30:00,J-106,1,1,LOW
2024-01-12 02:30:00,J-107,0,0,LOW
2024-01-12 02:30:00,J-108,4,1,LOW
2024-01-12 02:45:00,J-101,5,2,LOW
2024-01-12 02:45:00,J-102,4,1,LOW
2024-01-12 02:45:00,J-103,3,1,LOW
2024-01-12 02:45:00,J-104,1,0,LOW
2024-01-12 02:45:00,J-105,2,2,LOW
2024-01-12 02:45:00,J-106,1,1,LOW
2024-01-12 02:45:00,J-107,0,0,LOW
2024-01-12 02:45:00,J-108,4,1,LOW
2024-01-12 03:00:00,J-101,4,1,LOW
2024-01-12 03:00:00,J-102,3,1,LOW
2024-01-12 03:00:00,J-103,2,1,LOW
2024-01-12 03:00:00,J-104,1,0,LOW
2024-01-12 03:00:00,J-105,1,1,LOW
2024-01-12 03:00:00,J-106,1,1,LOW
2024-01-12 03:00:00,J-107,0,0,LOW
2024-01-12 03:00:00,J-108,4,1,LOW
2024-01-12 03:15:00,J-101,3,1,LOW
2024-01-12 03:15:00,J-102,3,1,LOW
2024-01-12 03:15:00,J-103,2,1,LOW
2024-01-12 03:15:00,J-104,2,1,LOW
2024-01-12 03:15:00,J-105,1,1,LOW
2024-01-12 03:15:00,J-106,0,0,LOW
2024-01-12 03:15:00,J-107,,0,LOW
2024-01-12 03:15:00,J-108,3,1,LOW
2024-01-12 03:30:00,J-101,4,1,LOW
2024-01-12 03:30:00,J-102,4,1,LOW
2024-01-12 03:30:00,J-103,2,1,LOW
2024-01-12 03:30:00,J-104,2,1,LOW
2024-01-12 03:30:00,J-105,2,2,LOW
2024-01-12 03:30:00,J-106,1,1,LOW
2024-01-12 03:30:00,J-107,0,0,LOW
2024-01-12 03:30:00,J-108,5,2,LOW
2024-01-12 03:45:00,J-101,3,1,LOW
2024-01-12 03:45:00,J-102,3,1,LOW
2024-01-12 03:45:00,J-103,3,1,LOW
2024-01-12 03:45:00,J-104,2,1,LOW
2024-01-12 03:45:00,J-105,1,1,LOW
2024-01-12 03:45:00,J-106,1,1,LOW
2024-01-12 03:45:00,J-107,0,0,LOW
2024-01-12 03:45:00,J-108,4,1,LOW
2024-01-12 04:00:00,J-101,4,1,LOW
2024-01-12 04:00:00,J-102,3,1,LOW
2024-01-12 04:00:00,J-103,3,,LOW
2024-01-12 04:00:00,J-104,2,1,LOW
2024-01-12 04:00:00,J-105,1,1,LOW
2024-01-12 04:00:00,J-106,0,0,LOW
2024-01-12 04:00:00,J-107,0,0,LOW
2024-01-12 04:00:00,J-108,4,1,LOW
2024-01-12 04:15:00,J-101,5,2,LOW
2024-01-12 04:15:00,J-102,4,1,LOW
2024-01-12 04:15:00,J-103,3,1,LOW
2024-01-12 04:15:00,J-104,2,1,LOW
2024-01-12 04:15:00,J-105,1,1,LOW
2024-01-12 04:15:00,J-106,1,1,LOW
2024-01-12 04:15:00,J-107,0,0,LOW
2024-01-12 04:15:00,J-108,4,1,LOW
2024-01-12 04:30:00,J-101,5,2,LOW
2024-01-12 04:30:00,J-102,4,1,LOW
2024-01-12 04:30:00,J-103,2,1,LOW
2024-01-12 04:30:00,J-104,2,1,LOW
2024-01-12 04:30:00,J-105,1,1,LOW
2024-01-12 04:30:00,J-106,1,1,LOW
2024-01-12 04:30:00,J-107,0,0,LOW
2024-01-12 04:30:00,J-108,4,1,LOW
2024-01-12 04:45:00,J-101,3,1,LOW
2024-01-12 04:45:00,J-102,3,1,LOW
2024-01-12 04:45:00,J-103,2,1,LOW
2024-01-12 04:45:00,J-104,2,1,LOW
2024-01-12 04:45:00,J-105,1,1,LOW
2024-01-12 04:45:00,J-106,1,1,LOW
2024-01-12 04:45:00,J-107,0,0,LOW
2024-01-12 04:45:00,J-108,3,1,LOW
2024-01-12 05:00:00,J-101,5,2,LOW
2024-01-12 05:00:00,J-102,4,1,LOW
2024-01-12 05:00:00,J-103,3,1,LOW
2024-01-12 05:00:00,J-104,2,1,LOW
2024-01-12 05:00:00,J-105,1,1,LOW
2024-01-12 05:00:00,J-106,1,1,LOW
2024-01-12 05:00:00,J-107,0,0,LOW
2024-01-12 05:00:00,J-108,4,1,LOW
2024-01-12 05:15:00,J-101,42,17,LOW
2024-01-12 05:15:00,J-102,24,11,LOW
2024-01-12 05:15:00,J-103,14,9,LOW
2024-01-12 05:15:00,J-104,15,10,LOW
2024-01-12 05:15:00,J-105,10,10,LOW
2024-01-12 05:15:00,J-106,7,11,LOW
2024-01-12 05:15:00,J-107,6,13,LOW
2024-01-12 05:15:00,J-108,31,13,LOW
2024-01-12 05:30:00,J-101,37,15,LOW
2024-01-12 05:30:00,J-102,33,15,LOW
2024-01-12 05:30:00,J-103,23,14,LOW
2024-01-12 05:30:00,J-104,13,9,LOW
2024-01-12 05:30:00,J-105,13,14,LOW
2024-01-12 05:30:00,J-106,8,13,LOW
2024-01-12 05:30:00,J-107,6,13,LOW
2024-01-12 05:30:00,J-108,29,12,LOW
2024-01-12 05:45:00,J-101,34,13,LOW
2024-01-12 05:45:00,J-102,31,14,LOW
2024-01-12 05:45:00,J-103,17,11,LOW
2024-01-12 05:45:00,J-104,16,11,LOW
2024-01-12 05:45:00,J-105,11,11,LOW
2024-01-12 05:45:00,J-106,8,13,LOW
2024-01-12 05:45:00,J-107,6,13,LOW
2024-01-12 05:45:00,J-108,31,13,LOW
2024-01-12 06:00:00,J-101,25,10,LOW
2024-01-12 06:00:00,J-102,29,13,LOW
2024-01-12 06:00:00,J-103,24,15,LOW
2024-01-12 06:00:00,J-104,18,13,LOW
2024-01-12 06:00:00,J-105,12,13,LOW
2024-01-12 06:00:00,J-106,8,13,LOW
2024-01-12 06:00:00,J-107,5,10,LOW
2024-01-12 06:00:00,J-108,26,11,LOW
2024-01-12 06:15:00,J-101,23,9,LOW
2024-01-12 06:15:00,J-102,14,6,LOW
2024-01-12 06:15:00,J-103,14,9,LOW
2024-01-12 06:15:00,J-104,10,7,LOW
2024-01-12 06:15:00,J-105,6,6,LOW
2024-01-12 06:15:00,J-106,4,6,LOW
2024-01-12 06:15:00,J-107,3,6,LOW
2024-01-12 06:15:00,J-108,27,11,LOW
2024-01-12 06:30:00,J-101,35,14,LOW
2024-01-12 06:30:00,J-102,30,13,LOW
2024-01-12 06:30:00,J-103,18,11,LOW
2024-01-12 06:30:00,J-104,17,12,LOW
2024-01-12 06:30:00,J-105,11,11,LOW
2024-01-12 06:30:00,J-106,7,,LOW
2024-01-12 06:30:00,J-107,5,10,LOW
2024-01-12 06:30:00,J-108,22,9,LOW
2024-01-12 06:45:00,J-101,25,10,LOW
2024-01-12 06:45:00,J-102,24,11,LOW
2024-01-12 06:45:00,J-103,18,11,LOW
2024-01-12 06:45:00,J-104,14,10,LOW
2024-01-12 06:45:00,J-105,11,11,LOW
2024-01-12 06:45:00,J-106,6,9,LOW
2024-01-12 06:45:00,J-107,6,13,LOW
2024-01-12 06:45:00,J-108,19,8,LOW
2024-01-12 07:00:00,J-101,39,15,LOW
2024-01-12 07:00:00,J-102,26,12,LOW
2024-01-12 07:00:00,J-103,20,13,LOW
2024-01-12 07:00:00,J-104,17,12,LOW
2024-01-12 07:00:00,J-105,11,11,LOW
2024-01-12 07:00:00,J-106,7,11,LOW
2024-01-12 07:00:00,J-107,6,13,LOW
2024-01-12 07:00:00,J-108,30,13,LOW
2024-01-12 07:15:00,J-101,31,12,LOW
2024-01-12 07:15:00,J-102,26,12,LOW
2024-01-12 07:15:00,J-103,20,13,LOW
2024-01-12 07:15:00,J-104,18,13,LOW
2024-01-12 07:15:00,J-105,8,8,LOW
2024-01-12 07:15:00,J-106,8,13,LOW
2024-01-12 07:15:00,J-107,5,10,LOW
2024-01-12 07:15:00,J-108,25,10,LOW
2024-01-12 07:30:00,J-101,74,30,LOW
2024-01-12 07:30:00,J-102,63,29,LOW
2024-01-12 07:30:00,J-103,40,26,LOW
2024-01-12 07:30:00,J-104,46,33,LOW
2024-01-12 07:30:00,J-105,25,27,LOW
2024-01-12 07:30:00,J-106,20,32,LOW
2024-01-12 07:30:00,J-107,17,36,LOW
2024-01-12 07:30:00,J-108,77,33,LOW
2024-01-12 07:45:00,J-101,105,42,MODERATE
2024-01-12 07:45:00,J-102,52,24,LOW
2024-01-12 07:45:00,J-103,51,33,LOW
2024-01-12 07:45:00,J-104,63,45,MODERATE
2024-01-12 07:45:00,J-105,33,35,LOW
2024-01-12 07:45:00,J-106,24,39,LOW
2024-01-12 07:45:00,J-107,16,34,LOW
2024-01-12 07:45:00,J-108,74,32,LOW
2024-01-12 08:00:00,J-101,130,52,MODERATE
2024-01-12 08:00:00,J-102,87,40,MODERATE
2024-01-12 08:00:00,J-103,70,45,MODERATE
2024-01-12 08:00:00,J-104,79,57,MODERATE
2024-01-12 08:00:00,J-105,46,49,MODERATE
2024-01-12 08:00:00,J-106,33,53,MODERATE
2024-01-12 08:00:00,J-107,23,49,MODERATE
2024-01-12 08:00:00,J-108,156,67,MODERATE
2024-01-12 08:15:00,J-101,99,40,MODERATE
2024-01-12 08:15:00,J-102,100,46,MODERATE
2024-01-12 08:15:00,J-103,56,36,LOW
2024-01-12 08:15:00,J-104,54,39,LOW
2024-01-12 08:15:00,J-105,31,33,LOW
2024-01-12 08:15:00,J-106,21,34,LOW
2024-01-12 08:15:00,J-107,16,34,LOW
2024-01-12 08:15:00,J-108,61,26,LOW
2024-01-12 08:30:00,J-101,146,59,MODERATE
2024-01-12 08:30:00,J-102,109,50,MODERATE
2024-01-12 08:30:00,J-103,99,64,MODERATE
2024-01-12 08:30:00,J-104,85,61,MODERATE
2024-01-12 08:30:00,J-105,52,56,MODERATE
2024-01-12 08:30:00,J-106,34,55,MODERATE
2024-01-12 08:30:00,J-107,27,58,MODERATE
2024-01-12 08:30:00,J-108,118,51,MODERATE
2024-01-12 08:45:00,J-101,144,58,MODERATE
2024-01-12 08:45:00,J-102,135,62,MODERATE
2024-01-12 08:45:00,J-103,118,76,HIGH
2024-01-12 08:45:00,J-104,86,62,MODERATE
2024-01-12 08:45:00,J-105,58,62,MODERATE
2024-01-12 08:45:00,J-106,36,58,MODERATE
2024-01-12 08:45:00,J-107,30,65,MODERATE
2024-01-12 08:45:00,J-108,154,66,MODERATE
2024-01-12 09:00:00,J-101,105,42,MODERATE
2024-01-12 09:00:00,J-102,98,45,MODERATE
2024-01-12 09:00:00,J-103,61,39,LOW
2024-01-12 09:00:00,J-104,50,36,LOW
2024-01-12 09:00:00,J-105,38,41,MODERATE
2024-01-12 09:00:00,J-106,26,42,MODERATE
2024-01-12 09:00:00,J-107,19,41,MODERATE
2024-01-12 09:00:00,J-108,101,43,MODERATE
2024-01-12 09:15:00,J-101,131,53,MODERATE
2024-01-12 09:15:00,J-102,112,52,MODERATE
2024-01-12 09:15:00,J-103,100,65,MODERATE
2024-01-12 09:15:00,J-104,81,58,MODERATE
2024-01-12 09:15:00,J-105,47,50,MODERATE
2024-01-12 09:15:00,J-106,34,55,MODERATE
2024-01-12 09:15:00,J-107,29,62,MODERATE
2024-01-12 09:15:00,J-108,145,62,MODERATE
2024-01-12 09:30:00,J-101,138,56,MODERATE
2024-01-12 09:30:00,J-102,103,47,MODERATE
2024-01-12 09:30:00,J-103,105,68,MODERATE
2024-01-12 09:30:00,J-104,82,59,MODERATE
2024-01-12 09:30:00,J-105,55,59,MODERATE
2024-01-12 09:30:00,J-106,34,55,MODERATE
2024-01-12 09:30:00,J-107,18,39,LOW
2024-01-12 09:30:00,J-108,90,39,LOW
2024-01-12 09:45:00,J-101,92,37,LOW
2024-01-12 09:45:00,J-102,80,37,LOW
2024-01-12 09:45:00,J-103,79,51,MODERATE
2024-01-12 09:45:00,J-104,64,46,MODERATE
2024-01-12 09:45:00,J-105,37,40,MODERATE
2024-01-12 09:45:00,J-106,25,40,MODERATE
2024-01-12 09:45:00,J-107,20,43,MODERATE
2024-01-12 09:45:00,J-108,84,36,LOW
2024-01-12 10:00:00,J-101,70,28,LOW
2024-01-12 10:00:00,J-102,77,35,LOW
2024-01-12 10:00:00,J-103,52,33,LOW
2024-01-12 10:00:00,J-104,42,30,LOW
2024-01-12 10:00:00,J-105,29,31,LOW
2024-01-12 10:00:00,J-106,23,37,LOW
2024-01-12 10:00:00,J-107,12,26,LOW
2024-01-12 10:00:00,J-108,81,35,LOW
2024-01-12 10:15:00,J-101,32,13,LOW
2024-01-12 10:15:00,J-102,25,11,LOW
2024-01-12 10:15:00,J-103,18,11,LOW
2024-01-12 10:15:00,J-104,20,14,LOW
2024-01-12 10:15:00,J-105,10,10,LOW
2024-01-12 10:15:00,J-106,6,9,LOW
2024-01-12 10:15:00,J-107,5,10,LOW
2024-01-12 10:15:00,J-108,30,13,LOW
2024-01-12 10:30:00,J-101,31,12,LOW
2024-01-12 10:30:00,J-102,25,11,LOW
2024-01-12 10:30:00,J-103,24,15,LOW
2024-01-12 10:30:00,J-104,14,10,LOW
2024-01-12 10:30:00,J-105,,11,LOW
2024-01-12 10:30:00,J-106,9,14,LOW
2024-01-12 10:30:00,J-107,5,10,LOW
2024-01-12 10:30:00,J-108,28,12,LOW
2024-01-12 10:45:00,J-101,37,15,LOW
2024-01-12 10:45:00,J-102,19,8,LOW
2024-01-12 10:45:00,J-103,19,12,LOW
2024-01-12 10:45:00,J-104,17,12,LOW
2024-01-12 10:45:00,J-105,10,10,LOW
2024-01-12 10:45:00,J-106,5,8,LOW
2024-01-12 10:45:00,J-107,6,13,LOW
2024-01-12 10:45:00,J-108,32,13,LOW
2024-01-12 11:00:00,J-101,26,10,LOW
2024-01-12 11:00:00,J-102,26,12,LOW
2024-01-12 11:00:00,J-103,16,10,LOW
2024-01-12 11:00:00,J-104,22,15,LOW
2024-01-12 11:00:00,J-105,12,13,LOW
2024-01-12 11:00:00,J-106,8,13,LOW
2024-01-12 11:00:00,J-107,6,13,LOW
2024-01-12 11:00:00,J-108,28,12,LOW
2024-01-12 11:15:00,J-101,33,13,LOW
2024-01-12 11:15:00,J-102,31,14,LOW
2024-01-12 11:15:00,J-103,19,12,LOW
2024-01-12 11:15:00,J-104,19,13,LOW
2024-01-12 11:15:00,J-105,11,11,LOW
2024-01-12 11:15:00,J-106,7,11,LOW
2024-01-12 11:15:00,J-107,6,13,LOW
2024-01-12 11:15:00,J-108,34,14,LOW
2024-01-12 11:30:00,J-101,31,12,LOW
2024-01-12 11:30:00,J-102,25,11,LOW
2024-01-12 11:30:00,J-103,20,13,LOW
2024-01-12 11:30:00,J-104,17,12,LOW
2024-01-12 11:30:00,J-105,13,14,LOW
2024-01-12 11:30:00,J-106,8,13,LOW
2024-01-12 11:30:00,J-107,6,13,LOW
2024-01-12 11:30:00,J-108,29,12,LOW
2024-01-12 11:45:00,J-101,36,14,LOW
2024-01-12 11:45:00,J-102,25,11,LOW
2024-01-12 11:45:00,J-103,15,9,LOW
2024-01-12 11:45:00,J-104,19,13,LOW
2024-01-12 11:45:00,J-105,12,13,LOW
2024-01-12 11:45:00,J-106,7,11,LOW
2024-01-12 11:45:00,J-107,4,8,LOW
2024-01-12 11:45:00,J-108,33,14,LOW
2024-01-12 12:00:00,J-101,64,26,LOW
2024-01-12 12:00:00,J-102,69,32,LOW
2024-01-12 12:00:00,J-103,36,23,LOW
2024-01-12 12:00:00,J-104,38,27,LOW
2024-01-12 12:00:00,J-105,22,23,LOW
2024-01-12 12:00:00,J-106,19,30,LOW
2024-01-12 12:00:00,J-107,11,23,LOW
2024-01-12 12:00:00,J-108,62,26,LOW
2024-01-12 12:15:00,J-101,69,28,LOW
2024-01-12 12:15:00,J-102,59,27,LOW
2024-01-12 12:15:00,J-103,30,19,LOW
2024-01-12 12:15:00,J-104,28,20,LOW
2024-01-12 12:15:00,J-105,26,28,LOW
2024-01-12 12:15:00,J-106,13,21,LOW
2024-01-12 12:15:00,J-107,12,26,LOW
2024-01-12 12:15:00,J-108,51,22,LOW
2024-01-12 12:30:00,J-101,57,23,LOW
2024-01-12 12:30:00,J-102,49,22,LOW
2024-01-12 12:30:00,J-103,32,20,LOW
2024-01-12 12:30:00,J-104,46,33,LOW
2024-01-12 12:30:00,J-105,19,20,LOW
2024-01-12 12:30:00,J-106,17,27,LOW
2024-01-12 12:30:00,J-107,10,21,LOW
2024-01-12 12:30:00,J-108,66,28,LOW
2024-01-12 12:45:00,J-101,67,27,LOW
2024-01-12 12:45:00,J-102,56,26,LOW
2024-01-12 12:45:00,J-103,39,25,LOW
2024-01-12 12:45:00,J-104,47,33,LOW
2024-01-12 12:45:00,J-105,24,26,LOW
2024-01-12 12:45:00,J-106,13,21,LOW
2024-01-12 12:45:00,J-107,10,21,LOW
2024-01-12 12:45:00,J-108,74,32,LOW
2024-01-12 13:00:00,J-101,61,24,LOW
2024-01-12 13:00:00,J-102,50,23,LOW
2024-01-12 13:00:00,J-103,41,26,LOW
2024-01-12 13:00:00,J-104,30,21,LOW
2024-01-12 13:00:00,J-105,27,29,LOW
2024-01-12 13:00:00,J-106,17,27,LOW
2024-01-12 13:00:00,J-107,11,23,LOW
2024-01-12 13:00:00,J-108,48,20,LOW
2024-01-12 13:15:00,J-101,53,21,LOW
2024-01-12 13:15:00,J-102,45,20,LOW
2024-01-12 13:15:00,J-103,39,25,LOW
2024-01-12 13:15:00,J-104,29,20,LOW
2024-01-12 13:15:00,J-105,16,17,LOW
2024-01-12 13:15:00,J-106,10,16,LOW
2024-01-12 13:15:00,J-107,,19,LOW
2024-01-12 13:15:00,J-108,47,20,LOW
2024-01-12 13:30:00,J-101,59,23,LOW
2024-01-12 13:30:00,J-102,52,24,LOW
2024-01-12 13:30:00,J-103,30,19,LOW
2024-01-12 13:30:00,J-104,22,15,LOW
2024-01-12 13:30:00,J-105,20,21,LOW
2024-01-12 13:30:00,J-106,11,17,LOW
2024-01-12 13:30:00,J-107,10,21,LOW
2024-01-12 13:30:00,J-108,53,22,LOW
2024-01-12 13:45:00,J-101,28,11,LOW
2024-01-12 13:45:00,J-102,22,10,LOW
2024-01-12 13:45:00,J-103,17,11,LOW
2024-01-12 13:45:00,J-104,14,10,LOW
2024-01-12 13:45:00,J-105,8,8,LOW
2024-01-12 13:45:00,J-106,6,9,LOW
2024-01-12 13:45:00,J-107,4,8,LOW
2024-01-12 13:45:00,J-108,24,10,LOW
2024-01-12 14:00:00,J-101,32,13,LOW
2024-01-12 14:00:00,J-102,32,14,LOW
2024-01-12 14:00:00,J-103,18,11,LOW
2024-01-12 14:00:00,J-104,16,11,LOW
2024-01-12 14:00:00,J-105,12,13,LOW
2024-01-12 14:00:00,J-106,7,11,LOW
2024-01-12 14:00:00,J-107,6,13,LOW
2024-01-12 14:00:00,J-108,24,10,LOW
2024-01-12 14:15:00,J-101,32,13,LOW
2024-01-12 14:15:00,J-102,21,9,LOW
2024-01-12 14:15:00,J-103,19,12,LOW
2024-01-12 14:15:00,J-104,16,11,LOW
2024-01-12 14:15:00,J-105,11,11,LOW
2024-01-12 14:15:00,J-106,9,14,LOW
2024-01-12 14:15:00,J-107,5,10,LOW
2024-01-12 14:15:00,J-108,25,10,LOW
2024-01-12 14:30:00,J-101,30,12,LOW
2024-01-12 14:30:00,J-102,25,11,LOW
2024-01-12 14:30:00,J-103,18,11,LOW
2024-01-12 14:30:00,J-104,21,15,LOW
2024-01-12 14:30:00,J-105,13,14,LOW
2024-01-12 14:30:00,J-106,11,17,LOW
2024-01-12 14:30:00,J-107,6,13,LOW
2024-01-12 14:30:00,J-108,29,12,LOW
2024-01-12 14:45:00,J-101,34,13,LOW
2024-01-12 14:45:00,J-102,26,12,LOW
2024-01-12 14:45:00,J-103,18,11,LOW
2024-01-12 14:45:00,J-104,15,10,LOW
2024-01-12 14:45:00,J-105,9,9,LOW
2024-01-12 14:45:00,J-106,9,14,LOW
2024-01-12 14:45:00,J-107,5,10,LOW
2024-01-12 14:45:00,J-108,19,8,LOW
2024-01-12 15:00:00,J-101,28,11,LOW
2024-01-12 15:00:00,J-102,30,13,LOW
2024-01-12 15:00:00,J-103,18,11,LOW
2024-01-12 15:00:00,J-104,16,11,LOW
2024-01-12 15:00:00,J-105,10,10,LOW
2024-01-12 15:00:00,J-106,9,14,LOW
2024-01-12 15:00:00,J-107,4,8,LOW
2024-01-12 15:00:00,J-108,32,13,LOW
2024-01-12 15:15:00,J-101,30,12,LOW
2024-01-12 15:15:00,J-102,28,13,LOW
2024-01-12 15:15:00,J-103,16,10,LOW
2024-01-12 15:15:00,J-104,16,11,LOW
2024-01-12 15:15:00,J-105,12,13,LOW
2024-01-12 15:15:00,J-106,9,14,LOW
2024-01-12 15:15:00,J-107,6,13,LOW
2024-01-12 15:15:00,J-108,23,9,LOW
2024-01-12 15:30:00,J-101,38,15,LOW
2024-01-12 15:30:00,J-102,35,16,LOW
2024-01-12 15:30:00,J-103,19,12,LOW
2024-01-12 15:30:00,J-104,,14,LOW
2024-01-12 15:30:00,J-105,10,10,LOW
2024-01-12 15:30:00,J-106,9,14,LOW
2024-01-12 15:30:00,J-107,5,10,LOW
2024-01-12 15:30:00,J-108,26,11,LOW
2024-01-12 15:45:00,J-101,32,13,LOW
2024-01-12 15:45:00,J-102,25,11,LOW
2024-01-12 15:45:00,J-103,18,11,LOW
2024-01-12 15:45:00,J-104,17,12,LOW
2024-01-12 15:45:00,J-105,12,13,LOW
2024-01-12 15:45:00,J-106,7,11,LOW
2024-01-12 15:45:00,J-107,7,15,LOW
2024-01-12 15:45:00,J-108,28,12,LOW
2024-01-12 16:00:00,J-101,28,11,LOW
2024-01-12 16:00:00,J-102,28,13,LOW
2024-01-12 16:00:00,J-103,15,9,LOW
2024-01-12 16:00:00,J-104,13,9,LOW
2024-01-12 16:00:00,J-105,11,11,LOW
2024-01-12 16:00:00,J-106,7,11,LOW
2024-01-12 16:00:00,J-107,4,8,LOW
2024-01-12 16:00:00,J-108,30,13,LOW
2024-01-12 16:15:00,J-101,28,11,LOW
2024-01-12 16:15:00,J-102,21,9,LOW
2024-01-12 16:15:00,J-103,18,11,LOW
2024-01-12 16:15:00,J-104,15,10,LOW
2024-01-12 16:15:00,J-105,11,11,LOW
2024-01-12 16:15:00,J-106,7,11,LOW
2024-01-12 16:15:00,J-107,6,13,LOW
2024-01-12 16:15:00,J-108,29,12,LOW
2024-01-12 16:30:00,J-101,92,37,LOW
2024-01-12 16:30:00,J-102,84,39,LOW
2024-01-12 16:30:00,J-103,69,44,MODERATE
2024-01-12 16:30:00,J-104,46,33,LOW
2024-01-12 16:30:00,J-105,39,42,MODERATE
2024-01-12 16:30:00,J-106,27,43,MODERATE
2024-01-12 16:30:00,J-107,20,43,MODERATE
2024-01-12 16:30:00,J-108,89,38,LOW
2024-01-12 16:45:00,J-101,100,40,MODERATE
2024-01-12 16:45:00,J-102,98,45,MODERATE
2024-01-12 16:45:00,J-103,59,38,LOW
2024-01-12 16:45:00,J-104,69,49,MODERATE
2024-01-12 16:45:00,J-105,46,49,MODERATE
2024-01-12 16:45:00,J-106,32,52,MODERATE
2024-01-12 16:45:00,J-107,18,39,LOW
2024-01-12 16:45:00,J-108,109,47,MODERATE
2024-01-12 17:00:00,J-101,136,55,MODERATE
2024-01-12 17:00:00,J-102,92,42,MODERATE
2024-01-12 17:00:00,J-103,89,57,MODERATE
2024-01-12 17:00:00,J-104,75,54,MODERATE
2024-01-12 17:00:00,J-105,54,58,MODERATE
2024-01-12 17:00:00,J-106,29,47,MODERATE
2024-01-12 17:00:00,J-107,24,52,MODERATE
2024-01-12 17:00:00,J-108,112,48,MODERATE
2024-01-12 17:15:00,J-101,140,56,MODERATE
2024-01-12 17:15:00,J-102,123,57,MODERATE
2024-01-12 17:15:00,J-103,98,63,MODERATE
2024-01-12 17:15:00,J-104,81,58,MODERATE
2024-01-12 17:15:00,J-105,46,49,MODERATE
2024-01-12 17:15:00,J-106,25,40,MODERATE
2024-01-12 17:15:00,J-107,28,60,MODERATE
2024-01-12 17:15:00,J-108,113,48,MODERATE
2024-01-12 17:30:00,J-101,152,61,MODERATE
2024-01-12 17:30:00,J-102,120,55,MODERATE
2024-01-12 17:30:00,J-103,91,59,MODERATE
2024-01-12 17:30:00,J-104,104,75,HIGH
2024-01-12 17:30:00,J-105,51,55,MODERATE
2024-01-12 17:30:00,J-106,36,58,MODERATE
2024-01-12 17:30:00,J-107,32,69,MODERATE
2024-01-12 17:30:00,J-108,142,61,MODERATE
2024-01-12 17:45:00,J-101,130,52,MODERATE
2024-01-12 17:45:00,J-102,141,65,MODERATE
2024-01-12 17:45:00,J-103,100,65,MODERATE
2024-01-12 17:45:00,J-104,99,71,HIGH
2024-01-12 17:45:00,J-105,55,59,MODERATE
2024-01-12 17:45:00,J-106,32,52,MODERATE
2024-01-12 17:45:00,J-107,36,,HIGH
2024-01-12 17:45:00,J-108,170,73,HIGH
2024-01-12 18:00:00,J-101,142,57,MODERATE
2024-01-12 18:00:00,J-102,134,62,MODERATE
2024-01-12 18:00:00,J-103,96,62,MODERATE
2024-01-12 18:00:00,J-104,101,72,HIGH
2024-01-12 18:00:00,J-105,61,66,MODERATE
2024-01-12 18:00:00,J-106,41,66,MODERATE
2024-01-12 18:00:00,J-107,35,75,HIGH
2024-01-12 18:00:00,J-108,132,57,MODERATE
2024-01-12 18:15:00,J-101,90,36,LOW
2024-01-12 18:15:00,J-102,89,41,MODERATE
2024-01-12 18:15:00,J-103,59,38,LOW
2024-01-12 18:15:00,J-104,48,34,LOW
2024-01-12 18:15:00,J-105,30,32,LOW
2024-01-12 18:15:00,J-106,20,32,LOW
2024-01-12 18:15:00,J-107,20,43,MODERATE
2024-01-12 18:15:00,J-108,100,43,MODERATE
2024-01-12 18:30:00,J-101,110,44,MODERATE
2024-01-12 18:30:00,J-102,90,41,MODERATE
2024-01-12 18:30:00,J-103,57,37,LOW
2024-01-12 18:30:00,J-104,57,41,MODERATE
2024-01-12 18:30:00,J-105,32,34,LOW
2024-01-12 18:30:00,J-106,19,30,LOW
2024-01-12 18:30:00,J-107,19,41,MODERATE
2024-01-12 18:30:00,J-108,85,36,LOW
2024-01-12 18:45:00,J-101,148,60,MODERATE
2024-01-12 18:45:00,J-102,121,56,MODERATE
2024-01-12 18:45:00,J-103,81,52,MODERATE
2024-01-12 18:45:00,J-104,87,62,MODERATE
2024-01-12 18:45:00,J-105,46,49,MODERATE
2024-01-12 18:45:00,J-106,35,56,MODERATE
2024-01-12 18:45:00,J-107,21,45,MODERATE
2024-01-12 18:45:00,J-108,117,50,MODERATE
2024-01-12 19:00:00,J-101,108,43,MODERATE
2024-01-12 19:00:00,J-102,118,54,MODERATE
2024-01-12 19:00:00,J-103,77,50,MODERATE
2024-01-12 19:00:00,J-104,64,46,MODERATE
2024-01-12 19:00:00,J-105,41,44,MODERATE
2024-01-12 19:00:00,J-106,34,55,MODERATE
2024-01-12 19:00:00,J-107,25,54,MODERATE
2024-01-12 19:00:00,J-108,129,55,MODERATE
2024-01-12 19:15:00,J-101,78,31,LOW
2024-01-12 19:15:00,J-102,88,40,MODERATE
2024-01-12 19:15:00,J-103,60,39,LOW
2024-01-12 19:15:00,J-104,40,28,LOW
2024-01-12 19:15:00,J-105,40,43,MODERATE
2024-01-12 19:15:00,J-106,23,37,LOW
2024-01-12 19:15:00,J-107,19,41,MODERATE
2024-01-12 19:15:00,J-108,71,30,LOW
2024-01-12 19:30:00,J-101,56,22,LOW
2024-01-12 19:30:00,J-102,47,21,LOW
2024-01-12 19:30:00,J-103,35,22,LOW
2024-01-12 19:30:00,J-104,,27,LOW
2024-01-12 19:30:00,J-105,21,22,LOW
2024-01-12 19:30:00,J-106,16,26,LOW
2024-01-12 19:30:00,J-107,13,28,LOW
2024-01-12 19:30:00,J-108,52,22,LOW
2024-01-12 19:45:00,J-101,31,12,LOW
2024-01-12 19:45:00,J-102,23,10,LOW
2024-01-12 19:45:00,J-103,21,13,LOW
2024-01-12 19:45:00,J-104,16,11,LOW
2024-01-12 19:45:00,J-105,9,9,LOW
2024-01-12 19:45:00,J-106,7,11,LOW
2024-01-12 19:45:00,J-107,5,10,LOW
2024-01-12 19:45:00,J-108,29,12,LOW
2024-01-12 20:00:00,J-101,28,11,LOW
2024-01-12 20:00:00,J-102,21,9,LOW
2024-01-12 20:00:00,J-103,16,10,LOW
2024-01-12 20:00:00,J-104,11,7,LOW
2024-01-12 20:00:00,J-105,12,13,LOW
2024-01-12 20:00:00,J-106,7,11,LOW
2024-01-12 20:00:00,J-107,5,10,LOW
2024-01-12 20:00:00,J-108,29,12,LOW
2024-01-12 20:15:00,J-101,32,13,LOW
2024-01-12 20:15:00,J-102,24,11,LOW
2024-01-12 20:15:00,J-103,20,13,LOW
2024-01-12 20:15:00,J-104,16,11,LOW
2024-01-12 20:15:00,J-105,13,14,LOW
2024-01-12 20:15:00,J-106,7,11,LOW
2024-01-12 20:15:00,J-107,5,10,LOW
2024-01-12 20:15:00,J-108,32,13,LOW
2024-01-12 20:30:00,J-101,32,13,LOW
2024-01-12 20:30:00,J-102,30,13,LOW
2024-01-12 20:30:00,J-103,18,11,LOW
2024-01-12 20:30:00,J-104,13,9,LOW
2024-01-12 20:30:00,J-105,9,9,LOW
2024-01-12 20:30:00,J-106,8,13,LOW
2024-01-12 20:30:00,J-107,5,10,LOW
2024-01-12 20:30:00,J-108,28,12,LOW
2024-01-12 20:45:00,J-101,30,12,LOW
2024-01-12 20:45:00,J-102,25,11,LOW
2024-01-12 20:45:00,J-103,17,11,LOW
2024-01-12 20:45:00,J-104,15,10,LOW
2024-01-12 20:45:00,J-105,11,11,LOW
2024-01-12 20:45:00,J-106,7,11,LOW
2024-01-12 20:45:00,J-107,5,10,LOW
2024-01-12 20:45:00,J-108,30,13,LOW
2024-01-12 21:00:00,J-101,40,16,LOW
2024-01-12 21:00:00,J-102,29,13,LOW
2024-01-12 21:00:00,J-103,16,10,LOW
2024-01-12 21:00:00,J-104,15,10,LOW
2024-01-12 21:00:00,J-105,10,10,LOW
2024-01-12 21:00:00,J-106,7,11,LOW
2024-01-12 21:00:00,J-107,6,13,LOW
2024-01-12 21:00:00,J-108,35,15,LOW
2024-01-12 21:15:00,J-101,27,10,LOW
2024-01-12 21:15:00,J-102,22,10,LOW
2024-01-12 21:15:00,J-103,15,9,LOW
2024-01-12 21:15:00,J-104,16,11,LOW
2024-01-12 21:15:00,J-105,9,9,LOW
2024-01-12 21:15:00,J-106,6,9,LOW
2024-01-12 21:15:00,J-107,5,10,LOW
2024-01-12 21:15:00,J-108,28,12,LOW
2024-01-12 21:30:00,J-101,24,9,LOW
2024-01-12 21:30:00,J-102,25,11,LOW
2024-01-12 21:30:00,J-103,15,9,LOW
2024-01-12 21:30:00,J-104,17,12,LOW
2024-01-12 21:30:00,J-105,12,13,LOW
2024-01-12 21:30:00,J-106,6,9,LOW
2024-01-12 21:30:00,J-107,5,10,LOW
2024-01-12 21:30:00,J-108,27,11,LOW
2024-01-12 21:45:00,J-101,30,12,LOW
2024-01-12 21:45:00,J-102,25,11,LOW
2024-01-12 21:45:00,J-103,20,13,LOW
2024-01-12 21:45:00,J-104,21,15,LOW
2024-01-12 21:45:00,J-105,12,13,LOW
2024-01-12 21:45:00,J-106,8,13,LOW
2024-01-12 21:45:00,J-107,5,10,LOW
2024-01-12 21:45:00,J-108,30,13,LOW
2024-01-12 22:00:00,J-101,18,7,LOW
2024-01-12 22:00:00,J-102,19,8,LOW
2024-01-12 22:00:00,J-103,15,9,LOW
2024-01-12 22:00:00,J-104,11,7,LOW
2024-01-12 22:00:00,J-105,5,5,LOW
2024-01-12 22:00:00,J-106,5,8,LOW
2024-01-12 22:00:00,J-107,3,6,LOW
2024-01-12 22:00:00,J-108,23,9,LOW
2024-01-12 22:15:00,J-101,41,16,LOW
2024-01-12 22:15:00,J-102,28,13,LOW
2024-01-12 22:15:00,J-103,16,10,LOW
2024-01-12 22:15:00,J-104,19,13,LOW
2024-01-12 22:15:00,J-105,11,11,LOW
2024-01-12 22:15:00,J-106,7,11,LOW
2024-01-12 22:15:00,J-107,7,15,LOW
2024-01-12 22:15:00,J-108,30,13,LOW
2024-01-12 22:30:00,J-101,35,14,LOW
2024-01-12 22:30:00,J-102,23,10,LOW
2024-01-12 22:30:00,J-103,23,14,LOW
2024-01-12 22:30:00,J-104,18,13,LOW
2024-01-12 22:30:00,J-105,12,13,LOW
2024-01-12 22:30:00,J-106,10,16,LOW
2024-01-12 22:30:00,J-107,5,10,LOW
2024-01-12 22:30:00,J-108,29,12,LOW
2024-01-12 22:45:00,J-101,37,15,LOW
2024-01-12 22:45:00,J-102,28,13,LOW
2024-01-12 22:45:00,J-103,21,13,LOW
2024-01-12 22:45:00,J-104,16,11,LOW
2024-01-12 22:45:00,J-105,11,11,LOW
2024-01-12 22:45:00,J-106,7,11,LOW
2024-01-12 22:45:00,J-107,6,13,LOW
2024-01-12 22:45:00,J-108,29,12,LOW
2024-01-12 23:00:00,J-101,23,9,LOW
2024-01-12 23:00:00,J-102,23,10,LOW
2024-01-12 23:00:00,J-103,17,11,LOW
2024-01-12 23:00:00,J-104,18,13,LOW
2024-01-12 23:00:00,J-105,10,10,LOW
2024-01-12 23:00:00,J-106,8,13,LOW
2024-01-12 23:00:00,J-107,6,13,LOW
2024-01-12 23:00:00,J-108,24,10,LOW
2024-01-12 23:15:00,J-101,35,14,LOW
2024-01-12 23:15:00,J-102,31,14,LOW
2024-01-12 23:15:00,J-103,22,14,LOW
2024-01-12 23:15:00,J-104,14,10,LOW
2024-01-12 23:15:00,J-105,11,11,LOW
2024-01-12 23:15:00,J-106,7,11,LOW
2024-01-12 23:15:00,J-107,6,13,LOW
2024-01-12 23:15:00,J-108,26,11,LOW
2024-01-12 23:30:00,J-101,25,10,LOW
2024-01-12 23:30:00,J-102,21,9,LOW
2024-01-12 23:30:00,J-103,13,8,LOW
2024-01-12 23:30:00,J-104,15,10,LOW
2024-01-12 23:30:00,J-105,9,9,LOW
2024-01-12 23:30:00,J-106,6,9,LOW
2024-01-12 23:30:00,J-107,5,10,LOW
2024-01-12 23:30:00,J-108,23,9,LOW
2024-01-12 23:45:00,J-101,27,10,LOW
2024-01-12 23:45:00,J-102,23,10,LOW
2024-01-12 23:45:00,J-103,22,14,LOW
2024-01-12 23:45:00,J-104,13,9,LOW
2024-01-12 23:45:00,J-105,11,11,LOW
2024-01-12 23:45:00,J-106,9,14,LOW
2024-01-12 23:45:00,J-107,5,10,LOW
2024-01-12 23:45:00,J-108,31,13,LOW
2024-01-13 00:00:00,J-101,27,10,LOW
2024-01-13 00:00:00,J-102,26,12,LOW
2024-01-13 00:00:00,J-103,26,16,LOW
2024-01-13 00:00:00,J-104,16,11,LOW
2024-01-13 00:00:00,J-105,12,13,LOW
2024-01-13 00:00:00,J-106,9,14,LOW
2024-01-13 00:00:00,J-107,5,10,LOW
2024-01-13 00:00:00,J-108,31,13,LOW
2024-01-13 00:15:00,J-101,32,13,LOW
2024-01-13 00:15:00,J-102,29,13,LOW
2024-01-13 00:15:00,J-103,22,14,LOW
2024-01-13 00:15:00,J-104,19,13,LOW
2024-01-13 00:15:00,J-105,13,14,LOW
2024-01-13 00:15:00,J-106,8,13,LOW
2024-01-13 00:15:00,J-107,6,13,LOW
2024-01-13 00:15:00,J-108,28,12,LOW
2024-01-13 00:30:00,J-101,35,14,LOW
2024-01-13 00:30:00,J-102,32,14,LOW
2024-01-13 00:30:00,J-103,20,13,LOW
2024-01-13 00:30:00,J-104,20,14,LOW
2024-01-13 00:30:00,J-105,7,7,LOW
2024-01-13 00:30:00,J-106,8,13,LOW
2024-01-13 00:30:00,J-107,5,10,LOW
2024-01-13 00:30:00,J-108,30,13,LOW
2024-01-13 00:45:00,J-101,25,10,LOW
2024-01-13 00:45:00,J-102,27,12,LOW
2024-01-13 00:45:00,J-103,19,12,LOW
2024-01-13 00:45:00,J-104,14,10,LOW
2024-01-13 00:45:00,J-105,11,11,LOW
2024-01-13 00:45:00,J-106,8,13,LOW
2024-01-13 00:45:00,J-107,6,13,LOW
2024-01-13 00:45:00,J-108,26,11,LOW
2024-01-13 01:00:00,J-101,8,3,LOW
2024-01-13 01:00:00,J-102,6,2,LOW
2024-01-13 01:00:00,J-103,4,2,LOW
2024-01-13 01:00:00,J-104,5,3,LOW
2024-01-13 01:00:00,J-105,2,2,LOW
2024-01-13 01:00:00,J-106,1,1,LOW
2024-01-13 01:00:00,J-107,1,2,LOW
2024-01-13 01:00:00,J-108,5,2,LOW
2024-01-13 01:15:00,J-101,8,3,LOW
2024-01-13 01:15:00,J-102,6,2,LOW
2024-01-13 01:15:00,J-103,4,2,LOW
2024-01-13 01:15:00,J-104,5,3,LOW
2024-01-13 01:15:00,J-105,3,3,LOW
2024-01-13 01:15:00,J-106,1,1,LOW
2024-01-13 01:15:00,J-107,1,2,LOW
2024-01-13 01:15:00,J-108,8,3,LOW
2024-01-13 01:30:00,J-101,5,2,LOW
2024-01-13 01:30:00,J-102,5,2,LOW
2024-01-13 01:30:00,J-103,4,2,LOW
2024-01-13 01:30:00,J-104,3,2,LOW
2024-01-13 01:30:00,J-105,1,1,LOW
2024-01-13 01:30:00,J-106,1,1,LOW
2024-01-13 01:30:00,J-107,0,0,LOW
2024-01-13 01:30:00,J-108,6,2,LOW
2024-01-13 01:45:00,J-101,6,2,LOW
2024-01-13 01:45:00,J-102,6,2,LOW
2024-01-13 01:45:00,J-103,4,2,LOW
2024-01-13 01:45:00,J-104,5,3,LOW
2024-01-13 01:45:00,J-105,3,3,LOW
2024-01-13 01:45:00,J-106,1,1,LOW
2024-01-13 01:45:00,J-107,1,2,LOW
2024-01-13 01:45:00,J-108,7,3,LOW
2024-01-13 02:00:00,J-101,7,2,LOW
2024-01-13 02:00:00,J-102,6,2,LOW
2024-01-13 02:00:00,J-103,4,2,LOW
2024-01-13 02:00:00,J-104,4,2,LOW
2024-01-13 02:00:00,J-105,2,2,LOW
2024-01-13 02:00:00,J-106,1,1,LOW
2024-01-13 02:00:00,J-107,1,2,LOW
2024-01-13 02:00:00,J-108,7,3,LOW
2024-01-13 02:15:00,J-101,8,3,LOW
2024-01-13 02:15:00,J-102,7,3,LOW
2024-01-13 02:15:00,J-103,4,2,LOW
2024-01-13 02:15:00,J-104,4,2,LOW
2024-01-13 02:15:00,J-105,2,2,LOW
2024-01-13 02:15:00,J-106,1,1,LOW
2024-01-13 02:15:00,J-107,1,2,LOW
2024-01-13 02:15:00,J-108,6,2,LOW
2024-01-13 02:30:00,J-101,7,2,LOW
2024-01-13 02:30:00,J-102,6,2,LOW
2024-01-13 02:30:00,J-103,4,2,LOW
2024-01-13 02:30:00,J-104,4,2,LOW
2024-01-13 02:30:00,J-105,2,2,LOW
2024-01-13 02:30:00,J-106,1,1,LOW
2024-01-13 02:30:00,J-107,1,2,LOW
2024-01-13 02:30:00,J-108,5,2,LOW
2024-01-13 02:45:00,J-101,7,2,LOW
2024-01-13 02:45:00,J-102,5,2,LOW
2024-01-13 02:45:00,J-103,4,2,LOW
2024-01-13 02:45:00,J-104,3,2,LOW
2024-01-13 02:45:00,J-105,2,2,LOW
2024-01-13 02:45:00,J-106,1,1,LOW
2024-01-13 02:45:00,J-107,1,2,LOW
2024-01-13 02:45:00,J-108,7,3,LOW
2024-01-13 03:00:00,J-101,8,3,LOW
2024-01-13 03:00:00,J-102,6,2,LOW
2024-01-13 03:00:00,J-103,5,3,LOW
2024-01-13 03:00:00,J-104,3,2,LOW
2024-01-13 03:00:00,J-105,2,2,LOW
2024-01-13 03:00:00,J-106,1,1,LOW
2024-01-13 03:00:00,J-107,1,2,LOW
2024-01-13 03:00:00,J-108,7,3,LOW
2024-01-13 03:15:00,J-101,7,2,LOW
2024-01-13 03:15:00,J-102,8,3,LOW
2024-01-13 03:15:00,J-103,5,3,LOW
2024-01-13 03:15:00,J-104,4,2,LOW
2024-01-13 03:15:00,J-105,2,2,LOW
2024-01-13 03:15:00,J-106,1,1,LOW
2024-01-13 03:15:00,J-107,1,2,LOW
2024-01-13 03:15:00,J-108,8,3,LOW
2024-01-13 03:30:00,J-101,7,2,LOW
2024-01-13 03:30:00,J-102,5,2,LOW
2024-01-13 03:30:00,J-103,,2,LOW
2024-01-13 03:30:00,J-104,4,2,LOW
2024-01-13 03:30:00,J-105,3,3,LOW
2024-01-13 03:30:00,J-106,1,1,LOW
2024-01-13 03:30:00,J-107,1,2,LOW
2024-01-13 03:30:00,J-108,8,3,LOW
2024-01-13 03:45:00,J-101,8,3,LOW
2024-01-13 03:45:00,J-102,7,3,LOW
2024-01-13 03:45:00,J-103,4,2,LOW
2024-01-13 03:45:00,J-104,3,2,LOW
2024-01-13 03:45:00,J-105,3,3,LOW
2024-01-13 03:45:00,J-106,2,3,LOW
2024-01-13 03:45:00,J-107,1,2,LOW
2024-01-13 03:45:00,J-108,8,3,LOW
2024-01-13 04:00:00,J-101,5,2,LOW
2024-01-13 04:00:00,J-102,3,1,LOW
2024-01-13 04:00:00,J-103,3,1,LOW
2024-01-13 04:00:00,J-104,2,1,LOW
2024-01-13 04:00:00,J-105,1,1,LOW
2024-01-13 04:00:00,J-106,0,0,LOW
2024-01-13 04:00:00,J-107,0,0,LOW
2024-01-13 04:00:00,J-108,4,1,LOW
2024-01-13 04:15:00,J-101,8,3,LOW
2024-01-13 04:15:00,J-102,6,2,LOW
2024-01-13 04:15:00,J-103,4,2,LOW
2024-01-13 04:15:00,J-104,4,2,LOW
2024-01-13 04:15:00,J-105,3,3,LOW
2024-01-13 04:15:00,J-106,2,3,LOW
2024-01-13 04:15:00,J-107,1,2,LOW
2024-01-13 04:15:00,J-108,6,2,LOW
2024-01-13 04:30:00,J-101,7,2,LOW
2024-01-13 04:30:00,J-102,6,2,LOW
2024-01-13 04:30:00,J-103,4,2,LOW
2024-01-13 04:30:00,J-104,5,3,LOW
2024-01-13 04:30:00,J-105,3,3,LOW
2024-01-13 04:30:00,J-106,2,3,LOW
2024-01-13 04:30:00,J-107,1,2,LOW
2024-01-13 04:30:00,J-108,7,3,LOW
2024-01-13 04:45:00,J-101,6,2,LOW
2024-01-13 04:45:00,J-102,7,3,LOW
2024-01-13 04:45:00,J-103,3,1,LOW
2024-01-13 04:45:00,J-104,3,2,LOW
2024-01-13 04:45:00,J-105,3,3,LOW
2024-01-13 04:45:00,J-106,1,1,LOW
2024-01-13 04:45:00,J-107,1,2,LOW
2024-01-13 04:45:00,J-108,5,2,LOW
2024-01-13 05:00:00,J-101,6,2,LOW
2024-01-13 05:00:00,J-102,6,2,LOW
2024-01-13 05:00:00,J-103,4,2,LOW
2024-01-13 05:00:00,J-104,4,2,LOW
2024-01-13 05:00:00,J-105,2,2,LOW
2024-01-13 05:00:00,J-106,1,1,LOW
2024-01-13 05:00:00,J-107,1,2,LOW
2024-01-13 05:00:00,J-108,7,3,LOW
2024-01-13 05:15:00,J-101,33,13,LOW
2024-01-13 05:15:00,J-102,21,9,LOW
2024-01-13 05:15:00,J-103,18,11,LOW
2024-01-13 05:15:00,J-104,17,12,LOW
2024-01-13 05:15:00,J-105,11,11,LOW
2024-01-13 05:15:00,J-106,6,9,LOW
2024-01-13 05:15:00,J-107,5,10,LOW
2024-01-13 05:15:00,J-108,23,9,LOW
2024-01-13 05:30:00,J-101,35,14,LOW
2024-01-13 05:30:00,J-102,32,14,LOW
2024-01-13 05:30:00,J-103,21,13,LOW
2024-01-13 05:30:00,J-104,17,12,LOW
2024-01-13 05:30:00,J-105,13,14,LOW
2024-01-13 05:30:00,J-106,6,9,LOW
2024-01-13 05:30:00,J-107,5,10,LOW
2024-01-13 05:30:00,J-108,28,12,LOW
2024-01-13 05:45:00,J-101,28,11,LOW
2024-01-13 05:45:00,J-102,28,13,LOW
2024-01-13 05:45:00,J-103,20,13,LOW
2024-01-13 05:45:00,J-104,18,13,LOW
2024-01-13 05:45:00,J-105,12,13,LOW
2024-01-13 05:45:00,J-106,8,13,LOW
2024-01-13 05:45:00,J-107,6,13,LOW
2024-01-13 05:45:00,J-108,37,16,LOW
2024-01-13 06:00:00,J-101,30,12,LOW
2024-01-13 06:00:00,J-102,23,10,LOW
2024-01-13 06:00:00,J-103,17,11,LOW
2024-01-13 06:00:00,J-104,16,11,LOW
2024-01-13 06:00:00,J-105,10,10,LOW
2024-01-13 06:00:00,J-106,6,9,LOW
2024-01-13 06:00:00,J-107,3,6,LOW
2024-01-13 06:00:00,J-108,21,9,LOW
2024-01-13 06:15:00,J-101,35,14,LOW
2024-01-13 06:15:00,J-102,26,12,LOW
2024-01-13 06:15:00,J-103,21,13,LOW
2024-01-13 06:15:00,J-104,17,12,LOW
2024-01-13 06:15:00,J-105,12,13,LOW
2024-01-13 06:15:00,J-106,7,11,LOW
2024-01-13 06:15:00,J-107,5,10,LOW
2024-01-13 06:15:00,J-108,27,11,LOW
2024-01-13 06:30:00,J-101,29,11,LOW
2024-01-13 06:30:00,J-102,19,8,LOW
2024-01-13 06:30:00,J-103,17,11,LOW
2024-01-13 06:30:00,J-104,16,11,LOW
2024-01-13 06:30:00,J-105,10,10,LOW
2024-01-13 06:30:00,J-106,7,11,LOW
2024-01-13 06:30:00,J-107,5,10,LOW
2024-01-13 06:30:00,J-108,23,9,LOW
2024-01-13 06:45:00,J-101,27,10,LOW
2024-01-13 06:45:00,J-102,28,13,LOW
2024-01-13 06:45:00,J-103,16,10,LOW
2024-01-13 06:45:00,J-104,17,12,LOW
2024-01-13 06:45:00,J-105,13,14,LOW
2024-01-13 06:45:00,J-106,7,11,LOW
2024-01-13 06:45:00,J-107,5,10,LOW
2024-01-13 06:45:00,J-108,36,15,LOW
2024-01-13 07:00:00,J-101,29,11,LOW
2024-01-13 07:00:00,J-102,24,11,LOW
2024-01-13 07:00:00,J-103,18,11,LOW
2024-01-13 07:00:00,J-104,21,15,LOW
2024-01-13 07:00:00,J-105,10,10,LOW
2024-01-13 07:00:00,J-106,7,11,LOW
2024-01-13 07:00:00,J-107,6,13,LOW
2024-01-13 07:00:00,J-108,29,12,LOW
2024-01-13 07:15:00,J-101,35,14,LOW
2024-01-13 07:15:00,J-102,24,11,LOW
2024-01-13 07:15:00,J-103,20,13,LOW
2024-01-13 07:15:00,J-104,17,12,LOW
2024-01-13 07:15:00,J-105,13,14,LOW
2024-01-13 07:15:00,J-106,7,11,LOW
2024-01-13 07:15:00,J-107,6,13,LOW
2024-01-13 07:15:00,J-108,28,12,LOW
2024-01-13 07:30:00,J-101,24,9,LOW
2024-01-13 07:30:00,J-102,25,11,LOW
2024-01-13 07:30:00,J-103,18,11,LOW
2024-01-13 07:30:00,J-104,13,9,LOW
2024-01-13 07:30:00,J-105,,8,LOW
2024-01-13 07:30:00,J-106,5,8,LOW
2024-01-13 07:30:00,J-107,4,8,LOW
2024-01-13 07:30:00,J-108,25,10,LOW
2024-01-13 07:45:00,J-101,29,11,LOW
2024-01-13 07:45:00,J-102,30,13,LOW
2024-01-13 07:45:00,J-103,20,13,LOW
2024-01-13 07:45:00,J-104,16,11,LOW
2024-01-13 07:45:00,J-105,10,10,LOW
2024-01-13 07:45:00,J-106,8,13,LOW
2024-01-13 07:45:00,J-107,5,10,LOW
2024-01-13 07:45:00,J-108,28,12,LOW
2024-01-13 08:00:00,J-101,25,10,LOW
2024-01-13 08:00:00,J-102,24,11,LOW
2024-01-13 08:00:00,J-103,16,10,LOW
2024-01-13 08:00:00,J-104,12,8,LOW
2024-01-13 08:00:00,J-105,10,10,LOW
2024-01-13 08:00:00,J-106,6,9,LOW
2024-01-13 08:00:00,J-107,4,8,LOW
2024-01-13 08:00:00,J-108,26,11,LOW
2024-01-13 08:15:00,J-101,25,10,LOW
2024-01-13 08:15:00,J-102,28,13,LOW
2024-01-13 08:15:00,J-103,20,13,LOW
2024-01-13 08:15:00,J-104,18,13,LOW
2024-01-13 08:15:00,J-105,10,10,LOW
2024-01-13 08:15:00,J-106,7,11,LOW
2024-01-13 08:15:00,J-107,7,15,LOW
2024-01-13 08:15:00,J-108,34,14,LOW
2024-01-13 08:30:00,J-101,35,14,LOW
2024-01-13 08:30:00,J-102,29,13,LOW
2024-01-13 08:30:00,J-103,21,13,LOW
2024-01-13 08:30:00,J-104,17,12,LOW
2024-01-13 08:30:00,J-105,8,8,LOW
2024-01-13 08:30:00,J-106,9,14,LOW
2024-01-13 08:30:00,J-107,6,13,LOW
2024-01-13 08:30:00,J-108,29,12,LOW
2024-01-13 08:45:00,J-101,18,7,LOW
2024-01-13 08:45:00,J-102,15,6,LOW
2024-01-13 08:45:00,J-103,12,7,LOW
2024-01-13 08:45:00,J-104,10,7,LOW
2024-01-13 08:45:00,J-105,6,6,LOW
2024-01-13 08:45:00,J-106,5,8,LOW
2024-01-13 08:45:00,J-107,3,6,LOW
2024-01-13 08:45:00,J-108,19,8,LOW
2024-01-13 09:00:00,J-101,25,10,LOW
2024-01-13 09:00:00,J-102,29,13,LOW
2024-01-13 09:00:00,J-103,16,10,LOW
2024-01-13 09:00:00,J-104,15,10,LOW
2024-01-13 09:00:00,J-105,12,13,LOW
2024-01-13 09:00:00,J-106,7,11,LOW
2024-01-13 09:00:00,J-107,5,10,LOW
2024-01-13 09:00:00,J-108,29,12,LOW
2024-01-13 09:15:00,J-101,34,13,LOW
2024-01-13 09:15:00,J-102,28,13,LOW
2024-01-13 09:15:00,J-103,18,11,LOW
2024-01-13 09:15:00,J-104,17,12,LOW
2024-01-13 09:15:00,J-105,9,9,LOW
2024-01-13 09:15:00,J-106,7,11,LOW
2024-01-13 09:15:00,J-107,5,10,LOW
2024-01-13 09:15:00,J-108,29,12,LOW
2024-01-13 09:30:00,J-101,28,11,LOW
2024-01-13 09:30:00,J-102,22,10,LOW
2024-01-13 09:30:00,J-103,19,12,LOW
2024-01-13 09:30:00,J-104,16,11,LOW
2024-01-13 09:30:00,J-105,12,13,LOW
2024-01-13 09:30:00,J-106,8,13,LOW
2024-01-13 09:30:00,J-107,,10,LOW
2024-01-13 09:30:00,J-108,23,9,LOW
2024-01-13 09:45:00,J-101,33,13,LOW
2024-01-13 09:45:00,J-102,26,12,LOW
2024-01-13 09:45:00,J-103,23,14,LOW
2024-01-13 09:45:00,J-104,20,14,LOW
2024-01-13 09:45:00,J-105,8,8,LOW
2024-01-13 09:45:00,J-106,8,13,LOW
2024-01-13 09:45:00,J-107,5,10,LOW
2024-01-13 09:45:00,J-108,28,12,LOW
2024-01-13 10:00:00,J-101,98,39,LOW
2024-01-13 10:00:00,J-102,74,34,LOW
2024-01-13 10:00:00,J-103,59,38,LOW
2024-01-13 10:00:00,J-104,45,32,LOW
2024-01-13 10:00:00,J-105,30,32,LOW
2024-01-13 10:00:00,J-106,25,40,MODERATE
2024-01-13 10:00:00,J-107,20,43,MODERATE
2024-01-13 10:00:00,J-108,85,36,LOW
2024-01-13 10:15:00,J-101,92,37,LOW
2024-01-13 10:15:00,J-102,67,31,LOW
2024-01-13 10:15:00,J-103,66,42,MODERATE
2024-01-13 10:15:00,J-104,58,41,MODERATE
2024-01-13 10:15:00,J-105,36,39,LOW
2024-01-13 10:15:00,J-106,21,34,LOW
2024-01-13 10:15:00,J-107,20,43,MODERATE
2024-01-13 10:15:00,J-108,75,32,LOW
2024-01-13 10:30:00,J-101,81,32,LOW
2024-01-13 10:30:00,J-102,63,29,LOW
2024-01-13 10:30:00,J-103,34,22,LOW
2024-01-13 10:30:00,J-104,38,27,LOW
2024-01-13 10:30:00,J-105,30,32,LOW
2024-01-13 10:30:00,J-106,15,24,LOW
2024-01-13 10:30:00,J-107,16,34,LOW
2024-01-13 10:30:00,J-108,49,21,LOW
2024-01-13 10:45:00,J-101,113,45,MODERATE
2024-01-13 10:45:00,J-102,97,45,MODERATE
2024-01-13 10:45:00,J-103,77,50,MODERATE
2024-01-13 10:45:00,J-104,54,39,LOW
2024-01-13 10:45:00,J-105,36,39,LOW
2024-01-13 10:45:00,J-106,21,34,LOW
2024-01-13 10:45:00,J-107,22,47,MODERATE
2024-01-13 10:45:00,J-108,91,39,LOW
2024-01-13 11:00:00,J-101,127,51,MODERATE
2024-01-13 11:00:00,J-102,110,51,MODERATE
2024-01-13 11:00:00,J-103,65,42,MODERATE
2024-01-13 11:00:00,J-104,41,29,LOW
2024-01-13 11:00:00,J-105,39,42,MODERATE
2024-01-13 11:00:00,J-106,26,42,MODERATE
2024-01-13 11:00:00,J-107,21,45,MODERATE
2024-01-13 11:00:00,J-108,116,50,MODERATE
2024-01-13 11:15:00,J-101,107,43,MODERATE
2024-01-13 11:15:00,J-102,107,49,MODERATE
2024-01-13 11:15:00,J-103,72,46,MODERATE
2024-01-13 11:15:00,J-104,79,57,MODERATE
2024-01-13 11:15:00,J-105,34,36,LOW
2024-01-13 11:15:00,J-106,24,39,LOW
2024-01-13 11:15:00,J-107,19,41,MODERATE
2024-01-13 11:15:00,J-108,114,49,MODERATE
2024-01-13 11:30:00,J-101,128,52,MODERATE
2024-01-13 11:30:00,J-102,85,39,LOW
2024-01-13 11:30:00,J-103,71,46,MODERATE
2024-01-13 11:30:00,J-104,58,41,MODERATE
2024-01-13 11:30:00,J-105,37,40,MODERATE
2024-01-13 11:30:00,J-106,23,37,LOW
2024-01-13 11:30:00,J-107,23,49,MODERATE
2024-01-13 11:30:00,J-108,111,48,MODERATE
2024-01-13 11:45:00,J-101,134,54,MODERATE
2024-01-13 11:45:00,J-102,91,42,MODERATE
2024-01-13 11:45:00,J-103,70,45,MODERATE
2024-01-13 11:45:00,J-104,63,45,MODERATE
2024-01-13 11:45:00,J-105,44,47,MODERATE
2024-01-13 11:45:00,J-106,31,50,MODERATE
2024-01-13 11:45:00,J-107,25,54,MODERATE
2024-01-13 11:45:00,J-108,111,48,MODERATE
2024-01-13 12:00:00,J-101,134,54,MODERATE
2024-01-13 12:00:00,J-102,107,49,MODERATE
2024-01-13 12:00:00,J-103,83,53,MODERATE
2024-01-13 12:00:00,J-104,71,51,MODERATE
2024-01-13 12:00:00,J-105,38,41,MODERATE
2024-01-13 12:00:00,J-106,34,55,MODERATE
2024-01-13 12:00:00,J-107,26,56,MODERATE
2024-01-13 12:00:00,J-108,106,45,MODERATE
2024-01-13 12:15:00,J-101,121,49,MODERATE
2024-01-13 12:15:00,J-102,117,54,MODERATE
2024-01-13 12:15:00,J-103,88,57,MODERATE
2024-01-13 12:15:00,J-104,74,53,MODERATE
2024-01-13 12:15:00,J-105,49,53,MODERATE
2024-01-13 12:15:00,J-106,33,53,MODERATE
2024-01-13 12:15:00,J-107,23,49,MODERATE
2024-01-13 12:15:00,J-108,121,52,MODERATE
2024-01-13 12:30:00,J-101,130,52,MODERATE
2024-01-13 12:30:00,J-102,94,43,MODERATE
2024-01-13 12:30:00,J-103,82,53,MODERATE
2024-01-13 12:30:00,J-104,67,48,MODERATE
2024-01-13 12:30:00,J-105,43,46,MODERATE
2024-01-13 12:30:00,J-106,25,40,MODERATE
2024-01-13 12:30:00,J-107,20,43,MODERATE
2024-01-13 12:30:00,J-108,104,45,MODERATE
2024-01-13 12:45:00,J-101,129,52,MODERATE
2024-01-13 12:45:00,J-102,110,51,MODERATE
2024-01-13 12:45:00,J-103,74,48,MODERATE
2024-01-13 12:45:00,J-104,54,39,LOW
2024-01-13 12:45:00,J-105,57,61,MODERATE
2024-01-13 12:45:00,J-106,32,52,MODERATE
2024-01-13 12:45:00,J-107,23,49,MODERATE
2024-01-13 12:45:00,J-108,106,45,MODERATE
2024-01-13 13:00:00,J-101,108,43,MODERATE
2024-01-13 13:00:00,J-102,89,41,MODERATE
2024-01-13 13:00:00,J-103,72,46,MODERATE
2024-01-13 13:00:00,J-104,66,47,MODERATE
2024-01-13 13:00:00,J-105,36,39,LOW
2024-01-13 13:00:00,J-106,27,43,MODERATE
2024-01-13 13:00:00,J-107,22,47,MODERATE
2024-01-13 13:00:00,J-108,114,49,MODERATE
2024-01-13 13:15:00,J-101,89,36,LOW
2024-01-13 13:15:00,J-102,87,40,MODERATE
2024-01-13 13:15:00,J-103,66,42,MODERATE
2024-01-13 13:15:00,J-104,52,37,LOW
2024-01-13 13:15:00,J-105,38,41,MODERATE
2024-01-13 13:15:00,J-106,23,37,LOW
2024-01-13 13:15:00,J-107,16,34,LOW
2024-01-13 13:15:00,J-108,107,46,MODERATE
2024-01-13 13:30:00,J-101,87,35,LOW
2024-01-13 13:30:00,J-102,87,40,MODERATE
2024-01-13 13:30:00,J-103,61,39,LOW
2024-01-13 13:30:00,J-104,62,44,MODERATE
2024-01-13 13:30:00,J-105,43,46,MODERATE
2024-01-13 13:30:00,J-106,25,40,MODERATE
2024-01-13 13:30:00,J-107,21,45,MODERATE
2024-01-13 13:30:00,J-108,106,45,MODERATE
2024-01-13 13:45:00,J-101,100,40,MODERATE
2024-01-13 13:45:00,J-102,86,39,LOW
2024-01-13 13:45:00,J-103,62,40,MODERATE
2024-01-13 13:45:00,J-104,50,36,LOW
2024-01-13 13:45:00,J-105,39,42,MODERATE
2024-01-13 13:45:00,J-106,26,42,MODERATE
2024-01-13 13:45:00,J-107,20,43,MODERATE
2024-01-13 13:45:00,J-108,92,39,LOW
2024-01-13 14:00:00,J-101,100,40,MODERATE
2024-01-13 14:00:00,J-102,80,37,LOW
2024-01-13 14:00:00,J-103,47,30,LOW
2024-01-13 14:00:00,J-104,54,39,LOW
2024-01-13 14:00:00,J-105,27,29,LOW
2024-01-13 14:00:00,J-106,18,29,LOW
2024-01-13 14:00:00,J-107,15,32,LOW
2024-01-13 14:00:00,J-108,83,35,LOW
2024-01-13 14:15:00,J-101,35,14,LOW
2024-01-13 14:15:00,J-102,29,13,LOW
2024-01-13 14:15:00,J-103,16,10,LOW
2024-01-13 14:15:00,J-104,15,10,LOW
2024-01-13 14:15:00,J-105,10,10,LOW
2024-01-13 14:15:00,J-106,7,11,LOW
2024-01-13 14:15:00,J-107,4,8,LOW
2024-01-13 14:15:00,J-108,33,14,LOW
2024-01-13 14:30:00,J-101,27,10,LOW
2024-01-13 14:30:00,J-102,26,12,LOW
2024-01-13 14:30:00,J-103,21,13,LOW
2024-01-13 14:30:00,J-104,15,10,LOW
2024-01-13 14:30:00,J-105,12,13,LOW
2024-01-13 14:30:00,J-106,9,14,LOW
2024-01-13 14:30:00,J-107,5,10,LOW
2024-01-13 14:30:00,J-108,30,13,LOW
2024-01-13 14:45:00,J-101,22,8,LOW
2024-01-13 14:45:00,J-102,21,9,LOW
2024-01-13 14:45:00,J-103,14,9,LOW
2024-01-13 14:45:00,J-104,12,8,LOW
2024-01-13 14:45:00,J-105,8,8,LOW
2024-01-13 14:45:00,J-106,5,8,LOW
2024-01-13 14:45:00,J-107,5,10,LOW
2024-01-13 14:45:00,J-108,20,8,LOW
2024-01-13 15:00:00,J-101,24,9,LOW
2024-01-13 15:00:00,J-102,24,11,LOW
2024-01-13 15:00:00,J-103,15,9,LOW
2024-01-13 15:00:00,J-104,18,13,LOW
2024-01-13 15:00:00,J-105,11,11,LOW
2024-01-13 15:00:00,J-106,7,11,LOW
2024-01-13 15:00:00,J-107,6,13,LOW
2024-01-13 15:00:00,J-108,29,12,LOW
2024-01-13 15:15:00,J-101,31,12,LOW
2024-01-13 15:15:00,J-102,25,11,LOW
2024-01-13 15:15:00,J-103,19,12,LOW
2024-01-13 15:15:00,J-104,15,10,LOW
2024-01-13 15:15:00,J-105,10,10,LOW
2024-01-13 15:15:00,J-106,7,11,LOW
2024-01-13 15:15:00,J-107,6,13,LOW
2024-01-13 15:15:00,J-108,31,13,LOW
2024-01-13 15:30:00,J-101,35,14,LOW
2024-01-13 15:30:00,J-102,29,13,LOW
2024-01-13 15:30:00,J-103,16,10,LOW
2024-01-13 15:30:00,J-104,19,13,LOW
2024-01-13 15:30:00,J-105,10,10,LOW
2024-01-13 15:30:00,J-106,8,13,LOW
2024-01-13 15:30:00,J-107,6,13,LOW
2024-01-13 15:30:00,J-108,27,11,LOW
2024-01-13 15:45:00,J-101,33,13,LOW
2024-01-13 15:45:00,J-102,26,12,LOW
2024-01-13 15:45:00,J-103,17,11,LOW
2024-01-13 15:45:00,J-104,18,13,LOW
2024-01-13 15:45:00,J-105,11,11,LOW
2024-01-13 15:45:00,J-106,8,13,LOW
2024-01-13 15:45:00,J-107,5,10,LOW
2024-01-13 15:45:00,J-108,28,12,LOW
2024-01-13 16:00:00,J-101,74,30,LOW
2024-01-13 16:00:00,J-102,70,32,LOW
2024-01-13 16:00:00,J-103,46,29,LOW
2024-01-13 16:00:00,J-104,29,20,LOW
2024-01-13 16:00:00,J-105,25,27,LOW
2024-01-13 16:00:00,J-106,17,27,LOW
2024-01-13 16:00:00,J-107,14,30,LOW
2024-01-13 16:00:00,J-108,83,35,LOW
2024-01-13 16:15:00,J-101,96,39,LOW
2024-01-13 16:15:00,J-102,79,36,LOW
2024-01-13 16:15:00,J-103,55,35,LOW
2024-01-13 16:15:00,J-104,36,26,LOW
2024-01-13 16:15:00,J-105,35,37,LOW
2024-01-13 16:15:00,J-106,19,30,LOW
2024-01-13 16:15:00,J-107,11,23,LOW
2024-01-13 16:15:00,J-108,71,30,LOW
2024-01-13 16:30:00,J-101,60,24,LOW
2024-01-13 16:30:00,J-102,85,39,LOW
2024-01-13 16:30:00,J-103,57,37,LOW
2024-01-13 16:30:00,J-104,53,38,LOW
2024-01-13 16:30:00,J-105,29,31,LOW
2024-01-13 16:30:00,J-106,24,39,LOW
2024-01-13 16:30:00,J-107,13,28,LOW
2024-01-13 16:30:00,J-108,86,37,LOW
2024-01-13 16:45:00,J-101,,38,LOW
2024-01-13 16:45:00,J-102,70,32,LOW
2024-01-13 16:45:00,J-103,73,47,MODERATE
2024-01-13 16:45:00,J-104,61,44,MODERATE
2024-01-13 16:45:00,J-105,35,37,LOW
2024-01-13 16:45:00,J-106,23,37,LOW
2024-01-13 16:45:00,J-107,15,32,LOW
2024-01-13 16:45:00,J-108,67,29,LOW
2024-01-13 17:00:00,J-101,86,34,LOW
2024-01-13 17:00:00,J-102,70,32,LOW
2024-01-13 17:00:00,J-103,65,42,MODERATE
2024-01-13 17:00:00,J-104,39,28,LOW
2024-01-13 17:00:00,J-105,38,41,MODERATE
2024-01-13 17:00:00,J-106,22,35,LOW
2024-01-13 17:00:00,J-107,13,28,LOW
2024-01-13 17:00:00,J-108,87,37,LOW
2024-01-13 17:15:00,J-101,106,43,MODERATE
2024-01-13 17:15:00,J-102,81,37,LOW
2024-01-13 17:15:00,J-103,61,39,LOW
2024-01-13 17:15:00,J-104,65,46,MODERATE
2024-01-13 17:15:00,J-105,32,34,LOW
2024-01-13 17:15:00,J-106,21,34,LOW
2024-01-13 17:15:00,J-107,21,45,MODERATE
2024-01-13 17:15:00,J-108,97,42,MODERATE
2024-01-13 17:30:00,J-101,115,46,MODERATE
2024-01-13 17:30:00,J-102,85,39,LOW
2024-01-13 17:30:00,J-103,62,40,MODERATE
2024-01-13 17:30:00,J-104,63,45,MODERATE
2024-01-13 17:30:00,J-105,34,36,LOW
2024-01-13 17:30:00,J-106,30,48,MODERATE
2024-01-13 17:30:00,J-107,16,34,LOW
2024-01-13 17:30:00,J-108,89,38,LOW
2024-01-13 17:45:00,J-101,98,39,LOW
2024-01-13 17:45:00,J-102,100,46,MODERATE
2024-01-13 17:45:00,J-103,62,40,MODERATE
2024-01-13 17:45:00,J-104,53,38,LOW
2024-01-13 17:45:00,J-105,37,40,MODERATE
2024-01-13 17:45:00,J-106,24,39,LOW
2024-01-13 17:45:00,J-107,19,41,MODERATE
2024-01-13 17:45:00,J-108,84,36,LOW
2024-01-13 18:00:00,J-101,86,34,LOW
2024-01-13 18:00:00,J-102,87,40,MODERATE
2024-01-13 18:00:00,J-103,63,40,MODERATE
2024-01-13 18:00:00,J-104,65,46,MODERATE
2024-01-13 18:00:00,J-105,37,40,MODERATE
2024-01-13 18:00:00,J-106,26,42,MODERATE
2024-01-13 18:00:00,J-107,20,43,MODERATE
2024-01-13 18:00:00,J-108,83,35,LOW
2024-01-13 18:15:00,J-101,88,35,LOW
2024-01-13 18:15:00,J-102,69,32,LOW
2024-01-13 18:15:00,J-103,53,34,LOW
2024-01-13 18:15:00,J-104,49,35,LOW
2024-01-13 18:15:00,J-105,24,26,LOW
2024-01-13 18:15:00,J-106,26,42,MODERATE
2024-01-13 18:15:00,J-107,16,34,LOW
2024-01-13 18:15:00,J-108,88,38,LOW
2024-01-13 18:30:00,J-101,91,36,LOW
2024-01-13 18:30:00,J-102,108,50,MODERATE
2024-01-13 18:30:00,J-103,64,41,MODERATE
2024-01-13 18:30:00,J-104,56,40,MODERATE
2024-01-13 18:30:00,J-105,38,41,MODERATE
2024-01-13 18:30:00,J-106,26,42,MODERATE
2024-01-13 18:30:00,J-107,17,36,LOW
2024-01-13 18:30:00,J-108,112,48,MODERATE
2024-01-13 18:45:00,J-101,99,40,MODERATE
2024-01-13 18:45:00,J-102,87,40,MODERATE
2024-01-13 18:45:00,J-103,60,39,LOW
2024-01-13 18:45:00,J-104,56,40,MODERATE
2024-01-13 18:45:00,J-105,32,34,LOW
2024-01-13 18:45:00,J-106,23,37,LOW
2024-01-13 18:45:00,J-107,17,36,LOW
2024-01-13 18:45:00,J-108,100,43,MODERATE
2024-01-13 19:00:00,J-101,83,33,LOW
2024-01-13 19:00:00,J-102,76,35,LOW
2024-01-13 19:00:00,J-103,55,35,LOW
2024-01-13 19:00:00,J-104,50,36,LOW
2024-01-13 19:00:00,J-105,34,36,LOW
2024-01-13 19:00:00,J-106,24,39,LOW
2024-01-13 19:00:00,J-107,16,34,LOW
2024-01-13 19:00:00,J-108,83,35,LOW
2024-01-13 19:15:00,J-101,62,25,LOW
2024-01-13 19:15:00,J-102,62,28,LOW
2024-01-13 19:15:00,J-103,34,22,LOW
2024-01-13 19:15:00,J-104,37,26,LOW
2024-01-13 19:15:00,J-105,25,27,LOW
2024-01-13 19:15:00,J-106,15,24,LOW
2024-01-13 19:15:00,J-107,13,28,LOW
2024-01-13 19:15:00,J-108,58,25,LOW
2024-01-13 19:30:00,J-101,78,31,LOW
2024-01-13 19:30:00,J-102,54,25,LOW
2024-01-13 19:30:00,J-103,38,24,LOW
2024-01-13 19:30:00,J-104,34,24,LOW
2024-01-13 19:30:00,J-105,23,24,LOW
2024-01-13 19:30:00,J-106,15,24,LOW
2024-01-13 19:30:00,J-107,13,28,LOW
2024-01-13 19:30:00,J-108,62,26,LOW
2024-01-13 19:45:00,J-101,69,28,LOW
2024-01-13 19:45:00,J-102,63,29,LOW
2024-01-13 19:45:00,J-103,52,33,LOW
2024-01-13 19:45:00,J-104,48,34,LOW
2024-01-13 19:45:00,J-105,30,32,LOW
2024-01-13 19:45:00,J-106,22,35,LOW
2024-01-13 19:45:00,J-107,16,34,LOW
2024-01-13 19:45:00,J-108,61,26,LOW
2024-01-13 20:00:00,J-101,44,17,LOW
2024-01-13 20:00:00,J-102,38,17,LOW
2024-01-13 20:00:00,J-103,31,20,LOW
2024-01-13 20:00:00,J-104,27,19,LOW
2024-01-13 20:00:00,J-105,21,22,LOW
2024-01-13 20:00:00,J-106,9,14,LOW
2024-01-13 20:00:00,J-107,9,19,LOW
2024-01-13 20:00:00,J-108,43,18,LOW
2024-01-13 20:15:00,J-101,29,11,LOW
2024-01-13 20:15:00,J-102,24,11,LOW
2024-01-13 20:15:00,J-103,21,13,LOW
2024-01-13 20:15:00,J-104,15,10,LOW
2024-01-13 20:15:00,J-105,10,10,LOW
2024-01-13 20:15:00,J-106,6,9,LOW
2024-01-13 20:15:00,J-107,4,8,LOW
2024-01-13 20:15:00,J-108,29,12,LOW
2024-01-13 20:30:00,J-101,15,6,LOW
2024-01-13 20:30:00,J-102,14,6,LOW
2024-01-13 20:30:00,J-103,10,6,LOW
2024-01-13 20:30:00,J-104,11,7,LOW
2024-01-13 20:30:00,J-105,7,7,LOW
2024-01-13 20:30:00,J-106,4,6,LOW
2024-01-13 20:30:00,J-107,3,6,LOW
2024-01-13 20:30:00,J-108,15,6,LOW
2024-01-13 20:45:00,J-101,26,10,LOW
2024-01-13 20:45:00,J-102,31,14,LOW
2024-01-13 20:45:00,J-103,22,14,LOW
2024-01-13 20:45:00,J-104,14,10,LOW
2024-01-13 20:45:00,J-105,10,10,LOW
2024-01-13 20:45:00,J-106,8,13,LOW
2024-01-13 20:45:00,J-107,5,10,LOW
2024-01-13 20:45:00,J-108,26,11,LOW
2024-01-13 21:00:00,J-101,29,11,LOW
2024-01-13 21:00:00,J-102,31,14,LOW
2024-01-13 21:00:00,J-103,16,10,LOW
2024-01-13 21:00:00,J-104,19,13,LOW
2024-01-13 21:00:00,J-105,10,10,LOW
2024-01-13 21:00:00,J-106,8,13,LOW
2024-01-13 21:00:00,J-107,6,13,LOW
2024-01-13 21:00:00,J-108,33,14,LOW
2024-01-13 21:15:00,J-101,29,11,LOW
2024-01-13 21:15:00,J-102,26,12,LOW
2024-01-13 21:15:00,J-103,21,13,LOW
2024-01-13 21:15:00,J-104,16,11,LOW
2024-01-13 21:15:00,J-105,13,14,LOW
2024-01-13 21:15:00,J-106,6,9,LOW
2024-01-13 21:15:00,J-107,5,10,LOW
2024-01-13 21:15:00,J-108,23,9,LOW
2024-01-13 21:30:00,J-101,26,10,LOW
2024-01-13 21:30:00,J-102,17,7,LOW
2024-01-13 21:30:00,J-103,13,8,LOW
2024-01-13 21:30:00,J-104,15,10,LOW
2024-01-13 21:30:00,J-105,7,7,LOW
2024-01-13 21:30:00,J-106,5,8,LOW
2024-01-13 21:30:00,J-107,3,6,LOW
2024-01-13 21:30:00,J-108,19,8,LOW
2024-01-13 21:45:00,J-101,28,11,LOW
2024-01-13 21:45:00,J-102,31,14,LOW
2024-01-13 21:45:00,J-103,22,14,LOW
2024-01-13 21:45:00,J-104,13,9,LOW
2024-01-13 21:45:00,J-105,12,13,LOW
2024-01-13 21:45:00,J-106,7,11,LOW
2024-01-13 21:45:00,J-107,6,13,LOW
2024-01-13 21:45:00,J-108,27,11,LOW
2024-01-13 22:00:00,J-101,38,15,LOW
2024-01-13 22:00:00,J-102,27,12,LOW
2024-01-13 22:00:00,J-103,20,13,LOW
2024-01-13 22:00:00,J-104,20,14,LOW
2024-01-13 22:00:00,J-105,13,14,LOW
2024-01-13 22:00:00,J-106,9,14,LOW
2024-01-13 22:00:00,J-107,6,13,LOW
2024-01-13 22:00:00,J-108,25,10,LOW
2024-01-13 22:15:00,J-101,22,8,LOW
2024-01-13 22:15:00,J-102,26,12,LOW
2024-01-13 22:15:00,J-103,21,13,LOW
2024-01-13 22:15:00,J-104,18,13,LOW
2024-01-13 22:15:00,J-105,13,14,LOW
2024-01-13 22:15:00,J-106,8,13,LOW
2024-01-13 22:15:00,J-107,5,10,LOW
2024-01-13 22:15:00,J-108,28,12,LOW
2024-01-13 22:30:00,J-101,,11,LOW
2024-01-13 22:30:00,J-102,26,12,LOW
2024-01-13 22:30:00,J-103,18,11,LOW
2024-01-13 22:30:00,J-104,18,13,LOW
2024-01-13 22:30:00,J-105,10,10,LOW
2024-01-13 22:30:00,J-106,7,11,LOW
2024-01-13 22:30:00,J-107,5,10,LOW
2024-01-13 22:30:00,J-108,31,13,LOW
2024-01-13 22:45:00,J-101,32,13,LOW
2024-01-13 22:45:00,J-102,32,14,LOW
2024-01-13 22:45:00,J-103,19,12,LOW
2024-01-13 22:45:00,J-104,19,13,LOW
2024-01-13 22:45:00,J-105,10,10,LOW
2024-01-13 22:45:00,J-106,8,13,LOW
2024-01-13 22:45:00,J-107,5,10,LOW
2024-01-13 22:45:00,J-108,31,13,LOW
2024-01-13 23:00:00,J-101,23,9,LOW
2024-01-13 23:00:00,J-102,28,13,LOW
2024-01-13 23:00:00,J-103,17,11,LOW
2024-01-13 23:00:00,J-104,15,10,LOW
2024-01-13 23:00:00,J-105,9,9,LOW
2024-01-13 23:00:00,J-106,7,11,LOW
2024-01-13 23:00:00,J-107,5,10,LOW
2024-01-13 23:00:00,J-108,30,13,LOW
2024-01-13 23:15:00,J-101,27,10,LOW
2024-01-13 23:15:00,J-102,18,8,LOW
2024-01-13 23:15:00,J-103,15,9,LOW
2024-01-13 23:15:00,J-104,16,11,LOW
2024-01-13 23:15:00,J-105,10,10,LOW
2024-01-13 23:15:00,J-106,6,9,LOW
2024-01-13 23:15:00,J-107,4,8,LOW
2024-01-13 23:15:00,J-108,18,7,LOW
2024-01-13 23:30:00,J-101,22,8,LOW
2024-01-13 23:30:00,J-102,21,9,LOW
2024-01-13 23:30:00,J-103,13,8,LOW
2024-01-13 23:30:00,J-104,12,8,LOW
2024-01-13 23:30:00,J-105,7,7,LOW
2024-01-13 23:30:00,J-106,5,8,LOW
2024-01-13 23:30:00,J-107,3,6,LOW
2024-01-13 23:30:00,J-108,19,8,LOW
2024-01-13 23:45:00,J-101,27,10,LOW
2024-01-13 23:45:00,J-102,21,9,LOW
2024-01-13 23:45:00,J-103,23,14,LOW
2024-01-13 23:45:00,J-104,17,12,LOW
2024-01-13 23:45:00,J-105,11,11,LOW
2024-01-13 23:45:00,J-106,6,9,LOW
2024-01-13 23:45:00,J-107,5,10,LOW
2024-01-13 23:45:00,J-108,29,12,LOW
2024-01-14 00:00:00,J-101,37,15,LOW
2024-01-14 00:00:00,J-102,23,10,LOW
2024-01-14 00:00:00,J-103,17,11,LOW
2024-01-14 00:00:00,J-104,17,12,LOW
2024-01-14 00:00:00,J-105,11,11,LOW
2024-01-14 00:00:00,J-106,9,14,LOW
2024-01-14 00:00:00,J-107,6,13,LOW
2024-01-14 00:00:00,J-108,30,13,LOW
2024-01-14 00:15:00,J-101,31,12,LOW
2024-01-14 00:15:00,J-102,27,12,LOW
2024-01-14 00:15:00,J-103,14,9,LOW
2024-01-14 00:15:00,J-104,15,10,LOW
2024-01-14 00:15:00,J-105,12,13,LOW
2024-01-14 00:15:00,J-106,6,9,LOW
2024-01-14 00:15:00,J-107,5,10,LOW
2024-01-14 00:15:00,J-108,28,12,LOW
2024-01-14 00:30:00,J-101,32,13,LOW
2024-01-14 00:30:00,J-102,27,12,LOW
2024-01-14 00:30:00,J-103,15,9,LOW
2024-01-14 00:30:00,J-104,19,13,LOW
2024-01-14 00:30:00,J-105,10,10,LOW
2024-01-14 00:30:00,J-106,8,13,LOW
2024-01-14 00:30:00,J-107,5,10,LOW
2024-01-14 00:30:00,J-108,27,11,LOW
2024-01-14 00:45:00,J-101,31,12,LOW
2024-01-14 00:45:00,J-102,29,13,LOW
2024-01-14 00:45:00,J-103,18,11,LOW
2024-01-14 00:45:00,J-104,16,11,LOW
2024-01-14 00:45:00,J-105,11,11,LOW
2024-01-14 00:45:00,J-106,7,11,LOW
2024-01-14 00:45:00,J-107,5,10,LOW
2024-01-14 00:45:00,J-108,32,13,LOW
2024-01-14 01:00:00,J-101,8,3,LOW
2024-01-14 01:00:00,J-102,7,3,LOW
2024-01-14 01:00:00,J-103,4,2,LOW
2024-01-14 01:00:00,J-104,5,3,LOW
2024-01-14 01:00:00,J-105,2,2,LOW
2024-01-14 01:00:00,J-106,2,3,LOW
2024-01-14 01:00:00,J-107,1,2,LOW
2024-01-14 01:00:00,J-108,8,3,LOW
2024-01-14 01:15:00,J-101,8,3,LOW
2024-01-14 01:15:00,J-102,6,2,LOW
2024-01-14 01:15:00,J-103,4,2,LOW
2024-01-14 01:15:00,J-104,3,2,LOW
2024-01-14 01:15:00,J-105,3,3,LOW
2024-01-14 01:15:00,J-106,1,1,LOW
2024-01-14 01:15:00,J-107,1,2,LOW
2024-01-14 01:15:00,J-108,7,3,LOW
2024-01-14 01:30:00,J-101,8,3,LOW
2024-01-14 01:30:00,J-102,5,2,LOW
2024-01-14 01:30:00,J-103,4,2,LOW
2024-01-14 01:30:00,J-104,4,2,LOW
2024-01-14 01:30:00,J-105,2,2,LOW
2024-01-14 01:30:00,J-106,2,3,LOW
2024-01-14 01:30:00,J-107,1,2,LOW
2024-01-14 01:30:00,J-108,8,3,LOW
2024-01-14 01:45:00,J-101,7,2,LOW
2024-01-14 01:45:00,J-102,4,1,LOW
2024-01-14 01:45:00,J-103,4,2,LOW
2024-01-14 01:45:00,J-104,3,2,LOW
2024-01-14 01:45:00,J-105,2,2,LOW
2024-01-14 01:45:00,J-106,1,1,LOW
2024-01-14 01:45:00,J-107,1,2,LOW
2024-01-14 01:45:00,J-108,6,2,LOW
2024-01-14 02:00:00,J-101,6,2,LOW
2024-01-14 02:00:00,J-102,,2,LOW
2024-01-14 02:00:00,J-103,4,2,LOW
2024-01-14 02:00:00,J-104,3,2,LOW
2024-01-14 02:00:00,J-105,2,2,LOW
2024-01-14 02:00:00,J-106,1,1,LOW
2024-01-14 02:00:00,J-107,1,2,LOW
2024-01-14 02:00:00,J-108,6,2,LOW
2024-01-14 02:15:00,J-101,8,3,LOW
2024-01-14 02:15:00,J-102,5,2,LOW
2024-01-14 02:15:00,J-103,3,1,LOW
2024-01-14 02:15:00,J-104,4,2,LOW
2024-01-14 02:15:00,J-105,2,2,LOW
2024-01-14 02:15:00,J-106,1,1,LOW
2024-01-14 02:15:00,J-107,1,2,LOW
2024-01-14 02:15:00,J-108,6,2,LOW
2024-01-14 02:30:00,J-101,8,3,LOW
2024-01-14 02:30:00,J-102,6,2,LOW
2024-01-14 02:30:00,J-103,5,3,LOW
2024-01-14 02:30:00,J-104,4,2,LOW
2024-01-14 02:30:00,J-105,2,2,LOW
2024-01-14 02:30:00,J-106,1,1,LOW
2024-01-14 02:30:00,J-107,1,2,LOW
2024-01-14 02:30:00,J-108,5,2,LOW
2024-01-14 02:45:00,J-101,8,3,LOW
2024-01-14 02:45:00,J-102,6,2,LOW
2024-01-14 02:45:00,J-103,5,3,LOW
2024-01-14 02:45:00,J-104,4,2,LOW
2024-01-14 02:45:00,J-105,2,2,LOW
2024-01-14 02:45:00,J-106,2,3,LOW
2024-01-14 02:45:00,J-107,1,2,LOW
2024-01-14 02:45:00,J-108,8,3,LOW
2024-01-14 03:00:00,J-101,7,2,LOW
2024-01-14 03:00:00,J-102,6,2,LOW
2024-01-14 03:00:00,J-103,3,1,LOW
2024-01-14 03:00:00,J-104,3,2,LOW
2024-01-14 03:00:00,J-105,2,2,LOW
2024-01-14 03:00:00,J-106,1,1,LOW
2024-01-14 03:00:00,J-107,1,2,LOW
2024-01-14 03:00:00,J-108,6,2,LOW
2024-01-14 03:15:00,J-101,6,2,LOW
2024-01-14 03:15:00,J-102,4,1,LOW
2024-01-14 03:15:00,J-103,4,2,LOW
2024-01-14 03:15:00,J-104,4,2,LOW
2024-01-14 03:15:00,J-105,2,2,LOW
2024-01-14 03:15:00,J-106,1,1,LOW
2024-01-14 03:15:00,J-107,1,2,LOW
2024-01-14 03:15:00,J-108,6,2,LOW
2024-01-14 03:30:00,J-101,8,3,LOW
2024-01-14 03:30:00,J-102,5,2,LOW
2024-01-14 03:30:00,J-103,5,3,LOW
2024-01-14 03:30:00,J-104,3,2,LOW
2024-01-14 03:30:00,J-105,3,3,LOW
2024-01-14 03:30:00,J-106,1,1,LOW
2024-01-14 03:30:00,J-107,1,2,LOW
2024-01-14 03:30:00,J-108,6,2,LOW
2024-01-14 03:45:00,J-101,4,1,LOW
2024-01-14 03:45:00,J-102,3,1,LOW
2024-01-14 03:45:00,J-103,3,1,LOW
2024-01-14 03:45:00,J-104,3,2,LOW
2024-01-14 03:45:00,J-105,1,1,LOW
2024-01-14 03:45:00,J-106,1,1,LOW
2024-01-14 03:45:00,J-107,0,0,LOW
2024-01-14 03:45:00,J-108,4,1,LOW
2024-01-14 04:00:00,J-101,7,2,LOW
2024-01-14 04:00:00,J-102,6,2,LOW
2024-01-14 04:00:00,J-103,4,2,LOW
2024-01-14 04:00:00,J-104,3,2,LOW
2024-01-14 04:00:00,J-105,2,2,LOW
2024-01-14 04:00:00,J-106,1,1,LOW
2024-01-14 04:00:00,J-107,1,2,LOW
2024-01-14 04:00:00,J-108,6,2,LOW
2024-01-14 04:15:00,J-101,9,3,LOW
2024-01-14 04:15:00,J-102,8,3,LOW
2024-01-14 04:15:00,J-103,4,2,LOW
2024-01-14 04:15:00,J-104,4,2,LOW
2024-01-14 04:15:00,J-105,3,3,LOW
2024-01-14 04:15:00,J-106,1,1,LOW
2024-01-14 04:15:00,J-107,1,2,LOW
2024-01-14 04:15:00,J-108,6,2,LOW
2024-01-14 04:30:00,J-101,8,3,LOW
2024-01-14 04:30:00,J-102,7,3,LOW
2024-01-14 04:30:00,J-103,5,3,LOW
2024-01-14 04:30:00,J-104,4,2,LOW
2024-01-14 04:30:00,J-105,2,2,LOW
2024-01-14 04:30:00,J-106,2,3,LOW
2024-01-14 04:30:00,J-107,1,2,LOW
2024-01-14 04:30:00,J-108,7,3,LOW
2024-01-14 04:45:00,J-101,7,2,LOW
2024-01-14 04:45:00,J-102,7,3,LOW
2024-01-14 04:45:00,J-103,5,3,LOW
2024-01-14 04:45:00,J-104,4,2,LOW
2024-01-14 04:45:00,J-105,3,3,LOW
2024-01-14 04:45:00,J-106,2,3,LOW
2024-01-14 04:45:00,J-107,1,2,LOW
2024-01-14 04:45:00,J-108,6,2,LOW
2024-01-14 05:00:00,J-101,8,3,LOW
2024-01-14 05:00:00,J-102,7,3,LOW
2024-01-14 05:00:00,J-103,4,2,LOW
2024-01-14 05:00:00,J-104,4,2,LOW
2024-01-14 05:00:00,J-105,2,2,LOW
2024-01-14 05:00:00,J-106,1,1,LOW
2024-01-14 05:00:00,J-107,1,2,LOW
2024-01-14 05:00:00,J-108,8,3,LOW
2024-01-14 05:15:00,J-101,,12,LOW
2024-01-14 05:15:00,J-102,29,13,LOW
2024-01-14 05:15:00,J-103,19,12,LOW
2024-01-14 05:15:00,J-104,13,9,LOW
2024-01-14 05:15:00,J-105,11,11,LOW
2024-01-14 05:15:00,J-106,8,13,LOW
2024-01-14 05:15:00,J-107,5,10,LOW
2024-01-14 05:15:00,J-108,28,12,LOW
2024-01-14 05:30:00,J-101,32,13,LOW
2024-01-14 05:30:00,J-102,24,11,LOW
2024-01-14 05:30:00,J-103,15,9,LOW
2024-01-14 05:30:00,J-104,19,13,LOW
2024-01-14 05:30:00,J-105,10,10,LOW
2024-01-14 05:30:00,J-106,8,13,LOW
2024-01-14 05:30:00,J-107,6,13,LOW
2024-01-14 05:30:00,J-108,25,10,LOW
2024-01-14 05:45:00,J-101,30,12,LOW
2024-01-14 05:45:00,J-102,26,12,LOW
2024-01-14 05:45:00,J-103,19,12,LOW
2024-01-14 05:45:00,J-104,19,13,LOW
2024-01-14 05:45:00,J-105,11,11,LOW
2024-01-14 05:45:00,J-106,6,9,LOW
2024-01-14 05:45:00,J-107,6,13,LOW
2024-01-14 05:45:00,J-108,20,8,LOW
2024-01-14 06:00:00,J-101,28,11,LOW
2024-01-14 06:00:00,J-102,24,11,LOW
2024-01-14 06:00:00,J-103,18,11,LOW
2024-01-14 06:00:00,J-104,18,13,LOW
2024-01-14 06:00:00,J-105,9,9,LOW
2024-01-14 06:00:00,J-106,6,9,LOW
2024-01-14 06:00:00,J-107,4,8,LOW
2024-01-14 06:00:00,J-108,18,7,LOW
2024-01-14 06:15:00,J-101,32,13,LOW
2024-01-14 06:15:00,J-102,26,12,LOW
2024-01-14 06:15:00,J-103,23,14,LOW
2024-01-14 06:15:00,J-104,16,11,LOW
2024-01-14 06:15:00,J-105,10,10,LOW
2024-01-14 06:15:00,J-106,6,9,LOW
2024-01-14 06:15:00,J-107,6,13,LOW
2024-01-14 06:15:00,J-108,25,10,LOW
2024-01-14 06:30:00,J-101,30,12,LOW
2024-01-14 06:30:00,J-102,32,14,LOW
2024-01-14 06:30:00,J-103,21,13,LOW
2024-01-14 06:30:00,J-104,18,13,LOW
2024-01-14 06:30:00,J-105,11,11,LOW
2024-01-14 06:30:00,J-106,7,11,LOW
2024-01-14 06:30:00,J-107,7,15,LOW
2024-01-14 06:30:00,J-108,26,11,LOW
2024-01-14 06:45:00,J-101,28,11,LOW
2024-01-14 06:45:00,J-102,25,11,LOW
2024-01-14 06:45:00,J-103,22,14,LOW
2024-01-14 06:45:00,J-104,17,12,LOW
2024-01-14 06:45:00,J-105,8,8,LOW
2024-01-14 06:45:00,J-106,8,13,LOW
2024-01-14 06:45:00,J-107,5,10,LOW
2024-01-14 06:45:00,J-108,34,14,LOW
2024-01-14 07:00:00,J-101,39,15,LOW
2024-01-14 07:00:00,J-102,26,12,LOW
2024-01-14 07:00:00,J-103,19,12,LOW
2024-01-14 07:00:00,J-104,16,11,LOW
2024-01-14 07:00:00,J-105,9,9,LOW
2024-01-14 07:00:00,J-106,8,13,LOW
2024-01-14 07:00:00,J-107,5,10,LOW
2024-01-14 07:00:00,J-108,33,14,LOW
2024-01-14 07:15:00,J-101,17,6,LOW
2024-01-14 07:15:00,J-102,23,10,LOW
2024-01-14 07:15:00,J-103,14,9,LOW
2024-01-14 07:15:00,J-104,12,8,LOW
2024-01-14 07:15:00,J-105,8,8,LOW
2024-01-14 07:15:00,J-106,6,9,LOW
2024-01-14 07:15:00,J-107,4,8,LOW
2024-01-14 07:15:00,J-108,17,7,LOW
2024-01-14 07:30:00,J-101,25,10,LOW
2024-01-14 07:30:00,J-102,25,11,LOW
2024-01-14 07:30:00,J-103,21,13,LOW
2024-01-14 07:30:00,J-104,17,12,LOW
2024-01-14 07:30:00,J-105,13,14,LOW
2024-01-14 07:30:00,J-106,7,11,LOW
2024-01-14 07:30:00,J-107,6,13,LOW
2024-01-14 07:30:00,J-108,23,9,LOW
2024-01-14 07:45:00,J-101,27,10,LOW
2024-01-14 07:45:00,J-102,19,8,LOW
2024-01-14 07:45:00,J-103,18,11,LOW
2024-01-14 07:45:00,J-104,15,10,LOW
2024-01-14 07:45:00,J-105,11,11,LOW
2024-01-14 07:45:00,J-106,4,6,LOW
2024-01-14 07:45:00,J-107,4,8,LOW
2024-01-14 07:45:00,J-108,27,11,LOW
2024-01-14 08:00:00,J-101,30,12,LOW
2024-01-14 08:00:00,J-102,27,12,LOW
2024-01-14 08:00:00,J-103,18,11,LOW
2024-01-14 08:00:00,J-104,18,13,LOW
2024-01-14 08:00:00,J-105,11,11,LOW
2024-01-14 08:00:00,J-106,8,13,LOW
2024-01-14 08:00:00,J-107,6,13,LOW
2024-01-14 08:00:00,J-108,27,11,LOW
2024-01-14 08:15:00,J-101,29,11,LOW
2024-01-14 08:15:00,J-102,26,12,LOW
2024-01-14 08:15:00,J-103,20,13,LOW
2024-01-14 08:15:00,J-104,17,12,LOW
2024-01-14 08:15:00,J-105,12,13,LOW
2024-01-14 08:15:00,J-106,5,8,LOW
2024-01-14 08:15:00,J-107,4,8,LOW
2024-01-14 08:15:00,J-108,25,10,LOW
2024-01-14 08:30:00,J-101,22,8,LOW
2024-01-14 08:30:00,J-102,26,12,LOW
2024-01-14 08:30:00,J-103,17,11,LOW
2024-01-14 08:30:00,J-104,13,9,LOW
2024-01-14 08:30:00,J-105,8,8,LOW
2024-01-14 08:30:00,J-106,5,8,LOW
2024-01-14 08:30:00,J-107,5,10,LOW
2024-01-14 08:30:00,J-108,23,9,LOW
2024-01-14 08:45:00,J-101,31,12,LOW
2024-01-14 08:45:00,J-102,29,13,LOW
2024-01-14 08:45:00,J-103,23,14,LOW
2024-01-14 08:45:00,J-104,20,14,LOW
2024-01-14 08:45:00,J-105,10,10,LOW
2024-01-14 08:45:00,J-106,9,14,LOW
2024-01-14 08:45:00,J-107,5,10,LOW
2024-01-14 08:45:00,J-108,33,14,LOW
2024-01-14 09:00:00,J-101,38,15,LOW
2024-01-14 09:00:00,J-102,23,10,LOW
2024-01-14 09:00:00,J-103,22,14,LOW
2024-01-14 09:00:00,J-104,14,10,LOW
2024-01-14 09:00:00,J-105,14,15,LOW
2024-01-14 09:00:00,J-106,6,9,LOW
2024-01-14 09:00:00,J-107,6,13,LOW
2024-01-14 09:00:00,J-108,30,13,LOW
2024-01-14 09:15:00,J-101,23,9,LOW
2024-01-14 09:15:00,J-102,28,13,LOW
2024-01-14 09:15:00,J-103,19,12,LOW
2024-01-14 09:15:00,J-104,17,12,LOW
2024-01-14 09:15:00,J-105,8,8,LOW
2024-01-14 09:15:00,J-106,7,11,LOW
2024-01-14 09:15:00,J-107,5,10,LOW
2024-01-14 09:15:00,J-108,23,9,LOW
2024-01-14 09:30:00,J-101,33,13,LOW
2024-01-14 09:30:00,J-102,27,12,LOW
2024-01-14 09:30:00,J-103,19,12,LOW
2024-01-14 09:30:00,J-104,22,15,LOW
2024-01-14 09:30:00,J-105,14,15,LOW
2024-01-14 09:30:00,J-106,8,13,LOW
2024-01-14 09:30:00,J-107,6,13,LOW
2024-01-14 09:30:00,J-108,29,12,LOW
2024-01-14 09:45:00,J-101,36,14,LOW
2024-01-14 09:45:00,J-102,29,13,LOW
2024-01-14 09:45:00,J-103,15,9,LOW
2024-01-14 09:45:00,J-104,19,13,LOW
2024-01-14 09:45:00,J-105,8,8,LOW
2024-01-14 09:45:00,J-106,8,13,LOW
2024-01-14 09:45:00,J-107,5,10,LOW
2024-01-14 09:45:00,J-108,25,10,LOW
2024-01-14 10:00:00,J-101,81,32,LOW
2024-01-14 10:00:00,J-102,99,45,MODERATE
2024-01-14 10:00:00,J-103,57,37,LOW
2024-01-14 10:00:00,J-104,51,36,LOW
2024-01-14 10:00:00,J-105,33,35,LOW
2024-01-14 10:00:00,J-106,23,37,LOW
2024-01-14 10:00:00,J-107,19,41,MODERATE
2024-01-14 10:00:00,J-108,95,41,MODERATE
2024-01-14 10:15:00,J-101,112,45,MODERATE
2024-01-14 10:15:00,J-102,94,43,MODERATE
2024-01-14 10:15:00,J-103,64,41,MODERATE
2024-01-14 10:15:00,J-104,41,29,LOW
2024-01-14 10:15:00,J-105,33,35,LOW
2024-01-14 10:15:00,J-106,25,40,MODERATE
2024-01-14 10:15:00,J-107,18,39,LOW
2024-01-14 10:15:00,J-108,96,41,MODERATE
2024-01-14 10:30:00,J-101,90,36,LOW
2024-01-14 10:30:00,J-102,99,45,MODERATE
2024-01-14 10:30:00,J-103,60,39,LOW
2024-01-14 10:30:00,J-104,68,49,MODERATE
2024-01-14 10:30:00,J-105,43,46,MODERATE
2024-01-14 10:30:00,J-106,22,35,LOW
2024-01-14 10:30:00,J-107,16,34,LOW
2024-01-14 10:30:00,J-108,95,41,MODERATE
2024-01-14 10:45:00,J-101,112,45,MODERATE
2024-01-14 10:45:00,J-102,88,40,MODERATE
2024-01-14 10:45:00,J-103,58,37,LOW
2024-01-14 10:45:00,J-104,58,41,MODERATE
2024-01-14 10:45:00,J-105,32,34,LOW
2024-01-14 10:45:00,J-106,20,32,LOW
2024-01-14 10:45:00,J-107,18,39,LOW
2024-01-14 10:45:00,J-108,76,32,LOW
2024-01-14 11:00:00,J-101,91,36,LOW
2024-01-14 11:00:00,J-102,101,46,MODERATE
2024-01-14 11:00:00,J-103,77,50,MODERATE
2024-01-14 11:00:00,J-104,66,47,MODERATE
2024-01-14 11:00:00,J-105,42,45,MODERATE
2024-01-14 11:00:00,J-106,26,42,MODERATE
2024-01-14 11:00:00,J-107,21,45,MODERATE
2024-01-14 11:00:00,J-108,121,52,MODERATE
2024-01-14 11:15:00,J-101,98,39,LOW
2024-01-14 11:15:00,J-102,80,37,LOW
2024-01-14 11:15:00,J-103,51,33,LOW
2024-01-14 11:15:00,J-104,51,36,LOW
2024-01-14 11:15:00,J-105,47,50,MODERATE
2024-01-14 11:15:00,J-106,30,48,MODERATE
2024-01-14 11:15:00,J-107,19,41,MODERATE
2024-01-14 11:15:00,J-108,96,41,MODERATE
2024-01-14 11:30:00,J-101,132,53,MODERATE
2024-01-14 11:30:00,J-102,121,56,MODERATE
2024-01-14 11:30:00,J-103,84,54,MODERATE
2024-01-14 11:30:00,J-104,66,47,MODERATE
2024-01-14 11:30:00,J-105,41,44,MODERATE
2024-01-14 11:30:00,J-106,33,53,MODERATE
2024-01-14 11:30:00,J-107,25,54,MODERATE
2024-01-14 11:30:00,J-108,126,54,MODERATE
2024-01-14 11:45:00,J-101,113,45,MODERATE
2024-01-14 11:45:00,J-102,107,49,MODERATE
2024-01-14 11:45:00,J-103,76,49,MODERATE
2024-01-14 11:45:00,J-104,72,52,MODERATE
2024-01-14 11:45:00,J-105,45,48,MODERATE
2024-01-14 11:45:00,J-106,29,47,MODERATE
2024-01-14 11:45:00,J-107,14,30,LOW
2024-01-14 11:45:00,J-108,105,45,MODERATE
2024-01-14 12:00:00,J-101,122,49,MODERATE
2024-01-14 12:00:00,J-102,88,40,MODERATE
2024-01-14 12:00:00,J-103,79,51,MODERATE
2024-01-14 12:00:00,J-104,60,43,MODERATE
2024-01-14 12:00:00,J-105,44,47,MODERATE
2024-01-14 12:00:00,J-106,37,60,MODERATE
2024-01-14 12:00:00,J-107,27,58,MODERATE
2024-01-14 12:00:00,J-108,133,57,MODERATE
2024-01-14 12:15:00,J-101,127,51,MODERATE
2024-01-14 12:15:00,J-102,135,62,MODERATE
2024-01-14 12:15:00,J-103,80,52,MODERATE
2024-01-14 12:15:00,J-104,66,47,MODERATE
2024-01-14 12:15:00,J-105,47,50,MODERATE
2024-01-14 12:15:00,J-106,34,55,MODERATE
2024-01-14 12:15:00,J-107,27,58,MODERATE
2024-01-14 12:15:00,J-108,102,44,MODERATE
2024-01-14 12:30:00,J-101,121,49,MODERATE
2024-01-14 12:30:00,J-102,110,51,MODERATE
2024-01-14 12:30:00,J-103,77,50,MODERATE
2024-01-14 12:30:00,J-104,61,44,MODERATE
2024-01-14 12:30:00,J-105,43,46,MODERATE
2024-01-14 12:30:00,J-106,29,47,MODERATE
2024-01-14 12:30:00,J-107,23,49,MODERATE
2024-01-14 12:30:00,J-108,134,58,MODERATE
2024-01-14 12:45:00,J-101,113,45,MODERATE
2024-01-14 12:45:00,J-102,96,44,MODERATE
2024-01-14 12:45:00,J-103,72,46,MODERATE
2024-01-14 12:45:00,J-104,73,52,MODERATE
2024-01-14 12:45:00,J-105,47,50,MODERATE
2024-01-14 12:45:00,J-106,29,47,MODERATE
2024-01-14 12:45:00,J-107,21,45,MODERATE
2024-01-14 12:45:00,J-108,135,58,MODERATE
2024-01-14 13:00:00,J-101,124,50,MODERATE
2024-01-14 13:00:00,J-102,124,57,MODERATE
2024-01-14 13:00:00,J-103,83,53,MODERATE
2024-01-14 13:00:00,J-104,74,53,MODERATE
2024-01-14 13:00:00,J-105,47,50,MODERATE
2024-01-14 13:00:00,J-106,24,39,LOW
2024-01-14 13:00:00,J-107,18,39,LOW
2024-01-14 13:00:00,J-108,105,45,MODERATE
2024-01-14 13:15:00,J-101,80,32,LOW
2024-01-14 13:15:00,J-102,69,32,LOW
2024-01-14 13:15:00,J-103,58,37,LOW
2024-01-14 13:15:00,J-104,54,39,LOW
2024-01-14 13:15:00,J-105,42,45,MODERATE
2024-01-14 13:15:00,J-106,20,32,LOW
2024-01-14 13:15:00,J-107,19,41,MODERATE
2024-01-14 13:15:00,J-108,85,36,LOW
2024-01-14 13:30:00,J-101,122,49,MODERATE
2024-01-14 13:30:00,J-102,86,39,LOW
2024-01-14 13:30:00,J-103,68,44,MODERATE
2024-01-14 13:30:00,J-104,58,41,MODERATE
2024-01-14 13:30:00,J-105,35,37,LOW
2024-01-14 13:30:00,J-106,29,47,MODERATE
2024-01-14 13:30:00,J-107,21,45,MODERATE
2024-01-14 13:30:00,J-108,87,37,LOW
2024-01-14 13:45:00,J-101,79,32,LOW
2024-01-14 13:45:00,J-102,54,25,LOW
2024-01-14 13:45:00,J-103,45,29,LOW
2024-01-14 13:45:00,J-104,39,28,LOW
2024-01-14 13:45:00,J-105,27,29,LOW
2024-01-14 13:45:00,J-106,20,32,LOW
2024-01-14 13:45:00,J-107,15,32,LOW
2024-01-14 13:45:00,J-108,55,23,LOW
2024-01-14 14:00:00,J-101,86,34,LOW
2024-01-14 14:00:00,J-102,82,38,LOW
2024-01-14 14:00:00,J-103,60,39,LOW
2024-01-14 14:00:00,J-104,60,43,MODERATE
2024-01-14 14:00:00,J-105,34,36,LOW
2024-01-14 14:00:00,J-106,26,42,MODERATE
2024-01-14 14:00:00,J-107,14,30,LOW
2024-01-14 14:00:00,J-108,84,36,LOW
2024-01-14 14:15:00,J-101,35,14,LOW
2024-01-14 14:15:00,J-102,26,12,LOW
2024-01-14 14:15:00,J-103,19,12,LOW
2024-01-14 14:15:00,J-104,16,11,LOW
2024-01-14 14:15:00,J-105,10,10,LOW
2024-01-14 14:15:00,J-106,6,9,LOW
2024-01-14 14:15:00,J-107,5,10,LOW
2024-01-14 14:15:00,J-108,25,10,LOW
2024-01-14 14:30:00,J-101,34,13,LOW
2024-01-14 14:30:00,J-102,29,13,LOW
2024-01-14 14:30:00,J-103,21,13,LOW
2024-01-14 14:30:00,J-104,23,16,LOW
2024-01-14 14:30:00,J-105,8,8,LOW
2024-01-14 14:30:00,J-106,8,13,LOW
2024-01-14 14:30:00,J-107,5,10,LOW
2024-01-14 14:30:00,J-108,38,16,LOW
2024-01-14 14:45:00,J-101,33,13,LOW
2024-01-14 14:45:00,J-102,28,13,LOW
2024-01-14 14:45:00,J-103,22,14,LOW
2024-01-14 14:45:00,J-104,20,14,LOW
2024-01-14 14:45:00,J-105,11,11,LOW
2024-01-14 14:45:00,J-106,8,13,LOW
2024-01-14 14:45:00,J-107,4,8,LOW
2024-01-14 14:45:00,J-108,32,13,LOW
2024-01-14 15:00:00,J-101,31,12,LOW
2024-01-14 15:00:00,J-102,25,11,LOW
2024-01-14 15:00:00,J-103,19,12,LOW
2024-01-14 15:00:00,J-104,16,11,LOW
2024-01-14 15:00:00,J-105,11,11,LOW
2024-01-14 15:00:00,J-106,7,11,LOW
2024-01-14 15:00:00,J-107,4,8,LOW
2024-01-14 15:00:00,J-108,30,13,LOW
2024-01-14 15:15:00,J-101,20,8,LOW
2024-01-14 15:15:00,J-102,24,11,LOW
2024-01-14 15:15:00,J-103,15,9,LOW
2024-01-14 15:15:00,J-104,19,13,LOW
2024-01-14 15:15:00,J-105,11,11,LOW
2024-01-14 15:15:00,J-106,7,11,LOW
2024-01-14 15:15:00,J-107,6,13,LOW
2024-01-14 15:15:00,J-108,28,12,LOW
2024-01-14 15:30:00,J-101,35,14,LOW
2024-01-14 15:30:00,J-102,21,9,LOW
2024-01-14 15:30:00,J-103,24,15,LOW
2024-01-14 15:30:00,J-104,15,10,LOW
2024-01-14 15:30:00,J-105,12,13,LOW
2024-01-14 15:30:00,J-106,8,13,LOW
2024-01-14 15:30:00,J-107,5,10,LOW
2024-01-14 15:30:00,J-108,,10,LOW
2024-01-14 15:45:00,J-101,37,15,LOW
2024-01-14 15:45:00,J-102,28,13,LOW
2024-01-14 15:45:00,J-103,16,10,LOW
2024-01-14 15:45:00,J-104,16,11,LOW
2024-01-14 15:45:00,J-105,11,11,LOW
2024-01-14 15:45:00,J-106,8,13,LOW
2024-01-14 15:45:00,J-107,5,10,LOW
2024-01-14 15:45:00,J-108,25,10,LOW
2024-01-14 16:00:00,J-101,80,32,LOW
2024-01-14 16:00:00,J-102,68,31,LOW
2024-01-14 16:00:00,J-103,,35,LOW
2024-01-14 16:00:00,J-104,47,33,LOW
2024-01-14 16:00:00,J-105,38,41,MODERATE
2024-01-14 16:00:00,J-106,20,32,LOW
2024-01-14 16:00:00,J-107,12,26,LOW
2024-01-14 16:00:00,J-108,79,34,LOW
2024-01-14 16:15:00,J-101,80,32,LOW
2024-01-14 16:15:00,J-102,66,30,LOW
2024-01-14 16:15:00,J-103,50,32,LOW
2024-01-14 16:15:00,J-104,51,36,LOW
2024-01-14 16:15:00,J-105,27,29,LOW
2024-01-14 16:15:00,J-106,18,29,LOW
2024-01-14 16:15:00,J-107,14,30,LOW
2024-01-14 16:15:00,J-108,78,33,LOW
2024-01-14 16:30:00,J-101,71,28,LOW
2024-01-14 16:30:00,J-102,72,33,LOW
2024-01-14 16:30:00,J-103,53,34,LOW
2024-01-14 16:30:00,J-104,51,36,LOW
2024-01-14 16:30:00,J-105,38,41,MODERATE
2024-01-14 16:30:00,J-106,18,29,LOW
2024-01-14 16:30:00,J-107,15,32,LOW
2024-01-14 16:30:00,J-108,63,27,LOW
2024-01-14 16:45:00,J-101,96,39,LOW
2024-01-14 16:45:00,J-102,70,32,LOW
2024-01-14 16:45:00,J-103,63,40,MODERATE
2024-01-14 16:45:00,J-104,47,33,LOW
2024-01-14 16:45:00,J-105,27,29,LOW
2024-01-14 16:45:00,J-106,25,40,MODERATE
2024-01-14 16:45:00,J-107,18,39,LOW
2024-01-14 16:45:00,J-108,89,38,LOW
2024-01-14 17:00:00,J-101,92,37,LOW
2024-01-14 17:00:00,J-102,85,39,LOW
2024-01-14 17:00:00,J-103,60,39,LOW
2024-01-14 17:00:00,J-104,48,34,LOW
2024-01-14 17:00:00,J-105,49,53,MODERATE
2024-01-14 17:00:00,J-106,23,37,LOW
2024-01-14 17:00:00,J-107,15,32,LOW
2024-01-14 17:00:00,J-108,92,39,LOW
2024-01-14 17:15:00,J-101,69,28,LOW
2024-01-14 17:15:00,J-102,72,33,LOW
2024-01-14 17:15:00,J-103,75,48,MODERATE
2024-01-14 17:15:00,J-104,54,39,LOW
2024-01-14 17:15:00,J-105,48,52,MODERATE
2024-01-14 17:15:00,J-106,22,35,LOW
2024-01-14 17:15:00,J-107,25,54,MODERATE
2024-01-14 17:15:00,J-108,91,39,LOW
2024-01-14 17:30:00,J-101,81,32,LOW
2024-01-14 17:30:00,J-102,84,39,LOW
2024-01-14 17:30:00,J-103,65,42,MODERATE
2024-01-14 17:30:00,J-104,64,46,MODERATE
2024-01-14 17:30:00,J-105,45,48,MODERATE
2024-01-14 17:30:00,J-106,24,39,LOW
2024-01-14 17:30:00,J-107,23,49,MODERATE
2024-01-14 17:30:00,J-108,98,42,MODERATE
2024-01-14 17:45:00,J-101,98,39,LOW
2024-01-14 17:45:00,J-102,72,33,LOW
2024-01-14 17:45:00,J-103,63,40,MODERATE
2024-01-14 17:45:00,J-104,50,36,LOW
2024-01-14 17:45:00,J-105,37,40,MODERATE
2024-01-14 17:45:00,J-106,18,29,LOW
2024-01-14 17:45:00,J-107,12,26,LOW
2024-01-14 17:45:00,J-108,87,37,LOW
2024-01-14 18:00:00,J-101,113,45,MODERATE
2024-01-14 18:00:00,J-102,93,43,MODERATE
2024-01-14 18:00:00,J-103,69,44,MODERATE
2024-01-14 18:00:00,J-104,54,39,LOW
2024-01-14 18:00:00,J-105,41,44,MODERATE
2024-01-14 18:00:00,J-106,23,37,LOW
2024-01-14 18:00:00,J-107,23,49,MODERATE
2024-01-14 18:00:00,J-108,83,35,LOW
2024-01-14 18:15:00,J-101,93,37,LOW
2024-01-14 18:15:00,J-102,99,45,MODERATE
2024-01-14 18:15:00,J-103,61,39,LOW
2024-01-14 18:15:00,J-104,58,41,MODERATE
2024-01-14 18:15:00,J-105,38,41,MODERATE
2024-01-14 18:15:00,J-106,30,48,MODERATE
2024-01-14 18:15:00,J-107,19,41,MODERATE
2024-01-14 18:15:00,J-108,112,48,MODERATE
2024-01-14 18:30:00,J-101,65,26,LOW
2024-01-14 18:30:00,J-102,46,21,LOW
2024-01-14 18:30:00,J-103,43,27,LOW
2024-01-14 18:30:00,J-104,35,25,LOW
2024-01-14 18:30:00,J-105,27,29,LOW
2024-01-14 18:30:00,J-106,15,24,LOW
2024-01-14 18:30:00,J-107,12,26,LOW
2024-01-14 18:30:00,J-108,53,22,LOW
2024-01-14 18:45:00,J-101,91,36,LOW
2024-01-14 18:45:00,J-102,73,33,LOW
2024-01-14 18:45:00,J-103,62,40,MODERATE
2024-01-14 18:45:00,J-104,54,39,LOW
2024-01-14 18:45:00,J-105,28,30,LOW
2024-01-14 18:45:00,J-106,24,39,LOW
2024-01-14 18:45:00,J-107,19,41,MODERATE
2024-01-14 18:45:00,J-108,73,31,LOW
2024-01-14 19:00:00,J-101,101,41,MODERATE
2024-01-14 19:00:00,J-102,88,40,MODERATE
2024-01-14 19:00:00,J-103,52,33,LOW
2024-01-14 19:00:00,J-104,63,45,MODERATE
2024-01-14 19:00:00,J-105,30,32,LOW
2024-01-14 19:00:00,J-106,20,32,LOW
2024-01-14 19:00:00,J-107,15,32,LOW
2024-01-14 19:00:00,J-108,88,38,LOW
2024-01-14 19:15:00,J-101,84,34,LOW
2024-01-14 19:15:00,J-102,68,31,LOW
2024-01-14 19:15:00,J-103,56,36,LOW
2024-01-14 19:15:00,J-104,57,41,MODERATE
2024-01-14 19:15:00,J-105,35,37,LOW
2024-01-14 19:15:00,J-106,24,39,LOW
2024-01-14 19:15:00,J-107,17,36,LOW
2024-01-14 19:15:00,J-108,77,33,LOW
2024-01-14 19:30:00,J-101,76,30,LOW
2024-01-14 19:30:00,J-102,81,37,LOW
2024-01-14 19:30:00,J-103,47,30,LOW
2024-01-14 19:30:00,J-104,43,31,LOW
2024-01-14 19:30:00,J-105,27,29,LOW
2024-01-14 19:30:00,J-106,20,32,LOW
2024-01-14 19:30:00,J-107,13,28,LOW
2024-01-14 19:30:00,J-108,79,34,LOW
2024-01-14 19:45:00,J-101,94,38,LOW
2024-01-14 19:45:00,J-102,78,36,LOW
2024-01-14 19:45:00,J-103,61,39,LOW
2024-01-14 19:45:00,J-104,43,31,LOW
2024-01-14 19:45:00,J-105,24,26,LOW
2024-01-14 19:45:00,J-106,23,37,LOW
2024-01-14 19:45:00,J-107,13,28,LOW
2024-01-14 19:45:00,J-108,72,31,LOW
2024-01-14 20:00:00,J-101,89,36,LOW
2024-01-14 20:00:00,J-102,81,37,LOW
2024-01-14 20:00:00,J-103,45,29,LOW
2024-01-14 20:00:00,J-104,41,29,LOW
2024-01-14 20:00:00,J-105,31,33,LOW
2024-01-14 20:00:00,J-106,18,29,LOW
2024-01-14 20:00:00,J-107,15,32,LOW
2024-01-14 20:00:00,J-108,58,25,LOW
2024-01-14 20:15:00,J-101,36,14,LOW
2024-01-14 20:15:00,J-102,27,12,LOW
2024-01-14 20:15:00,J-103,,15,LOW
2024-01-14 20:15:00,J-104,19,13,LOW
2024-01-14 20:15:00,J-105,12,13,LOW
2024-01-14 20:15:00,J-106,6,9,LOW
2024-01-14 20:15:00,J-107,5,10,LOW
2024-01-14 20:15:00,J-108,22,9,LOW
2024-01-14 20:30:00,J-101,36,14,LOW
2024-01-14 20:30:00,J-102,32,14,LOW
2024-01-14 20:30:00,J-103,23,14,LOW
2024-01-14 20:30:00,J-104,15,10,LOW
2024-01-14 20:30:00,J-105,11,11,LOW
2024-01-14 20:30:00,J-106,8,13,LOW
2024-01-14 20:30:00,J-107,6,13,LOW
2024-01-14 20:30:00,J-108,25,10,LOW
2024-01-14 20:45:00,J-101,25,10,LOW
2024-01-14 20:45:00,J-102,25,11,LOW
2024-01-14 20:45:00,J-103,15,9,LOW
2024-01-14 20:45:00,J-104,14,10,LOW
2024-01-14 20:45:00,J-105,8,8,LOW
2024-01-14 20:45:00,J-106,5,8,LOW
2024-01-14 20:45:00,J-107,5,10,LOW
2024-01-14 20:45:00,J-108,25,10,LOW
2024-01-14 21:00:00,J-101,27,10,LOW
2024-01-14 21:00:00,J-102,25,11,LOW
2024-01-14 21:00:00,J-103,17,11,LOW
2024-01-14 21:00:00,J-104,14,10,LOW
2024-01-14 21:00:00,J-105,11,11,LOW
2024-01-14 21:00:00,J-106,6,9,LOW
2024-01-14 21:00:00,J-107,4,8,LOW
2024-01-14 21:00:00,J-108,29,12,LOW
2024-01-14 21:15:00,J-101,26,10,LOW
2024-01-14 21:15:00,J-102,26,12,LOW
2024-01-14 21:15:00,J-103,17,11,LOW
2024-01-14 21:15:00,J-104,17,12,LOW
2024-01-14 21:15:00,J-105,13,14,LOW
2024-01-14 21:15:00,J-106,8,13,LOW
2024-01-14 21:15:00,J-107,5,10,LOW
2024-01-14 21:15:00,J-108,34,14,LOW
2024-01-14 21:30:00,J-101,32,13,LOW
2024-01-14 21:30:00,J-102,28,13,LOW
2024-01-14 21:30:00,J-103,22,14,LOW
2024-01-14 21:30:00,J-104,15,10,LOW
2024-01-14 21:30:00,J-105,10,10,LOW
2024-01-14 21:30:00,J-106,7,11,LOW
2024-01-14 21:30:00,J-107,5,10,LOW
2024-01-14 21:30:00,J-108,30,13,LOW
2024-01-14 21:45:00,J-101,34,13,LOW
2024-01-14 21:45:00,J-102,27,12,LOW
2024-01-14 21:45:00,J-103,16,10,LOW
2024-01-14 21:45:00,J-104,15,10,LOW
2024-01-14 21:45:00,J-105,11,11,LOW
2024-01-14 21:45:00,J-106,8,13,LOW
2024-01-14 21:45:00,J-107,6,13,LOW
2024-01-14 21:45:00,J-108,34,14,LOW
2024-01-14 22:00:00,J-101,35,14,LOW
2024-01-14 22:00:00,J-102,28,13,LOW
2024-01-14 22:00:00,J-103,19,12,LOW
2024-01-14 22:00:00,J-104,19,13,LOW
2024-01-14 22:00:00,J-105,12,13,LOW
2024-01-14 22:00:00,J-106,8,13,LOW
2024-01-14 22:00:00,J-107,5,10,LOW
2024-01-14 22:00:00,J-108,30,13,LOW
2024-01-14 22:15:00,J-101,30,12,LOW
2024-01-14 22:15:00,J-102,28,13,LOW
2024-01-14 22:15:00,J-103,18,11,LOW
2024-01-14 22:15:00,J-104,20,14,LOW
2024-01-14 22:15:00,J-105,12,13,LOW
2024-01-14 22:15:00,J-106,8,13,LOW
2024-01-14 22:15:00,J-107,6,13,LOW
2024-01-14 22:15:00,J-108,29,12,LOW
2024-01-14 22:30:00,J-101,18,7,LOW
2024-01-14 22:30:00,J-102,18,8,LOW
2024-01-14 22:30:00,J-103,11,7,LOW
2024-01-14 22:30:00,J-104,10,7,LOW
2024-01-14 22:30:00,J-105,6,6,LOW
2024-01-14 22:30:00,J-106,3,4,LOW
2024-01-14 22:30:00,J-107,3,6,LOW
2024-01-14 22:30:00,J-108,16,6,LOW
2024-01-14 22:45:00,J-101,34,13,LOW
2024-01-14 22:45:00,J-102,30,13,LOW
2024-01-14 22:45:00,J-103,18,11,LOW
2024-01-14 22:45:00,J-104,17,12,LOW
2024-01-14 22:45:00,J-105,10,10,LOW
2024-01-14 22:45:00,J-106,9,14,LOW
2024-01-14 22:45:00,J-107,7,15,LOW
2024-01-14 22:45:00,J-108,32,13,LOW
2024-01-14 23:00:00,J-101,29,11,LOW
2024-01-14 23:00:00,J-102,26,12,LOW
2024-01-14 23:00:00,J-103,18,11,LOW
2024-01-14 23:00:00,J-104,15,10,LOW
2024-01-14 23:00:00,J-105,8,8,LOW
2024-01-14 23:00:00,J-106,8,13,LOW
2024-01-14 23:00:00,J-107,5,10,LOW
2024-01-14 23:00:00,J-108,28,12,LOW
2024-01-14 23:15:00,J-101,34,13,LOW
2024-01-14 23:15:00,J-102,33,15,LOW
2024-01-14 23:15:00,J-103,18,11,LOW
2024-01-14 23:15:00,J-104,17,12,LOW
2024-01-14 23:15:00,J-105,10,10,LOW
2024-01-14 23:15:00,J-106,10,16,LOW
2024-01-14 23:15:00,J-107,7,15,LOW
2024-01-14 23:15:00,J-108,35,15,LOW
2024-01-14 23:30:00,J-101,36,14,LOW
2024-01-14 23:30:00,J-102,27,12,LOW
2024-01-14 23:30:00,J-103,21,13,LOW
2024-01-14 23:30:00,J-104,17,12,LOW
2024-01-14 23:30:00,J-105,9,9,LOW
2024-01-14 23:30:00,J-106,7,11,LOW
2024-01-14 23:30:00,J-107,5,10,LOW
2024-01-14 23:30:00,J-108,31,13,LOW
2024-01-14 23:45:00,J-101,31,12,LOW
2024-01-14 23:45:00,J-102,27,12,LOW
2024-01-14 23:45:00,J-103,21,13,LOW
2024-01-14 23:45:00,J-104,20,14,LOW
2024-01-14 23:45:00,J-105,13,14,LOW
2024-01-14 23:45:00,J-106,9,14,LOW
2024-01-14 23:45:00,J-107,4,8,LOW
2024-01-14 23:45:00,J-108,27,11,LOW
2024-01-15 00:00:00,J-101,22,8,LOW
2024-01-15 00:00:00,J-102,24,11,LOW
2024-01-15 00:00:00,J-103,16,10,LOW
2024-01-15 00:00:00,J-104,12,8,LOW
2024-01-15 00:00:00,J-105,10,10,LOW
2024-01-15 00:00:00,J-106,7,11,LOW
2024-01-15 00:00:00,J-107,4,8,LOW
2024-01-15 00:00:00,J-108,26,11,LOW
2024-01-15 00:15:00,J-101,21,8,LOW
2024-01-15 00:15:00,J-102,25,11,LOW
2024-01-15 00:15:00,J-103,20,13,LOW
2024-01-15 00:15:00,J-104,14,10,LOW
2024-01-15 00:15:00,J-105,13,14,LOW
2024-01-15 00:15:00,J-106,10,16,LOW
2024-01-15 00:15:00,J-107,5,10,LOW
2024-01-15 00:15:00,J-108,24,10,LOW
2024-01-15 00:30:00,J-101,30,12,LOW
2024-01-15 00:30:00,J-102,24,11,LOW
2024-01-15 00:30:00,J-103,21,13,LOW
2024-01-15 00:30:00,J-104,17,12,LOW
2024-01-15 00:30:00,J-105,13,14,LOW
2024-01-15 00:30:00,J-106,8,13,LOW
2024-01-15 00:30:00,J-107,5,10,LOW
2024-01-15 00:30:00,J-108,24,10,LOW
2024-01-15 00:45:00,J-101,25,10,LOW
2024-01-15 00:45:00,J-102,22,10,LOW
2024-01-15 00:45:00,J-103,21,13,LOW
2024-01-15 00:45:00,J-104,17,12,LOW
2024-01-15 00:45:00,J-105,12,13,LOW
2024-01-15 00:45:00,J-106,8,13,LOW
2024-01-15 00:45:00,J-107,6,13,LOW
2024-01-15 00:45:00,J-108,24,10,LOW
2024-01-15 01:00:00,J-101,5,2,LOW
2024-01-15 01:00:00,J-102,4,1,LOW
2024-01-15 01:00:00,J-103,3,1,LOW
2024-01-15 01:00:00,J-104,3,2,LOW
2024-01-15 01:00:00,J-105,1,1,LOW
2024-01-15 01:00:00,J-106,1,1,LOW
2024-01-15 01:00:00,J-107,,0,LOW
2024-01-15 01:00:00,J-108,4,1,LOW
2024-01-15 01:15:00,J-101,4,1,LOW
2024-01-15 01:15:00,J-102,3,1,LOW
2024-01-15 01:15:00,J-103,3,1,LOW
2024-01-15 01:15:00,J-104,2,1,LOW
2024-01-15 01:15:00,J-105,1,1,LOW
2024-01-15 01:15:00,J-106,0,0,LOW
2024-01-15 01:15:00,J-107,0,0,LOW
2024-01-15 01:15:00,J-108,3,1,LOW
2024-01-15 01:30:00,J-101,4,1,LOW
2024-01-15 01:30:00,J-102,4,1,LOW
2024-01-15 01:30:00,J-103,2,1,LOW
2024-01-15 01:30:00,J-104,2,1,LOW
2024-01-15 01:30:00,J-105,1,1,LOW
2024-01-15 01:30:00,J-106,1,1,LOW
2024-01-15 01:30:00,J-107,0,0,LOW
2024-01-15 01:30:00,J-108,4,1,LOW
2024-01-15 01:45:00,J-101,4,1,LOW
2024-01-15 01:45:00,J-102,3,1,LOW
2024-01-15 01:45:00,J-103,2,1,LOW
2024-01-15 01:45:00,J-104,2,1,LOW
2024-01-15 01:45:00,J-105,1,1,LOW
2024-01-15 01:45:00,J-106,1,1,LOW
2024-01-15 01:45:00,J-107,0,0,LOW
2024-01-15 01:45:00,J-108,5,2,LOW
2024-01-15 02:00:00,J-101,5,2,LOW
2024-01-15 02:00:00,J-102,4,1,LOW
2024-01-15 02:00:00,J-103,,1,LOW
2024-01-15 02:00:00,J-104,1,0,LOW
2024-01-15 02:00:00,J-105,2,2,LOW
2024-01-15 02:00:00,J-106,1,1,LOW
2024-01-15 02:00:00,J-107,0,0,LOW
2024-01-15 02:00:00,J-108,4,1,LOW
2024-01-15 02:15:00,J-101,2,0,LOW
2024-01-15 02:15:00,J-102,2,0,LOW
2024-01-15 02:15:00,J-103,2,1,LOW
2024-01-15 02:15:00,J-104,1,0,LOW
2024-01-15 02:15:00,J-105,1,1,LOW
2024-01-15 02:15:00,J-106,0,0,LOW
2024-01-15 02:15:00,J-107,0,0,LOW
2024-01-15 02:15:00,J-108,2,0,LOW
2024-01-15 02:30:00,J-101,4,1,LOW
2024-01-15 02:30:00,J-102,3,1,LOW
2024-01-15 02:30:00,J-103,2,1,LOW
2024-01-15 02:30:00,J-104,2,1,LOW
2024-01-15 02:30:00,J-105,1,1,LOW
2024-01-15 02:30:00,J-106,1,1,LOW
2024-01-15 02:30:00,J-107,0,0,LOW
2024-01-15 02:30:00,J-108,3,1,LOW
2024-01-15 02:45:00,J-101,5,2,LOW
2024-01-15 02:45:00,J-102,4,1,LOW
2024-01-15 02:45:00,J-103,3,1,LOW
2024-01-15 02:45:00,J-104,2,1,LOW
2024-01-15 02:45:00,J-105,1,1,LOW
2024-01-15 02:45:00,J-106,1,1,LOW
2024-01-15 02:45:00,J-107,0,0,LOW
2024-01-15 02:45:00,J-108,3,1,LOW
2024-01-15 03:00:00,J-101,3,1,LOW
2024-01-15 03:00:00,J-102,3,1,LOW
2024-01-15 03:00:00,J-103,2,1,LOW
2024-01-15 03:00:00,J-104,2,1,LOW
2024-01-15 03:00:00,J-105,1,1,LOW
2024-01-15 03:00:00,J-106,1,1,LOW
2024-01-15 03:00:00,J-107,0,0,LOW
2024-01-15 03:00:00,J-108,3,1,LOW
2024-01-15 03:15:00,J-101,3,1,LOW
2024-01-15 03:15:00,J-102,3,1,LOW
2024-01-15 03:15:00,J-103,2,1,LOW
2024-01-15 03:15:00,J-104,2,1,LOW
2024-01-15 03:15:00,J-105,1,1,LOW
2024-01-15 03:15:00,J-106,0,0,LOW
2024-01-15 03:15:00,J-107,0,0,LOW
2024-01-15 03:15:00,J-108,3,1,LOW
2024-01-15 03:30:00,J-101,4,1,LOW
2024-01-15 03:30:00,J-102,3,1,LOW
2024-01-15 03:30:00,J-103,2,1,LOW
2024-01-15 03:30:00,J-104,2,1,LOW
2024-01-15 03:30:00,J-105,1,1,LOW
2024-01-15 03:30:00,J-106,1,1,LOW
2024-01-15 03:30:00,J-107,0,0,LOW
2024-01-15 03:30:00,J-108,4,1,LOW
2024-01-15 03:45:00,J-101,3,1,LOW
2024-01-15 03:45:00,J-102,3,1,LOW
2024-01-15 03:45:00,J-103,2,1,LOW
2024-01-15 03:45:00,J-104,1,0,LOW
2024-01-15 03:45:00,J-105,1,1,LOW
2024-01-15 03:45:00,J-106,0,0,LOW
2024-01-15 03:45:00,J-107,0,0,LOW
2024-01-15 03:45:00,J-108,3,1,LOW
2024-01-15 04:00:00,J-101,4,1,LOW
2024-01-15 04:00:00,J-102,4,1,LOW
2024-01-15 04:00:00,J-103,3,1,LOW
2024-01-15 04:00:00,J-104,3,2,LOW
2024-01-15 04:00:00,J-105,,1,LOW
2024-01-15 04:00:00,J-106,1,1,LOW
2024-01-15 04:00:00,J-107,0,0,LOW
2024-01-15 04:00:00,J-108,4,1,LOW
2024-01-15 04:15:00,J-101,4,1,LOW
2024-01-15 04:15:00,J-102,4,1,LOW
2024-01-15 04:15:00,J-103,3,1,LOW
2024-01-15 04:15:00,J-104,2,1,LOW
2024-01-15 04:15:00,J-105,1,1,LOW
2024-01-15 04:15:00,J-106,1,1,LOW
2024-01-15 04:15:00,J-107,1,2,LOW
2024-01-15 04:15:00,J-108,4,1,LOW
2024-01-15 04:30:00,J-101,4,1,LOW
2024-01-15 04:30:00,J-102,4,1,LOW
2024-01-15 04:30:00,J-103,2,1,LOW
2024-01-15 04:30:00,J-104,3,2,LOW
2024-01-15 04:30:00,J-105,1,1,LOW
2024-01-15 04:30:00,J-106,1,1,LOW
2024-01-15 04:30:00,J-107,1,2,LOW
2024-01-15 04:30:00,J-108,5,2,LOW
2024-01-15 04:45:00,J-101,4,1,LOW
2024-01-15 04:45:00,J-102,4,1,LOW
2024-01-15 04:45:00,J-103,2,1,LOW
2024-01-15 04:45:00,J-104,2,1,LOW
2024-01-15 04:45:00,J-105,1,1,LOW
2024-01-15 04:45:00,J-106,,1,LOW
2024-01-15 04:45:00,J-107,0,0,LOW
2024-01-15 04:45:00,J-108,4,1,LOW
2024-01-15 05:00:00,J-101,5,2,LOW
2024-01-15 05:00:00,J-102,3,1,LOW
2024-01-15 05:00:00,J-103,3,1,LOW
2024-01-15 05:00:00,J-104,2,1,LOW
2024-01-15 05:00:00,J-105,1,1,LOW
2024-01-15 05:00:00,J-106,1,1,LOW
2024-01-15 05:00:00,J-107,0,0,LOW
2024-01-15 05:00:00,J-108,3,1,LOW
2024-01-15 05:15:00,J-101,29,11,LOW
2024-01-15 05:15:00,J-102,24,11,LOW
2024-01-15 05:15:00,J-103,17,11,LOW
2024-01-15 05:15:00,J-104,15,10,LOW
2024-01-15 05:15:00,J-105,11,11,LOW
2024-01-15 05:15:00,J-106,6,9,LOW
2024-01-15 05:15:00,J-107,5,10,LOW
2024-01-15 05:15:00,J-108,23,9,LOW
2024-01-15 05:30:00,J-101,27,10,LOW
2024-01-15 05:30:00,J-102,24,11,LOW
2024-01-15 05:30:00,J-103,21,13,LOW
2024-01-15 05:30:00,J-104,19,13,LOW
2024-01-15 05:30:00,J-105,11,11,LOW
2024-01-15 05:30:00,J-106,8,13,LOW
2024-01-15 05:30:00,J-107,6,13,LOW
2024-01-15 05:30:00,J-108,25,10,LOW
2024-01-15 05:45:00,J-101,32,13,LOW
2024-01-15 05:45:00,J-102,24,11,LOW
2024-01-15 05:45:00,J-103,16,10,LOW
2024-01-15 05:45:00,J-104,17,12,LOW
2024-01-15 05:45:00,J-105,10,10,LOW
2024-01-15 05:45:00,J-106,7,11,LOW
2024-01-15 05:45:00,J-107,5,10,LOW
2024-01-15 05:45:00,J-108,26,11,LOW
2024-01-15 06:00:00,J-101,36,14,LOW
2024-01-15 06:00:00,J-102,21,9,LOW
2024-01-15 06:00:00,J-103,18,11,LOW
2024-01-15 06:00:00,J-104,14,10,LOW
2024-01-15 06:00:00,J-105,11,11,LOW
2024-01-15 06:00:00,J-106,8,13,LOW
2024-01-15 06:00:00,J-107,5,10,LOW
2024-01-15 06:00:00,J-108,28,12,LOW
2024-01-15 06:15:00,J-101,26,10,LOW
2024-01-15 06:15:00,J-102,24,11,LOW
2024-01-15 06:15:00,J-103,18,11,LOW
2024-01-15 06:15:00,J-104,16,11,LOW
2024-01-15 06:15:00,J-105,11,11,LOW
2024-01-15 06:15:00,J-106,7,11,LOW
2024-01-15 06:15:00,J-107,5,10,LOW
2024-01-15 06:15:00,J-108,33,14,LOW
2024-01-15 06:30:00,J-101,23,9,LOW
2024-01-15 06:30:00,J-102,21,9,LOW
2024-01-15 06:30:00,J-103,18,11,LOW
2024-01-15 06:30:00,J-104,19,13,LOW
2024-01-15 06:30:00,J-105,11,11,LOW
2024-01-15 06:30:00,J-106,7,11,LOW
2024-01-15 06:30:00,J-107,4,8,LOW
2024-01-15 06:30:00,J-108,32,13,LOW
2024-01-15 06:45:00,J-101,18,7,LOW
2024-01-15 06:45:00,J-102,18,8,LOW
2024-01-15 06:45:00,J-103,11,7,LOW
2024-01-15 06:45:00,J-104,11,7,LOW
2024-01-15 06:45:00,J-105,7,7,LOW
2024-01-15 06:45:00,J-106,3,4,LOW
2024-01-15 06:45:00,J-107,3,6,LOW
2024-01-15 06:45:00,J-108,16,6,LOW
2024-01-15 07:00:00,J-101,34,13,LOW
2024-01-15 07:00:00,J-102,22,10,LOW
2024-01-15 07:00:00,J-103,21,13,LOW
2024-01-15 07:00:00,J-104,19,13,LOW
2024-01-15 07:00:00,J-105,10,10,LOW
2024-01-15 07:00:00,J-106,7,11,LOW
2024-01-15 07:00:00,J-107,6,13,LOW
2024-01-15 07:00:00,J-108,33,14,LOW
2024-01-15 07:15:00,J-101,30,12,LOW
2024-01-15 07:15:00,J-102,23,10,LOW
2024-01-15 07:15:00,J-103,20,13,LOW
2024-01-15 07:15:00,J-104,12,8,LOW
2024-01-15 07:15:00,J-105,9,9,LOW
2024-01-15 07:15:00,J-106,6,9,LOW
2024-01-15 07:15:00,J-107,4,8,LOW
2024-01-15 07:15:00,J-108,24,10,LOW
2024-01-15 07:30:00,J-101,49,19,LOW
2024-01-15 07:30:00,J-102,49,22,LOW
2024-01-15 07:30:00,J-103,32,20,LOW
2024-01-15 07:30:00,J-104,24,17,LOW
2024-01-15 07:30:00,J-105,19,20,LOW
2024-01-15 07:30:00,J-106,13,21,LOW
2024-01-15 07:30:00,J-107,8,17,LOW
2024-01-15 07:30:00,J-108,47,20,LOW
2024-01-15 07:45:00,J-101,101,41,MODERATE
2024-01-15 07:45:00,J-102,92,42,MODERATE
2024-01-15 07:45:00,J-103,67,43,MODERATE
2024-01-15 07:45:00,J-104,47,33,LOW
2024-01-15 07:45:00,J-105,39,42,MODERATE
2024-01-15 07:45:00,J-106,25,40,MODERATE
2024-01-15 07:45:00,J-107,20,43,MODERATE
2024-01-15 07:45:00,J-108,75,32,LOW
2024-01-15 08:00:00,J-101,115,46,MODERATE
2024-01-15 08:00:00,J-102,118,54,MODERATE
2024-01-15 08:00:00,J-103,61,39,LOW
2024-01-15 08:00:00,J-104,54,39,LOW
2024-01-15 08:00:00,J-105,51,55,MODERATE
2024-01-15 08:00:00,J-106,36,58,MODERATE
2024-01-15 08:00:00,J-107,22,47,MODERATE
2024-01-15 08:00:00,J-108,99,42,MODERATE
2024-01-15 08:15:00,J-101,160,65,MODERATE
2024-01-15 08:15:00,J-102,122,56,MODERATE
2024-01-15 08:15:00,J-103,90,58,MODERATE
2024-01-15 08:15:00,J-104,106,76,HIGH
2024-01-15 08:15:00,J-105,47,50,MODERATE
2024-01-15 08:15:00,J-106,41,66,MODERATE
2024-01-15 08:15:00,J-107,24,52,MODERATE
2024-01-15 08:15:00,J-108,128,55,MODERATE
2024-01-15 08:30:00,J-101,156,63,MODERATE
2024-01-15 08:30:00,J-102,160,74,HIGH
2024-01-15 08:30:00,J-103,91,59,MODERATE
2024-01-15 08:30:00,J-104,102,73,HIGH
2024-01-15 08:30:00,J-105,57,61,MODERATE
2024-01-15 08:30:00,J-106,39,63,MODERATE
2024-01-15 08:30:00,J-107,28,60,MODERATE
2024-01-15 08:30:00,J-108,131,56,MODERATE
2024-01-15 08:45:00,J-101,175,71,HIGH
2024-01-15 08:45:00,J-102,163,75,HIGH
2024-01-15 08:45:00,J-103,94,61,MODERATE
2024-01-15 08:45:00,J-104,77,55,MODERATE
2024-01-15 08:45:00,J-105,57,61,MODERATE
2024-01-15 08:45:00,J-106,40,65,MODERATE
2024-01-15 08:45:00,J-107,29,62,MODERATE
2024-01-15 08:45:00,J-108,151,65,MODERATE
2024-01-15 09:00:00,J-101,153,62,MODERATE
2024-01-15 09:00:00,J-102,146,67,MODERATE
2024-01-15 09:00:00,J-103,106,68,MODERATE
2024-01-15 09:00:00,J-104,82,59,MODERATE
2024-01-15 09:00:00,J-105,61,66,MODERATE
2024-01-15 09:00:00,J-106,35,56,MODERATE
2024-01-15 09:00:00,J-107,26,56,MODERATE
2024-01-15 09:00:00,J-108,134,58,MODERATE
2024-01-15 09:15:00,J-101,133,54,MODERATE
2024-01-15 09:15:00,J-102,132,61,MODERATE
2024-01-15 09:15:00,J-103,89,57,MODERATE
2024-01-15 09:15:00,J-104,78,56,MODERATE
2024-01-15 09:15:00,J-105,56,60,MODERATE
2024-01-15 09:15:00,J-106,30,48,MODERATE
2024-01-15 09:15:00,J-107,26,56,MODERATE
2024-01-15 09:15:00,J-108,111,48,MODERATE
2024-01-15 09:30:00,J-101,121,49,MODERATE
2024-01-15 09:30:00,J-102,99,45,MODERATE
2024-01-15 09:30:00,J-103,74,48,MODERATE
2024-01-15 09:30:00,J-104,73,52,MODERATE
2024-01-15 09:30:00,J-105,46,49,MODERATE
2024-01-15 09:30:00,J-106,31,50,MODERATE
2024-01-15 09:30:00,J-107,22,47,MODERATE
2024-01-15 09:30:00,J-108,93,40,MODERATE
2024-01-15 09:45:00,J-101,97,39,LOW
2024-01-15 09:45:00,J-102,95,44,MODERATE
2024-01-15 09:45:00,J-103,64,41,MODERATE
2024-01-15 09:45:00,J-104,56,40,MODERATE
2024-01-15 09:45:00,J-105,35,37,LOW
2024-01-15 09:45:00,J-106,29,47,MODERATE
2024-01-15 09:45:00,J-107,21,45,MODERATE
2024-01-15 09:45:00,J-108,108,46,MODERATE
2024-01-15 10:00:00,J-101,68,27,LOW
2024-01-15 10:00:00,J-102,55,25,LOW
2024-01-15 10:00:00,J-103,44,28,LOW
2024-01-15 10:00:00,J-104,38,27,LOW
2024-01-15 10:00:00,J-105,23,24,LOW
2024-01-15 10:00:00,J-106,19,30,LOW
2024-01-15 10:00:00,J-107,14,30,LOW
2024-01-15 10:00:00,J-108,65,28,LOW
2024-01-15 10:15:00,J-101,31,12,LOW
2024-01-15 10:15:00,J-102,26,12,LOW
2024-01-15 10:15:00,J-103,20,13,LOW
2024-01-15 10:15:00,J-104,19,13,LOW
2024-01-15 10:15:00,J-105,11,11,LOW
2024-01-15 10:15:00,J-106,7,11,LOW
2024-01-15 10:15:00,J-107,4,8,LOW
2024-01-15 10:15:00,J-108,27,11,LOW
2024-01-15 10:30:00,J-101,26,10,LOW
2024-01-15 10:30:00,J-102,25,11,LOW
2024-01-15 10:30:00,J-103,18,11,LOW
2024-01-15 10:30:00,J-104,16,11,LOW
2024-01-15 10:30:00,J-105,13,14,LOW
2024-01-15 10:30:00,J-106,8,13,LOW
2024-01-15 10:30:00,J-107,5,10,LOW
2024-01-15 10:30:00,J-108,32,13,LOW
2024-01-15 10:45:00,J-101,30,12,LOW
2024-01-15 10:45:00,J-102,32,14,LOW
2024-01-15 10:45:00,J-103,22,14,LOW
2024-01-15 10:45:00,J-104,19,13,LOW
2024-01-15 10:45:00,J-105,11,11,LOW
2024-01-15 10:45:00,J-106,7,11,LOW
2024-01-15 10:45:00,J-107,5,10,LOW
2024-01-15 10:45:00,J-108,30,13,LOW
2024-01-15 11:00:00,J-101,27,10,LOW
2024-01-15 11:00:00,J-102,29,13,LOW
2024-01-15 11:00:00,J-103,18,11,LOW
2024-01-15 11:00:00,J-104,17,12,LOW
2024-01-15 11:00:00,J-105,11,11,LOW
2024-01-15 11:00:00,J-106,9,14,LOW
2024-01-15 11:00:00,J-107,4,8,LOW
2024-01-15 11:00:00,J-108,27,11,LOW
2024-01-15 11:15:00,J-101,30,12,LOW
2024-01-15 11:15:00,J-102,25,11,LOW
2024-01-15 11:15:00,J-103,20,13,LOW
2024-01-15 11:15:00,J-104,,12,LOW
2024-01-15 11:15:00,J-105,13,14,LOW
2024-01-15 11:15:00,J-106,6,9,LOW
2024-01-15 11:15:00,J-107,6,13,LOW
2024-01-15 11:15:00,J-108,31,13,LOW
2024-01-15 11:30:00,J-101,33,13,LOW
2024-01-15 11:30:00,J-102,27,12,LOW
2024-01-15 11:30:00,J-103,17,11,LOW
2024-01-15 11:30:00,J-104,14,10,LOW
2024-01-15 11:30:00,J-105,11,11,LOW
2024-01-15 11:30:00,J-106,6,9,LOW
2024-01-15 11:30:00,J-107,5,10,LOW
2024-01-15 11:30:00,J-108,22,9,LOW
2024-01-15 11:45:00,J-101,29,11,LOW
2024-01-15 11:45:00,J-102,21,9,LOW
2024-01-15 11:45:00,J-103,17,11,LOW
2024-01-15 11:45:00,J-104,18,13,LOW
2024-01-15 11:45:00,J-105,10,10,LOW
2024-01-15 11:45:00,J-106,6,9,LOW
2024-01-15 11:45:00,J-107,5,10,LOW
2024-01-15 11:45:00,J-108,28,12,LOW
2024-01-15 12:00:00,J-101,57,23,LOW
2024-01-15 12:00:00,J-102,61,28,LOW
2024-01-15 12:00:00,J-103,40,26,LOW
2024-01-15 12:00:00,J-104,32,23,LOW
2024-01-15 12:00:00,J-105,26,28,LOW
2024-01-15 12:00:00,J-106,16,26,LOW
2024-01-15 12:00:00,J-107,14,30,LOW
2024-01-15 12:00:00,J-108,50,21,LOW
2024-01-15 12:15:00,J-101,55,22,LOW
2024-01-15 12:15:00,J-102,60,27,LOW
2024-01-15 12:15:00,J-103,36,23,LOW
2024-01-15 12:15:00,J-104,38,27,LOW
2024-01-15 12:15:00,J-105,24,26,LOW
2024-01-15 12:15:00,J-106,14,22,LOW
2024-01-15 12:15:00,J-107,9,19,LOW
2024-01-15 12:15:00,J-108,54,23,LOW
2024-01-15 12:30:00,J-101,64,26,LOW
2024-01-15 12:30:00,J-102,51,23,LOW
2024-01-15 12:30:00,J-103,31,20,LOW
2024-01-15 12:30:00,J-104,36,26,LOW
2024-01-15 12:30:00,J-105,18,19,LOW
2024-01-15 12:30:00,J-106,15,24,LOW
2024-01-15 12:30:00,J-107,13,28,LOW
2024-01-15 12:30:00,J-108,54,23,LOW
2024-01-15 12:45:00,J-101,59,23,LOW
2024-01-15 12:45:00,J-102,57,26,LOW
2024-01-15 12:45:00,J-103,41,26,LOW
2024-01-15 12:45:00,J-104,25,18,LOW
2024-01-15 12:45:00,J-105,27,29,LOW
2024-01-15 12:45:00,J-106,18,29,LOW
2024-01-15 12:45:00,J-107,10,21,LOW
2024-01-15 12:45:00,J-108,57,24,LOW
2024-01-15 13:00:00,J-101,57,23,LOW
2024-01-15 13:00:00,J-102,50,23,LOW
2024-01-15 13:00:00,J-103,34,22,LOW
2024-01-15 13:00:00,J-104,27,19,LOW
2024-01-15 13:00:00,J-105,19,20,LOW
2024-01-15 13:00:00,J-106,13,21,LOW
2024-01-15 13:00:00,J-107,12,26,LOW
2024-01-15 13:00:00,J-108,55,23,LOW
2024-01-15 13:15:00,J-101,63,25,LOW
2024-01-15 13:15:00,J-102,56,26,LOW
2024-01-15 13:15:00,J-103,37,24,LOW
2024-01-15 13:15:00,J-104,32,23,LOW
2024-01-15 13:15:00,J-105,23,24,LOW
2024-01-15 13:15:00,J-106,16,26,LOW
2024-01-15 13:15:00,J-107,,21,LOW
2024-01-15 13:15:00,J-108,67,29,LOW
2024-01-15 13:30:00,J-101,54,21,LOW
2024-01-15 13:30:00,J-102,53,24,LOW
2024-01-15 13:30:00,J-103,34,22,LOW
2024-01-15 13:30:00,J-104,35,25,LOW
2024-01-15 13:30:00,J-105,30,32,LOW
2024-01-15 13:30:00,J-106,18,29,LOW
2024-01-15 13:30:00,J-107,11,23,LOW
2024-01-15 13:30:00,J-108,68,29,LOW
2024-01-15 13:45:00,J-101,33,13,LOW
2024-01-15 13:45:00,J-102,28,13,LOW
2024-01-15 13:45:00,J-103,20,13,LOW
2024-01-15 13:45:00,J-104,17,12,LOW
2024-01-15 13:45:00,J-105,13,14,LOW
2024-01-15 13:45:00,J-106,7,11,LOW
2024-01-15 13:45:00,J-107,6,13,LOW
2024-01-15 13:45:00,J-108,27,11,LOW
2024-01-15 14:00:00,J-101,32,13,LOW
2024-01-15 14:00:00,J-102,22,10,LOW
2024-01-15 14:00:00,J-103,13,8,LOW
2024-01-15 14:00:00,J-104,16,11,LOW
2024-01-15 14:00:00,J-105,12,13,LOW
2024-01-15 14:00:00,J-106,7,11,LOW
2024-01-15 14:00:00,J-107,5,10,LOW
2024-01-15 14:00:00,J-108,25,10,LOW
2024-01-15 14:15:00,J-101,30,12,LOW
2024-01-15 14:15:00,J-102,30,13,LOW
2024-01-15 14:15:00,J-103,21,13,LOW
2024-01-15 14:15:00,J-104,18,13,LOW
2024-01-15 14:15:00,J-105,11,11,LOW
2024-01-15 14:15:00,J-106,7,11,LOW
2024-01-15 14:15:00,J-107,5,10,LOW
2024-01-15 14:15:00,J-108,31,13,LOW
2024-01-15 14:30:00,J-101,19,7,LOW
2024-01-15 14:30:00,J-102,22,10,LOW
2024-01-15 14:30:00,J-103,17,11,LOW
2024-01-15 14:30:00,J-104,15,10,LOW
2024-01-15 14:30:00,J-105,9,9,LOW
2024-01-15 14:30:00,J-106,6,9,LOW
2024-01-15 14:30:00,J-107,5,10,LOW
2024-01-15 14:30:00,J-108,27,11,LOW
2024-01-15 14:45:00,J-101,29,11,LOW
2024-01-15 14:45:00,J-102,26,12,LOW
2024-01-15 14:45:00,J-103,16,10,LOW
2024-01-15 14:45:00,J-104,17,12,LOW
2024-01-15 14:45:00,J-105,11,11,LOW
2024-01-15 14:45:00,J-106,7,11,LOW
2024-01-15 14:45:00,J-107,4,8,LOW
2024-01-15 14:45:00,J-108,30,13,LOW
2024-01-15 15:00:00,J-101,23,9,LOW
2024-01-15 15:00:00,J-102,22,10,LOW
2024-01-15 15:00:00,J-103,23,14,LOW
2024-01-15 15:00:00,J-104,14,10,LOW
2024-01-15 15:00:00,J-105,10,10,LOW
2024-01-15 15:00:00,J-106,6,9,LOW
2024-01-15 15:00:00,J-107,4,8,LOW
2024-01-15 15:00:00,J-108,25,10,LOW
2024-01-15 15:15:00,J-101,31,12,LOW
2024-01-15 15:15:00,J-102,29,13,LOW
2024-01-15 15:15:00,J-103,16,10,LOW
2024-01-15 15:15:00,J-104,16,11,LOW
2024-01-15 15:15:00,J-105,10,10,LOW
2024-01-15 15:15:00,J-106,8,13,LOW
2024-01-15 15:15:00,J-107,5,10,LOW
2024-01-15 15:15:00,J-108,34,14,LOW
2024-01-15 15:30:00,J-101,22,8,LOW
2024-01-15 15:30:00,J-102,18,8,LOW
2024-01-15 15:30:00,J-103,20,13,LOW
2024-01-15 15:30:00,J-104,14,10,LOW
2024-01-15 15:30:00,J-105,10,10,LOW
2024-01-15 15:30:00,J-106,7,11,LOW
2024-01-15 15:30:00,J-107,3,6,LOW
2024-01-15 15:30:00,J-108,30,13,LOW
2024-01-15 15:45:00,J-101,33,13,LOW
2024-01-15 15:45:00,J-102,25,11,LOW
2024-01-15 15:45:00,J-103,18,11,LOW
2024-01-15 15:45:00,J-104,18,13,LOW
2024-01-15 15:45:00,J-105,9,9,LOW
2024-01-15 15:45:00,J-106,7,11,LOW
2024-01-15 15:45:00,J-107,4,8,LOW
2024-01-15 15:45:00,J-108,21,9,LOW
2024-01-15 16:00:00,J-101,21,8,LOW
2024-01-15 16:00:00,J-102,19,8,LOW
2024-01-15 16:00:00,J-103,11,7,LOW
2024-01-15 16:00:00,J-104,12,8,LOW
2024-01-15 16:00:00,J-105,5,5,LOW
2024-01-15 16:00:00,J-106,4,6,LOW
2024-01-15 16:00:00,J-107,3,6,LOW
2024-01-15 16:00:00,J-108,17,7,LOW
2024-01-15 16:15:00,J-101,26,10,LOW
2024-01-15 16:15:00,J-102,19,8,LOW
2024-01-15 16:15:00,J-103,16,10,LOW
2024-01-15 16:15:00,J-104,17,12,LOW
2024-01-15 16:15:00,J-105,12,13,LOW
2024-01-15 16:15:00,J-106,6,9,LOW
2024-01-15 16:15:00,J-107,5,10,LOW
2024-01-15 16:15:00,J-108,20,8,LOW
2024-01-15 16:30:00,J-101,90,36,LOW
2024-01-15 16:30:00,J-102,79,36,LOW
2024-01-15 16:30:00,J-103,68,44,MODERATE
2024-01-15 16:30:00,J-104,68,49,MODERATE
2024-01-15 16:30:00,J-105,36,39,LOW
2024-01-15 16:30:00,J-106,18,29,LOW
2024-01-15 16:30:00,J-107,20,43,MODERATE
2024-01-15 16:30:00,J-108,97,42,MODERATE
2024-01-15 16:45:00,J-101,96,39,LOW
2024-01-15 16:45:00,J-102,94,43,MODERATE
2024-01-15 16:45:00,J-103,76,49,MODERATE
2024-01-15 16:45:00,J-104,58,41,MODERATE
2024-01-15 16:45:00,J-105,39,42,MODERATE
2024-01-15 16:45:00,J-106,29,47,MODERATE
2024-01-15 16:45:00,J-107,17,36,LOW
2024-01-15 16:45:00,J-108,95,41,MODERATE
2024-01-15 17:00:00,J-101,116,47,MODERATE
2024-01-15 17:00:00,J-102,88,40,MODERATE
2024-01-15 17:00:00,J-103,70,45,MODERATE
2024-01-15 17:00:00,J-104,67,48,MODERATE
2024-01-15 17:00:00,J-105,42,45,MODERATE
2024-01-15 17:00:00,J-106,28,45,MODERATE
2024-01-15 17:00:00,J-107,20,43,MODERATE
2024-01-15 17:00:00,J-108,111,48,MODERATE
2024-01-15 17:15:00,J-101,126,51,MODERATE
2024-01-15 17:15:00,J-102,107,49,MODERATE
2024-01-15 17:15:00,J-103,77,50,MODERATE
2024-01-15 17:15:00,J-104,79,57,MODERATE
2024-01-15 17:15:00,J-105,49,53,MODERATE
2024-01-15 17:15:00,J-106,23,37,LOW
2024-01-15 17:15:00,J-107,27,58,MODERATE
2024-01-15 17:15:00,J-108,117,50,MODERATE
2024-01-15 17:30:00,J-101,121,49,MODERATE
2024-01-15 17:30:00,J-102,116,53,MODERATE
2024-01-15 17:30:00,J-103,96,62,MODERATE
2024-01-15 17:30:00,J-104,113,81,HIGH
2024-01-15 17:30:00,J-105,59,63,MODERATE
2024-01-15 17:30:00,J-106,38,61,MODERATE
2024-01-15 17:30:00,J-107,23,49,MODERATE
2024-01-15 17:30:00,J-108,132,57,MODERATE
2024-01-15 17:45:00,J-101,125,50,MODERATE
2024-01-15 17:45:00,J-102,112,52,MODERATE
2024-01-15 17:45:00,J-103,,64,MODERATE
2024-01-15 17:45:00,J-104,83,59,MODERATE
2024-01-15 17:45:00,J-105,57,61,MODERATE
2024-01-15 17:45:00,J-106,31,50,MODERATE
2024-01-15 17:45:00,J-107,29,62,MODERATE
2024-01-15 17:45:00,J-108,149,64,MODERATE
2024-01-15 18:00:00,J-101,162,65,MODERATE
2024-01-15 18:00:00,J-102,161,74,HIGH
2024-01-15 18:00:00,J-103,101,65,MODERATE
2024-01-15 18:00:00,J-104,92,66,MODERATE
2024-01-15 18:00:00,J-105,51,55,MODERATE
2024-01-15 18:00:00,J-106,36,58,MODERATE
2024-01-15 18:00:00,J-107,31,67,MODERATE
2024-01-15 18:00:00,J-108,149,64,MODERATE
2024-01-15 18:15:00,J-101,120,48,MODERATE
2024-01-15 18:15:00,J-102,111,51,MODERATE
2024-01-15 18:15:00,J-103,104,67,MODERATE
2024-01-15 18:15:00,J-104,83,59,MODERATE
2024-01-15 18:15:00,J-105,54,58,MODERATE
2024-01-15 18:15:00,J-106,38,61,MODERATE
2024-01-15 18:15:00,J-107,22,47,MODERATE
2024-01-15 18:15:00,J-108,133,57,MODERATE
2024-01-15 18:30:00,J-101,122,49,MODERATE
2024-01-15 18:30:00,J-102,112,52,MODERATE
2024-01-15 18:30:00,J-103,91,59,MODERATE
2024-01-15 18:30:00,J-104,76,54,MODERATE
2024-01-15 18:30:00,J-105,45,48,MODERATE
2024-01-15 18:30:00,J-106,31,50,MODERATE
2024-01-15 18:30:00,J-107,28,60,MODERATE
2024-01-15 18:30:00,J-108,131,56,MODERATE
2024-01-15 18:45:00,J-101,160,65,MODERATE
2024-01-15 18:45:00,J-102,98,45,MODERATE
2024-01-15 18:45:00,J-103,79,51,MODERATE
2024-01-15 18:45:00,J-104,83,59,MODERATE
2024-01-15 18:45:00,J-105,56,60,MODERATE
2024-01-15 18:45:00,J-106,35,56,MODERATE
2024-01-15 18:45:00,J-107,26,56,MODERATE
2024-01-15 18:45:00,J-108,144,62,MODERATE
2024-01-15 19:00:00,J-101,127,51,MODERATE
2024-01-15 19:00:00,J-102,125,58,MODERATE
2024-01-15 19:00:00,J-103,79,51,MODERATE
2024-01-15 19:00:00,J-104,74,53,MODERATE
2024-01-15 19:00:00,J-105,42,45,MODERATE
2024-01-15 19:00:00,J-106,32,52,MODERATE
2024-01-15 19:00:00,J-107,23,49,MODERATE
2024-01-15 19:00:00,J-108,95,41,MODERATE
2024-01-15 19:15:00,J-101,112,45,MODERATE
2024-01-15 19:15:00,J-102,103,47,MODERATE
2024-01-15 19:15:00,J-103,77,50,MODERATE
2024-01-15 19:15:00,J-104,65,46,MODERATE
2024-01-15 19:15:00,J-105,37,40,MODERATE
2024-01-15 19:15:00,J-106,22,35,LOW
2024-01-15 19:15:00,J-107,15,32,LOW
2024-01-15 19:15:00,J-108,95,41,MODERATE
2024-01-15 19:30:00,J-101,95,38,LOW
2024-01-15 19:30:00,J-102,97,45,MODERATE
2024-01-15 19:30:00,J-103,73,47,MODERATE
2024-01-15 19:30:00,J-104,49,35,LOW
2024-01-15 19:30:00,J-105,33,35,LOW
2024-01-15 19:30:00,J-106,20,32,LOW
2024-01-15 19:30:00,J-107,16,34,LOW
2024-01-15 19:30:00,J-108,90,39,LOW
2024-01-15 19:45:00,J-101,34,13,LOW
2024-01-15 19:45:00,J-102,30,13,LOW
2024-01-15 19:45:00,J-103,19,12,LOW
2024-01-15 19:45:00,J-104,19,13,LOW
2024-01-15 19:45:00,J-105,12,13,LOW
2024-01-15 19:45:00,J-106,9,14,LOW
2024-01-15 19:45:00,J-107,5,10,LOW
2024-01-15 19:45:00,J-108,28,12,LOW
2024-01-15 20:00:00,J-101,26,10,LOW
2024-01-15 20:00:00,J-102,31,14,LOW
2024-01-15 20:00:00,J-103,17,11,LOW
2024-01-15 20:00:00,J-104,19,13,LOW
2024-01-15 20:00:00,J-105,10,10,LOW
2024-01-15 20:00:00,J-106,8,13,LOW
2024-01-15 20:00:00,J-107,5,10,LOW
2024-01-15 20:00:00,J-108,29,12,LOW
2024-01-15 20:15:00,J-101,15,6,LOW
2024-01-15 20:15:00,J-102,16,7,LOW
2024-01-15 20:15:00,J-103,12,7,LOW
2024-01-15 20:15:00,J-104,12,8,LOW
2024-01-15 20:15:00,J-105,6,6,LOW
2024-01-15 20:15:00,J-106,4,6,LOW
2024-01-15 20:15:00,J-107,3,6,LOW
2024-01-15 20:15:00,J-108,22,9,LOW
2024-01-15 20:30:00,J-101,24,9,LOW
2024-01-15 20:30:00,J-102,24,11,LOW
2024-01-15 20:30:00,J-103,15,9,LOW
2024-01-15 20:30:00,J-104,15,10,LOW
2024-01-15 20:30:00,J-105,8,8,LOW
2024-01-15 20:30:00,J-106,6,9,LOW
2024-01-15 20:30:00,J-107,4,8,LOW
2024-01-15 20:30:00,J-108,25,10,LOW
2024-01-15 20:45:00,J-101,27,10,LOW
2024-01-15 20:45:00,J-102,26,12,LOW
2024-01-15 20:45:00,J-103,12,7,LOW
2024-01-15 20:45:00,J-104,13,9,LOW
2024-01-15 20:45:00,J-105,8,8,LOW
2024-01-15 20:45:00,J-106,4,6,LOW
2024-01-15 20:45:00,J-107,4,8,LOW
2024-01-15 20:45:00,J-108,26,11,LOW
2024-01-15 21:00:00,J-101,26,10,LOW
2024-01-15 21:00:00,J-102,21,9,LOW
2024-01-15 21:00:00,J-103,16,10,LOW
2024-01-15 21:00:00,J-104,18,13,LOW
2024-01-15 21:00:00,J-105,13,14,LOW
2024-01-15 21:00:00,J-106,7,11,LOW
2024-01-15 21:00:00,J-107,6,13,LOW
2024-01-15 21:00:00,J-108,27,11,LOW
2024-01-15 21:15:00,J-101,25,10,LOW
2024-01-15 21:15:00,J-102,23,10,LOW
2024-01-15 21:15:00,J-103,14,9,LOW
2024-01-15 21:15:00,J-104,14,10,LOW
2024-01-15 21:15:00,J-105,11,11,LOW
2024-01-15 21:15:00,J-106,6,9,LOW
2024-01-15 21:15:00,J-107,4,8,LOW
2024-01-15 21:15:00,J-108,22,9,LOW
2024-01-15 21:30:00,J-101,32,13,LOW
2024-01-15 21:30:00,J-102,25,11,LOW
2024-01-15 21:30:00,J-103,15,9,LOW
2024-01-15 21:30:00,J-104,16,11,LOW
2024-01-15 21:30:00,J-105,10,10,LOW
2024-01-15 21:30:00,J-106,6,9,LOW
2024-01-15 21:30:00,J-107,6,13,LOW
2024-01-15 21:30:00,J-108,25,10,LOW
2024-01-15 21:45:00,J-101,33,13,LOW
2024-01-15 21:45:00,J-102,26,12,LOW
2024-01-15 21:45:00,J-103,22,14,LOW
2024-01-15 21:45:00,J-104,17,12,LOW
2024-01-15 21:45:00,J-105,8,8,LOW
2024-01-15 21:45:00,J-106,7,11,LOW
2024-01-15 21:45:00,J-107,5,10,LOW
2024-01-15 21:45:00,J-108,41,17,LOW
2024-01-15 22:00:00,J-101,22,8,LOW
2024-01-15 22:00:00,J-102,19,8,LOW
2024-01-15 22:00:00,J-103,9,5,LOW
2024-01-15 22:00:00,J-104,8,5,LOW
2024-01-15 22:00:00,J-105,8,8,LOW
2024-01-15 22:00:00,J-106,3,4,LOW
2024-01-15 22:00:00,J-107,3,6,LOW
2024-01-15 22:00:00,J-108,13,5,LOW
2024-01-15 22:15:00,J-101,30,12,LOW
2024-01-15 22:15:00,J-102,27,12,LOW
2024-01-15 22:15:00,J-103,18,,LOW
2024-01-15 22:15:00,J-104,16,11,LOW
2024-01-15 22:15:00,J-105,11,11,LOW
2024-01-15 22:15:00,J-106,6,9,LOW
2024-01-15 22:15:00,J-107,5,10,LOW
2024-01-15 22:15:00,J-108,24,10,LOW
2024-01-15 22:30:00,J-101,27,10,LOW
2024-01-15 22:30:00,J-102,29,13,LOW
2024-01-15 22:30:00,J-103,15,9,LOW
2024-01-15 22:30:00,J-104,15,10,LOW
2024-01-15 22:30:00,J-105,10,10,LOW
2024-01-15 22:30:00,J-106,8,13,LOW
2024-01-15 22:30:00,J-107,4,8,LOW
2024-01-15 22:30:00,J-108,26,11,LOW
2024-01-15 22:45:00,J-101,29,11,LOW
2024-01-15 22:45:00,J-102,23,10,LOW
2024-01-15 22:45:00,J-103,20,13,LOW
2024-01-15 22:45:00,J-104,18,13,LOW
2024-01-15 22:45:00,J-105,10,10,LOW
2024-01-15 22:45:00,J-106,7,11,LOW
2024-01-15 22:45:00,J-107,4,8,LOW
2024-01-15 22:45:00,J-108,31,13,LOW
2024-01-15 23:00:00,J-101,28,11,LOW
2024-01-15 23:00:00,J-102,23,10,LOW
2024-01-15 23:00:00,J-103,18,11,LOW
2024-01-15 23:00:00,J-104,16,11,LOW
2024-01-15 23:00:00,J-105,10,10,LOW
2024-01-15 23:00:00,J-106,5,8,LOW
2024-01-15 23:00:00,J-107,5,10,LOW
2024-01-15 23:00:00,J-108,22,9,LOW
2024-01-15 23:15:00,J-101,34,13,LOW
2024-01-15 23:15:00,J-102,28,13,LOW
2024-01-15 23:15:00,J-103,19,12,LOW
2024-01-15 23:15:00,J-104,15,10,LOW
2024-01-15 23:15:00,J-105,14,15,LOW
2024-01-15 23:15:00,J-106,7,11,LOW
2024-01-15 23:15:00,J-107,6,13,LOW
2024-01-15 23:15:00,J-108,28,12,LOW
2024-01-15 23:30:00,J-101,26,10,LOW
2024-01-15 23:30:00,J-102,32,14,LOW
2024-01-15 23:30:00,J-103,19,12,LOW
2024-01-15 23:30:00,J-104,19,13,LOW
2024-01-15 23:30:00,J-105,14,15,LOW
2024-01-15 23:30:00,J-106,8,13,LOW
2024-01-15 23:30:00,J-107,6,13,LOW
2024-01-15 23:30:00,J-108,37,16,LOW
2024-01-15 23:45:00,J-101,33,13,LOW
2024-01-15 23:45:00,J-102,29,13,LOW
2024-01-15 23:45:00,J-103,17,11,LOW
2024-01-15 23:45:00,J-104,17,12,LOW
2024-01-15 23:45:00,J-105,12,13,LOW
2024-01-15 23:45:00,J-106,7,11,LOW
2024-01-15 23:45:00,J-107,5,10,LOW
2024-01-15 23:45:00,J-108,32,13,LOW
2024-01-16 00:00:00,J-101,25,10,LOW
2024-01-16 00:00:00,J-102,31,14,LOW
2024-01-16 00:00:00,J-103,24,15,LOW
2024-01-16 00:00:00,J-104,19,13,LOW
2024-01-16 00:00:00,J-105,12,13,LOW
2024-01-16 00:00:00,J-106,6,9,LOW
2024-01-16 00:00:00,J-107,5,10,LOW
2024-01-16 00:00:00,J-108,30,13,LOW
2024-01-16 00:15:00,J-101,35,14,LOW
2024-01-16 00:15:00,J-102,32,14,LOW
2024-01-16 00:15:00,J-103,22,14,LOW
2024-01-16 00:15:00,J-104,20,14,LOW
2024-01-16 00:15:00,J-105,,7,LOW
2024-01-16 00:15:00,J-106,7,11,LOW
2024-01-16 00:15:00,J-107,5,10,LOW
2024-01-16 00:15:00,J-108,28,12,LOW
2024-01-16 00:30:00,J-101,18,7,LOW
2024-01-16 00:30:00,J-102,15,6,LOW
2024-01-16 00:30:00,J-103,13,8,LOW
2024-01-16 00:30:00,J-104,9,6,LOW
2024-01-16 00:30:00,J-105,8,8,LOW
2024-01-16 00:30:00,J-106,5,8,LOW
2024-01-16 00:30:00,J-107,3,6,LOW
2024-01-16 00:30:00,J-108,20,8,LOW
2024-01-16 00:45:00,J-101,30,12,LOW
2024-01-16 00:45:00,J-102,25,11,LOW
2024-01-16 00:45:00,J-103,20,13,LOW
2024-01-16 00:45:00,J-104,16,11,LOW
2024-01-16 00:45:00,J-105,12,13,LOW
2024-01-16 00:45:00,J-106,7,11,LOW
2024-01-16 00:45:00,J-107,5,10,LOW
2024-01-16 00:45:00,J-108,22,9,LOW
2024-01-16 01:00:00,J-101,4,1,LOW
2024-01-16 01:00:00,J-102,4,1,LOW
2024-01-16 01:00:00,J-103,3,1,LOW
2024-01-16 01:00:00,J-104,3,2,LOW
2024-01-16 01:00:00,J-105,1,1,LOW
2024-01-16 01:00:00,J-106,1,1,LOW
2024-01-16 01:00:00,J-107,0,0,LOW
2024-01-16 01:00:00,J-108,4,1,LOW
2024-01-16 01:15:00,J-101,4,1,LOW
2024-01-16 01:15:00,J-102,3,1,LOW
2024-01-16 01:15:00,J-103,2,1,LOW
2024-01-16 01:15:00,J-104,2,1,LOW
2024-01-16 01:15:00,J-105,1,1,LOW
2024-01-16 01:15:00,J-106,0,0,LOW
2024-01-16 01:15:00,J-107,0,0,LOW
2024-01-16 01:15:00,J-108,3,1,LOW
2024-01-16 01:30:00,J-101,5,2,LOW
2024-01-16 01:30:00,J-102,4,1,LOW
2024-01-16 01:30:00,J-103,3,1,LOW
2024-01-16 01:30:00,J-104,2,1,LOW
2024-01-16 01:30:00,J-105,2,2,LOW
2024-01-16 01:30:00,J-106,1,1,LOW
2024-01-16 01:30:00,J-107,0,0,LOW
2024-01-16 01:30:00,J-108,4,1,LOW
2024-01-16 01:45:00,J-101,4,1,LOW
2024-01-16 01:45:00,J-102,3,1,LOW
2024-01-16 01:45:00,J-103,2,1,LOW
2024-01-16 01:45:00,J-104,2,1,LOW
2024-01-16 01:45:00,J-105,1,1,LOW
2024-01-16 01:45:00,J-106,1,1,LOW
2024-01-16 01:45:00,J-107,0,0,LOW
2024-01-16 01:45:00,J-108,5,2,LOW
2024-01-16 02:00:00,J-101,3,1,LOW
2024-01-16 02:00:00,J-102,3,1,LOW
2024-01-16 02:00:00,J-103,2,1,LOW
2024-01-16 02:00:00,J-104,2,1,LOW
2024-01-16 02:00:00,J-105,1,1,LOW
2024-01-16 02:00:00,J-106,0,0,LOW
2024-01-16 02:00:00,J-107,0,0,LOW
2024-01-16 02:00:00,J-108,3,1,LOW
2024-01-16 02:15:00,J-101,3,1,LOW
2024-01-16 02:15:00,J-102,3,1,LOW
2024-01-16 02:15:00,J-103,3,1,LOW
2024-01-16 02:15:00,J-104,2,1,LOW
2024-01-16 02:15:00,J-105,1,1,LOW
2024-01-16 02:15:00,J-106,0,0,LOW
2024-01-16 02:15:00,J-107,0,0,LOW
2024-01-16 02:15:00,J-108,4,1,LOW
2024-01-16 02:30:00,J-101,3,1,LOW
2024-01-16 02:30:00,J-102,3,1,LOW
2024-01-16 02:30:00,J-103,3,1,LOW
2024-01-16 02:30:00,J-104,2,1,LOW
2024-01-16 02:30:00,J-105,1,1,LOW
2024-01-16 02:30:00,J-106,1,1,LOW
2024-01-16 02:30:00,J-107,0,0,LOW
2024-01-16 02:30:00,J-108,2,0,LOW
2024-01-16 02:45:00,J-101,4,1,LOW
2024-01-16 02:45:00,J-102,3,1,LOW
2024-01-16 02:45:00,J-103,3,1,LOW
2024-01-16 02:45:00,J-104,2,1,LOW
2024-01-16 02:45:00,J-105,1,1,LOW
2024-01-16 02:45:00,J-106,1,1,LOW
2024-01-16 02:45:00,J-107,0,0,LOW
2024-01-16 02:45:00,J-108,3,1,LOW
2024-01-16 03:00:00,J-101,3,1,LOW
2024-01-16 03:00:00,J-102,3,1,LOW
2024-01-16 03:00:00,J-103,1,0,LOW
2024-01-16 03:00:00,J-104,2,1,LOW
2024-01-16 03:00:00,J-105,1,1,LOW
2024-01-16 03:00:00,J-106,0,0,LOW
2024-01-16 03:00:00,J-107,0,0,LOW
2024-01-16 03:00:00,J-108,3,1,LOW
2024-01-16 03:15:00,J-101,4,1,LOW
2024-01-16 03:15:00,J-102,4,1,LOW
2024-01-16 03:15:00,J-103,3,1,LOW
2024-01-16 03:15:00,J-104,2,1,LOW
2024-01-16 03:15:00,J-105,1,1,LOW
2024-01-16 03:15:00,J-106,1,1,LOW
2024-01-16 03:15:00,J-107,0,0,LOW
2024-01-16 03:15:00,J-108,4,1,LOW
2024-01-16 03:30:00,J-101,5,2,LOW
2024-01-16 03:30:00,J-102,3,1,LOW
2024-01-16 03:30:00,J-103,2,1,LOW
2024-01-16 03:30:00,J-104,2,1,LOW
2024-01-16 03:30:00,J-105,1,1,LOW
2024-01-16 03:30:00,J-106,0,0,LOW
2024-01-16 03:30:00,J-107,0,0,LOW
2024-01-16 03:30:00,J-108,3,1,LOW
2024-01-16 03:45:00,J-101,4,1,LOW
2024-01-16 03:45:00,J-102,3,1,LOW
2024-01-16 03:45:00,J-103,2,1,LOW
2024-01-16 03:45:00,J-104,3,2,LOW
2024-01-16 03:45:00,J-105,1,1,LOW
2024-01-16 03:45:00,J-106,1,1,LOW
2024-01-16 03:45:00,J-107,1,2,LOW
2024-01-16 03:45:00,J-108,4,1,LOW
2024-01-16 04:00:00,J-101,3,1,LOW
2024-01-16 04:00:00,J-102,3,1,LOW
2024-01-16 04:00:00,J-103,3,1,LOW
2024-01-16 04:00:00,J-104,2,1,LOW
2024-01-16 04:00:00,J-105,1,1,LOW
2024-01-16 04:00:00,J-106,0,0,LOW
2024-01-16 04:00:00,J-107,0,0,LOW
2024-01-16 04:00:00,J-108,4,1,LOW
2024-01-16 04:15:00,J-101,4,1,LOW
2024-01-16 04:15:00,J-102,4,1,LOW
2024-01-16 04:15:00,J-103,2,1,LOW
2024-01-16 04:15:00,J-104,2,1,LOW
2024-01-16 04:15:00,J-105,1,1,LOW
2024-01-16 04:15:00,J-106,,0,LOW
2024-01-16 04:15:00,J-107,0,0,LOW
2024-01-16 04:15:00,J-108,4,1,LOW
2024-01-16 04:30:00,J-101,3,1,LOW
2024-01-16 04:30:00,J-102,2,0,LOW
2024-01-16 04:30:00,J-103,1,0,LOW
2024-01-16 04:30:00,J-104,1,0,LOW
2024-01-16 04:30:00,J-105,0,0,LOW
2024-01-16 04:30:00,J-106,0,0,LOW
2024-01-16 04:30:00,J-107,0,0,LOW
2024-01-16 04:30:00,J-108,3,1,LOW
2024-01-16 04:45:00,J-101,4,1,LOW
2024-01-16 04:45:00,J-102,3,1,LOW
2024-01-16 04:45:00,J-103,3,1,LOW
2024-01-16 04:45:00,J-104,2,1,LOW
2024-01-16 04:45:00,J-105,1,1,LOW
2024-01-16 04:45:00,J-106,1,1,LOW
2024-01-16 04:45:00,J-107,0,0,LOW
2024-01-16 04:45:00,J-108,4,1,LOW
2024-01-16 05:00:00,J-101,3,1,LOW
2024-01-16 05:00:00,J-102,4,1,LOW
2024-01-16 05:00:00,J-103,2,1,LOW
2024-01-16 05:00:00,J-104,2,1,LOW
2024-01-16 05:00:00,J-105,1,1,LOW
2024-01-16 05:00:00,J-106,1,1,LOW
2024-01-16 05:00:00,J-107,0,0,LOW
2024-01-16 05:00:00,J-108,4,1,LOW
2024-01-16 05:15:00,J-101,30,12,LOW
2024-01-16 05:15:00,J-102,25,11,LOW
2024-01-16 05:15:00,J-103,17,11,LOW
2024-01-16 05:15:00,J-104,16,11,LOW
2024-01-16 05:15:00,J-105,9,9,LOW
2024-01-16 05:15:00,J-106,7,11,LOW
2024-01-16 05:15:00,J-107,5,10,LOW
2024-01-16 05:15:00,J-108,25,10,LOW
2024-01-16 05:30:00,J-101,35,14,LOW
2024-01-16 05:30:00,J-102,26,12,LOW
2024-01-16 05:30:00,J-103,19,12,LOW
2024-01-16 05:30:00,J-104,21,15,LOW
2024-01-16 05:30:00,J-105,13,14,LOW
2024-01-16 05:30:00,J-106,8,13,LOW
2024-01-16 05:30:00,J-107,5,10,LOW
2024-01-16 05:30:00,J-108,32,13,LOW
2024-01-16 05:45:00,J-101,19,7,LOW
2024-01-16 05:45:00,J-102,29,13,LOW
2024-01-16 05:45:00,J-103,19,12,LOW
2024-01-16 05:45:00,J-104,18,13,LOW
2024-01-16 05:45:00,J-105,11,11,LOW
2024-01-16 05:45:00,J-106,7,11,LOW
2024-01-16 05:45:00,J-107,5,10,LOW
2024-01-16 05:45:00,J-108,26,11,LOW
2024-01-16 06:00:00,J-101,28,11,LOW
2024-01-16 06:00:00,J-102,22,10,LOW
2024-01-16 06:00:00,J-103,15,9,LOW
2024-01-16 06:00:00,J-104,13,9,LOW
2024-01-16 06:00:00,J-105,10,10,LOW
2024-01-16 06:00:00,J-106,5,8,LOW
2024-01-16 06:00:00,J-107,5,10,LOW
2024-01-16 06:00:00,J-108,26,11,LOW
2024-01-16 06:15:00,J-101,26,10,LOW
2024-01-16 06:15:00,J-102,18,8,LOW
2024-01-16 06:15:00,J-103,17,11,LOW
2024-01-16 06:15:00,J-104,15,10,LOW
2024-01-16 06:15:00,J-105,10,10,LOW
2024-01-16 06:15:00,J-106,8,13,LOW
2024-01-16 06:15:00,J-107,5,10,LOW
2024-01-16 06:15:00,J-108,32,13,LOW
2024-01-16 06:30:00,J-101,26,10,LOW
2024-01-16 06:30:00,J-102,26,12,LOW
2024-01-16 06:30:00,J-103,15,9,LOW
2024-01-16 06:30:00,J-104,15,10,LOW
2024-01-16 06:30:00,J-105,9,9,LOW
2024-01-16 06:30:00,J-106,6,9,LOW
2024-01-16 06:30:00,J-107,5,10,LOW
2024-01-16 06:30:00,J-108,27,11,LOW
2024-01-16 06:45:00,J-101,41,16,LOW
2024-01-16 06:45:00,J-102,28,13,LOW
2024-01-16 06:45:00,J-103,14,9,LOW
2024-01-16 06:45:00,J-104,15,10,LOW
2024-01-16 06:45:00,J-105,13,14,LOW
2024-01-16 06:45:00,J-106,9,14,LOW
2024-01-16 06:45:00,J-107,4,8,LOW
2024-01-16 06:45:00,J-108,34,14,LOW
2024-01-16 07:00:00,J-101,32,13,LOW
2024-01-16 07:00:00,J-102,23,10,LOW
2024-01-16 07:00:00,J-103,20,13,LOW
2024-01-16 07:00:00,J-104,19,13,LOW
2024-01-16 07:00:00,J-105,13,14,LOW
2024-01-16 07:00:00,J-106,7,11,LOW
2024-01-16 07:00:00,J-107,5,10,LOW
2024-01-16 07:00:00,J-108,30,13,LOW
2024-01-16 07:15:00,J-101,28,,LOW
2024-01-16 07:15:00,J-102,24,11,LOW
2024-01-16 07:15:00,J-103,17,11,LOW
2024-01-16 07:15:00,J-104,15,10,LOW
2024-01-16 07:15:00,J-105,12,13,LOW
2024-01-16 07:15:00,J-106,7,11,LOW
2024-01-16 07:15:00,J-107,5,10,LOW
2024-01-16 07:15:00,J-108,31,13,LOW
2024-01-16 07:30:00,J-101,84,34,LOW
2024-01-16 07:30:00,J-102,61,28,LOW
2024-01-16 07:30:00,J-103,39,25,LOW
2024-01-16 07:30:00,J-104,40,28,LOW
2024-01-16 07:30:00,J-105,30,32,LOW
2024-01-16 07:30:00,J-106,21,34,LOW
2024-01-16 07:30:00,J-107,16,34,LOW
2024-01-16 07:30:00,J-108,93,40,MODERATE
2024-01-16 07:45:00,J-101,103,41,MODERATE
2024-01-16 07:45:00,J-102,90,41,MODERATE
2024-01-16 07:45:00,J-103,74,48,MODERATE
2024-01-16 07:45:00,J-104,60,43,MODERATE
2024-01-16 07:45:00,J-105,35,37,LOW
2024-01-16 07:45:00,J-106,29,47,MODERATE
2024-01-16 07:45:00,J-107,15,32,LOW
2024-01-16 07:45:00,J-108,94,40,MODERATE
2024-01-16 08:00:00,J-101,137,55,MODERATE
2024-01-16 08:00:00,J-102,109,50,MODERATE
2024-01-16 08:00:00,J-103,73,47,MODERATE
2024-01-16 08:00:00,J-104,79,57,MODERATE
2024-01-16 08:00:00,J-105,44,47,MODERATE
2024-01-16 08:00:00,J-106,28,45,MODERATE
2024-01-16 08:00:00,J-107,25,54,MODERATE
2024-01-16 08:00:00,J-108,116,50,MODERATE
2024-01-16 08:15:00,J-101,134,54,MODERATE
2024-01-16 08:15:00,J-102,122,56,MODERATE
2024-01-16 08:15:00,J-103,87,56,MODERATE
2024-01-16 08:15:00,J-104,78,56,MODERATE
2024-01-16 08:15:00,J-105,56,60,MODERATE
2024-01-16 08:15:00,J-106,35,56,MODERATE
2024-01-16 08:15:00,J-107,28,60,MODERATE
2024-01-16 08:15:00,J-108,119,51,MODERATE
2024-01-16 08:30:00,J-101,151,61,MODERATE
2024-01-16 08:30:00,J-102,106,49,MODERATE
2024-01-16 08:30:00,J-103,107,69,MODERATE
2024-01-16 08:30:00,J-104,88,63,MODERATE
2024-01-16 08:30:00,J-105,57,61,MODERATE
2024-01-16 08:30:00,J-106,43,69,MODERATE
2024-01-16 08:30:00,J-107,28,60,MODERATE
2024-01-16 08:30:00,J-108,155,67,MODERATE
2024-01-16 08:45:00,J-101,152,61,MODERATE
2024-01-16 08:45:00,J-102,166,77,HIGH
2024-01-16 08:45:00,J-103,81,52,MODERATE
2024-01-16 08:45:00,J-104,98,70,HIGH
2024-01-16 08:45:00,J-105,64,69,MODERATE
2024-01-16 08:45:00,J-106,34,55,MODERATE
2024-01-16 08:45:00,J-107,30,65,MODERATE
2024-01-16 08:45:00,J-108,167,72,HIGH
2024-01-16 09:00:00,J-101,124,50,MODERATE
2024-01-16 09:00:00,J-102,130,60,MODERATE
2024-01-16 09:00:00,J-103,93,60,MODERATE
2024-01-16 09:00:00,J-104,73,52,MODERATE
2024-01-16 09:00:00,J-105,51,55,MODERATE
2024-01-16 09:00:00,J-106,38,61,MODERATE
2024-01-16 09:00:00,J-107,28,60,MODERATE
2024-01-16 09:00:00,J-108,127,55,MODERATE
2024-01-16 09:15:00,J-101,136,55,MODERATE
2024-01-16 09:15:00,J-102,91,42,MODERATE
2024-01-16 09:15:00,J-103,76,49,MODERATE
2024-01-16 09:15:00,J-104,74,53,MODERATE
2024-01-16 09:15:00,J-105,58,62,MODERATE
2024-01-16 09:15:00,J-106,31,50,MODERATE
2024-01-16 09:15:00,J-107,27,58,MODERATE
2024-01-16 09:15:00,J-108,154,66,MODERATE
2024-01-16 09:30:00,J-101,148,60,MODERATE
2024-01-16 09:30:00,J-102,112,52,MODERATE
2024-01-16 09:30:00,J-103,71,46,MODERATE
2024-01-16 09:30:00,J-104,73,52,MODERATE
2024-01-16 09:30:00,J-105,43,46,MODERATE
2024-01-16 09:30:00,J-106,32,52,MODERATE
2024-01-16 09:30:00,J-107,25,54,MODERATE
2024-01-16 09:30:00,J-108,104,45,MODERATE
2024-01-16 09:45:00,J-101,94,38,LOW
2024-01-16 09:45:00,J-102,69,32,LOW
2024-01-16 09:45:00,J-103,56,36,LOW
2024-01-16 09:45:00,J-104,63,45,MODERATE
2024-01-16 09:45:00,J-105,42,45,MODERATE
2024-01-16 09:45:00,J-106,25,40,MODERATE
2024-01-16 09:45:00,J-107,21,45,MODERATE
2024-01-16 09:45:00,J-108,97,42,MODERATE
2024-01-16 10:00:00,J-101,80,32,LOW
2024-01-16 10:00:00,J-102,79,36,LOW
2024-01-16 10:00:00,J-103,53,34,LOW
2024-01-16 10:00:00,J-104,43,31,LOW
2024-01-16 10:00:00,J-105,35,37,LOW
2024-01-16 10:00:00,J-106,19,30,LOW
2024-01-16 10:00:00,J-107,18,39,LOW
2024-01-16 10:00:00,J-108,75,32,LOW
2024-01-16 10:15:00,J-101,34,13,LOW
2024-01-16 10:15:00,J-102,27,12,LOW
2024-01-16 10:15:00,J-103,21,13,LOW
2024-01-16 10:15:00,J-104,16,11,LOW
2024-01-16 10:15:00,J-105,10,10,LOW
2024-01-16 10:15:00,J-106,8,13,LOW
2024-01-16 10:15:00,J-107,5,10,LOW
2024-01-16 10:15:00,J-108,27,11,LOW
2024-01-16 10:30:00,J-101,24,9,LOW
2024-01-16 10:30:00,J-102,28,13,LOW
2024-01-16 10:30:00,J-103,16,10,LOW
2024-01-16 10:30:00,J-104,15,10,LOW
2024-01-16 10:30:00,J-105,9,9,LOW
2024-01-16 10:30:00,J-106,5,8,LOW
2024-01-16 10:30:00,J-107,4,8,LOW
2024-01-16 10:30:00,J-108,28,12,LOW
2024-01-16 10:45:00,J-101,33,13,LOW
2024-01-16 10:45:00,J-102,29,13,LOW
2024-01-16 10:45:00,J-103,16,10,LOW
2024-01-16 10:45:00,J-104,19,13,LOW
2024-01-16 10:45:00,J-105,11,11,LOW
2024-01-16 10:45:00,J-106,7,11,LOW
2024-01-16 10:45:00,J-107,5,10,LOW
2024-01-16 10:45:00,J-108,31,13,LOW
2024-01-16 11:00:00,J-101,22,8,LOW
2024-01-16 11:00:00,J-102,25,11,LOW
2024-01-16 11:00:00,J-103,15,9,LOW
2024-01-16 11:00:00,J-104,19,13,LOW
2024-01-16 11:00:00,J-105,11,11,LOW
2024-01-16 11:00:00,J-106,6,9,LOW
2024-01-16 11:00:00,J-107,4,8,LOW
2024-01-16 11:00:00,J-108,27,11,LOW
2024-01-16 11:15:00,J-101,34,13,LOW
2024-01-16 11:15:00,J-102,21,9,LOW
2024-01-16 11:15:00,J-103,16,10,LOW
2024-01-16 11:15:00,J-104,16,11,LOW
2024-01-16 11:15:00,J-105,10,10,LOW
2024-01-16 11:15:00,J-106,6,9,LOW
2024-01-16 11:15:00,J-107,4,8,LOW
2024-01-16 11:15:00,J-108,29,12,LOW
2024-01-16 11:30:00,J-101,29,11,LOW
2024-01-16 11:30:00,J-102,23,10,LOW
2024-01-16 11:30:00,J-103,18,11,LOW
2024-01-16 11:30:00,J-104,18,13,LOW
2024-01-16 11:30:00,J-105,12,13,LOW
2024-01-16 11:30:00,J-106,6,9,LOW
2024-01-16 11:30:00,J-107,6,13,LOW
2024-01-16 11:30:00,J-108,31,13,LOW
2024-01-16 11:45:00,J-101,23,9,LOW
2024-01-16 11:45:00,J-102,24,11,LOW
2024-01-16 11:45:00,J-103,24,15,LOW
2024-01-16 11:45:00,J-104,17,12,LOW
2024-01-16 11:45:00,J-105,12,13,LOW
2024-01-16 11:45:00,J-106,7,11,LOW
2024-01-16 11:45:00,J-107,5,10,LOW
2024-01-16 11:45:00,J-108,28,12,LOW
2024-01-16 12:00:00,J-101,54,21,LOW
2024-01-16 12:00:00,J-102,53,24,LOW
2024-01-16 12:00:00,J-103,31,20,LOW
2024-01-16 12:00:00,J-104,35,25,LOW
2024-01-16 12:00:00,J-105,23,24,LOW
2024-01-16 12:00:00,J-106,13,21,LOW
2024-01-16 12:00:00,J-107,10,21,LOW
2024-01-16 12:00:00,J-108,55,23,LOW
2024-01-16 12:15:00,J-101,73,29,LOW
2024-01-16 12:15:00,J-102,50,23,LOW
2024-01-16 12:15:00,J-103,43,27,LOW
2024-01-16 12:15:00,J-104,36,26,LOW
2024-01-16 12:15:00,J-105,24,26,LOW
2024-01-16 12:15:00,J-106,13,21,LOW
2024-01-16 12:15:00,J-107,12,26,LOW
2024-01-16 12:15:00,J-108,62,26,LOW
2024-01-16 12:30:00,J-101,50,20,LOW
2024-01-16 12:30:00,J-102,46,21,LOW
2024-01-16 12:30:00,J-103,33,21,LOW
2024-01-16 12:30:00,J-104,27,19,LOW
2024-01-16 12:30:00,J-105,21,22,LOW
2024-01-16 12:30:00,J-106,15,24,LOW
2024-01-16 12:30:00,J-107,12,26,LOW
2024-01-16 12:30:00,J-108,64,27,LOW
2024-01-16 12:45:00,J-101,75,,LOW
2024-01-16 12:45:00,J-102,48,22,LOW
2024-01-16 12:45:00,J-103,38,24,LOW
2024-01-16 12:45:00,J-104,32,23,LOW
2024-01-16 12:45:00,J-105,22,23,LOW
2024-01-16 12:45:00,J-106,16,26,LOW
2024-01-16 12:45:00,J-107,12,26,LOW
2024-01-16 12:45:00,J-108,62,26,LOW
2024-01-16 13:00:00,J-101,74,30,LOW
2024-01-16 13:00:00,J-102,48,22,LOW
2024-01-16 13:00:00,J-103,37,24,LOW
2024-01-16 13:00:00,J-104,36,26,LOW
2024-01-16 13:00:00,J-105,25,27,LOW
2024-01-16 13:00:00,J-106,15,24,LOW
2024-01-16 13:00:00,J-107,13,28,LOW
2024-01-16 13:00:00,J-108,46,19,LOW
2024-01-16 13:15:00,J-101,59,23,LOW
2024-01-16 13:15:00,J-102,65,30,LOW
2024-01-16 13:15:00,J-103,39,25,LOW
2024-01-16 13:15:00,J-104,32,23,LOW
2024-01-16 13:15:00,J-105,21,22,LOW
2024-01-16 13:15:00,J-106,17,27,LOW
2024-01-16 13:15:00,J-107,11,23,LOW
2024-01-16 13:15:00,J-108,67,29,LOW
2024-01-16 13:30:00,J-101,74,30,LOW
2024-01-16 13:30:00,J-102,54,25,LOW
2024-01-16 13:30:00,J-103,38,24,LOW
2024-01-16 13:30:00,J-104,41,29,LOW
2024-01-16 13:30:00,J-105,25,27,LOW
2024-01-16 13:30:00,J-106,15,24,LOW
2024-01-16 13:30:00,J-107,11,23,LOW
2024-01-16 13:30:00,J-108,73,31,LOW
2024-01-16 13:45:00,J-101,34,13,LOW
2024-01-16 13:45:00,J-102,23,10,LOW
2024-01-16 13:45:00,J-103,21,13,LOW
2024-01-16 13:45:00,J-104,15,10,LOW
2024-01-16 13:45:00,J-105,11,11,LOW
2024-01-16 13:45:00,J-106,7,11,LOW
2024-01-16 13:45:00,J-107,5,10,LOW
2024-01-16 13:45:00,J-108,23,9,LOW
2024-01-16 14:00:00,J-101,30,12,LOW
2024-01-16 14:00:00,J-102,34,15,LOW
2024-01-16 14:00:00,J-103,21,13,LOW
2024-01-16 14:00:00,J-104,16,11,LOW
2024-01-16 14:00:00,J-105,11,11,LOW
2024-01-16 14:00:00,J-106,8,13,LOW
2024-01-16 14:00:00,J-107,5,10,LOW
2024-01-16 14:00:00,J-108,28,12,LOW
2024-01-16 14:15:00,J-101,32,13,LOW
2024-01-16 14:15:00,J-102,27,12,LOW
2024-01-16 14:15:00,J-103,20,13,LOW
2024-01-16 14:15:00,J-104,20,14,LOW
2024-01-16 14:15:00,J-105,12,13,LOW
2024-01-16 14:15:00,J-106,7,11,LOW
2024-01-16 14:15:00,J-107,7,15,LOW
2024-01-16 14:15:00,J-108,36,15,LOW
2024-01-16 14:30:00,J-101,35,14,LOW
2024-01-16 14:30:00,J-102,27,12,LOW
2024-01-16 14:30:00,J-103,21,13,LOW
2024-01-16 14:30:00,J-104,17,12,LOW
2024-01-16 14:30:00,J-105,13,14,LOW
2024-01-16 14:30:00,J-106,6,9,LOW
2024-01-16 14:30:00,J-107,6,13,LOW
2024-01-16 14:30:00,J-108,29,12,LOW
2024-01-16 14:45:00,J-101,25,10,LOW
2024-01-16 14:45:00,J-102,24,11,LOW
2024-01-16 14:45:00,J-103,18,11,LOW
2024-01-16 14:45:00,J-104,13,9,LOW
2024-01-16 14:45:00,J-105,12,13,LOW
2024-01-16 14:45:00,J-106,6,9,LOW
2024-01-16 14:45:00,J-107,5,10,LOW
2024-01-16 14:45:00,J-108,29,12,LOW
2024-01-16 15:00:00,J-101,39,15,LOW
2024-01-16 15:00:00,J-102,30,13,LOW
2024-01-16 15:00:00,J-103,21,13,LOW
2024-01-16 15:00:00,J-104,18,13,LOW
2024-01-16 15:00:00,J-105,13,14,LOW
2024-01-16 15:00:00,J-106,7,11,LOW
2024-01-16 15:00:00,J-107,6,13,LOW
2024-01-16 15:00:00,J-108,33,14,LOW
2024-01-16 15:15:00,J-101,27,10,LOW
2024-01-16 15:15:00,J-102,25,11,LOW
2024-01-16 15:15:00,J-103,18,11,LOW
2024-01-16 15:15:00,J-104,15,10,LOW
2024-01-16 15:15:00,J-105,11,11,LOW
2024-01-16 15:15:00,J-106,6,9,LOW
2024-01-16 15:15:00,J-107,4,8,LOW
2024-01-16 15:15:00,J-108,27,11,LOW
2024-01-16 15:30:00,J-101,31,12,LOW
2024-01-16 15:30:00,J-102,24,11,LOW
2024-01-16 15:30:00,J-103,16,10,LOW
2024-01-16 15:30:00,J-104,15,10,LOW
2024-01-16 15:30:00,J-105,10,10,LOW
2024-01-16 15:30:00,J-106,7,11,LOW
2024-01-16 15:30:00,J-107,6,13,LOW
2024-01-16 15:30:00,J-108,28,12,LOW
2024-01-16 15:45:00,J-101,29,11,LOW
2024-01-16 15:45:00,J-102,28,13,LOW
2024-01-16 15:45:00,J-103,17,11,LOW
2024-01-16 15:45:00,J-104,16,11,LOW
2024-01-16 15:45:00,J-105,11,11,LOW
2024-01-16 15:45:00,J-106,6,9,LOW
2024-01-16 15:45:00,J-107,6,13,LOW
2024-01-16 15:45:00,J-108,32,13,LOW
2024-01-16 16:00:00,J-101,18,7,LOW
2024-01-16 16:00:00,J-102,27,12,LOW
2024-01-16 16:00:00,J-103,20,13,LOW
2024-01-16 16:00:00,J-104,15,10,LOW
2024-01-16 16:00:00,J-105,10,10,LOW
2024-01-16 16:00:00,J-106,7,11,LOW
2024-01-16 16:00:00,J-107,5,10,LOW
2024-01-16 16:00:00,J-108,26,11,LOW
2024-01-16 16:15:00,J-101,22,8,LOW
2024-01-16 16:15:00,J-102,21,9,LOW
2024-01-16 16:15:00,J-103,17,11,LOW
2024-01-16 16:15:00,J-104,14,10,LOW
2024-01-16 16:15:00,J-105,8,8,LOW
2024-01-16 16:15:00,J-106,4,6,LOW
2024-01-16 16:15:00,J-107,3,6,LOW
2024-01-16 16:15:00,J-108,22,9,LOW
2024-01-16 16:30:00,J-101,102,41,MODERATE
2024-01-16 16:30:00,J-102,82,38,LOW
2024-01-16 16:30:00,J-103,56,36,LOW
2024-01-16 16:30:00,J-104,54,39,LOW
2024-01-16 16:30:00,J-105,26,28,LOW
2024-01-16 16:30:00,J-106,20,32,LOW
2024-01-16 16:30:00,J-107,17,36,LOW
2024-01-16 16:30:00,J-108,93,40,MODERATE
2024-01-16 16:45:00,J-101,94,38,LOW
2024-01-16 16:45:00,J-102,69,32,LOW
2024-01-16 16:45:00,J-103,78,50,MODERATE
2024-01-16 16:45:00,J-104,78,56,MODERATE
2024-01-16 16:45:00,J-105,49,53,MODERATE
2024-01-16 16:45:00,J-106,22,35,LOW
2024-01-16 16:45:00,J-107,20,43,MODERATE
2024-01-16 16:45:00,J-108,96,41,MODERATE
2024-01-16 17:00:00,J-101,126,51,MODERATE
2024-01-16 17:00:00,J-102,105,48,MODERATE
2024-01-16 17:00:00,J-103,76,49,MODERATE
2024-01-16 17:00:00,J-104,80,57,MODERATE
2024-01-16 17:00:00,J-105,53,57,MODERATE
2024-01-16 17:00:00,J-106,29,47,MODERATE
2024-01-16 17:00:00,J-107,26,56,MODERATE
2024-01-16 17:00:00,J-108,120,52,MODERATE
2024-01-16 17:15:00,J-101,104,42,MODERATE
2024-01-16 17:15:00,J-102,121,56,MODERATE
2024-01-16 17:15:00,J-103,93,60,MODERATE
2024-01-16 17:15:00,J-104,81,58,MODERATE
2024-01-16 17:15:00,J-105,49,53,MODERATE
2024-01-16 17:15:00,J-106,32,52,MODERATE
2024-01-16 17:15:00,J-107,31,67,MODERATE
2024-01-16 17:15:00,J-108,145,62,MODERATE
2024-01-16 17:30:00,J-101,141,57,MODERATE
2024-01-16 17:30:00,J-102,151,70,HIGH
2024-01-16 17:30:00,J-103,79,51,MODERATE
2024-01-16 17:30:00,J-104,78,56,MODERATE
2024-01-16 17:30:00,J-105,61,66,MODERATE
2024-01-16 17:30:00,J-106,41,66,MODERATE
2024-01-16 17:30:00,J-107,30,65,MODERATE
2024-01-16 17:30:00,J-108,153,66,MODERATE
2024-01-16 17:45:00,J-101,186,75,HIGH
2024-01-16 17:45:00,J-102,131,60,MODERATE
2024-01-16 17:45:00,J-103,94,61,MODERATE
2024-01-16 17:45:00,J-104,96,69,MODERATE
2024-01-16 17:45:00,J-105,62,67,MODERATE
2024-01-16 17:45:00,J-106,42,68,MODERATE
2024-01-16 17:45:00,J-107,30,65,MODERATE
2024-01-16 17:45:00,J-108,152,65,MODERATE
2024-01-16 18:00:00,J-101,175,71,HIGH
2024-01-16 18:00:00,J-102,126,58,MODERATE
2024-01-16 18:00:00,J-103,91,59,MODERATE
2024-01-16 18:00:00,J-104,100,72,HIGH
2024-01-16 18:00:00,J-105,51,55,MODERATE
2024-01-16 18:00:00,J-106,39,63,MODERATE
2024-01-16 18:00:00,J-107,27,58,MODERATE
2024-01-16 18:00:00,J-108,172,74,HIGH
2024-01-16 18:15:00,J-101,153,62,MODERATE
2024-01-16 18:15:00,J-102,127,58,MODERATE
2024-01-16 18:15:00,J-103,90,58,MODERATE
2024-01-16 18:15:00,J-104,75,54,MODERATE
2024-01-16 18:15:00,J-105,67,72,HIGH
2024-01-16 18:15:00,J-106,39,63,MODERATE
2024-01-16 18:15:00,J-107,24,52,MODERATE
2024-01-16 18:15:00,J-108,135,58,MODERATE
2024-01-16 18:30:00,J-101,129,52,MODERATE
2024-01-16 18:30:00,J-102,114,52,MODERATE
2024-01-16 18:30:00,J-103,73,47,MODERATE
2024-01-16 18:30:00,J-104,64,46,MODERATE
2024-01-16 18:30:00,J-105,59,63,MODERATE
2024-01-16 18:30:00,J-106,31,50,MODERATE
2024-01-16 18:30:00,J-107,28,60,MODERATE
2024-01-16 18:30:00,J-108,125,54,MODERATE
2024-01-16 18:45:00,J-101,124,50,MODERATE
2024-01-16 18:45:00,J-102,99,45,MODERATE
2024-01-16 18:45:00,J-103,90,58,MODERATE
2024-01-16 18:45:00,J-104,73,52,MODERATE
2024-01-16 18:45:00,J-105,46,49,MODERATE
2024-01-16 18:45:00,J-106,38,61,MODERATE
2024-01-16 18:45:00,J-107,23,49,MODERATE
2024-01-16 18:45:00,J-108,126,54,MODERATE
2024-01-16 19:00:00,J-101,91,36,LOW
2024-01-16 19:00:00,J-102,81,37,LOW
2024-01-16 19:00:00,J-103,52,33,LOW
2024-01-16 19:00:00,J-104,52,37,LOW
2024-01-16 19:00:00,J-105,28,30,LOW
2024-01-16 19:00:00,J-106,24,39,LOW
2024-01-16 19:00:00,J-107,15,32,LOW
2024-01-16 19:00:00,J-108,61,26,LOW
2024-01-16 19:15:00,J-101,120,48,MODERATE
2024-01-16 19:15:00,J-102,83,38,LOW
2024-01-16 19:15:00,J-103,55,35,LOW
2024-01-16 19:15:00,J-104,68,49,MODERATE
2024-01-16 19:15:00,J-105,33,35,LOW
2024-01-16 19:15:00,J-106,27,43,MODERATE
2024-01-16 19:15:00,J-107,21,45,MODERATE
2024-01-16 19:15:00,J-108,107,46,MODERATE
2024-01-16 19:30:00,J-101,87,35,LOW
2024-01-16 19:30:00,J-102,66,30,LOW
2024-01-16 19:30:00,J-103,50,32,LOW
2024-01-16 19:30:00,J-104,58,41,MODERATE
2024-01-16 19:30:00,J-105,37,40,MODERATE
2024-01-16 19:30:00,J-106,20,32,LOW
2024-01-16 19:30:00,J-107,18,39,LOW
2024-01-16 19:30:00,J-108,102,44,MODERATE
2024-01-16 19:45:00,J-101,29,11,LOW
2024-01-16 19:45:00,J-102,23,10,LOW
2024-01-16 19:45:00,J-103,15,9,LOW
2024-01-16 19:45:00,J-104,16,11,LOW
2024-01-16 19:45:00,J-105,11,11,LOW
2024-01-16 19:45:00,J-106,6,9,LOW
2024-01-16 19:45:00,J-107,5,10,LOW
2024-01-16 19:45:00,J-108,31,13,LOW
2024-01-16 20:00:00,J-101,35,14,LOW
2024-01-16 20:00:00,J-102,23,10,LOW
2024-01-16 20:00:00,J-103,17,11,LOW
2024-01-16 20:00:00,J-104,19,13,LOW
2024-01-16 20:00:00,J-105,12,13,LOW
2024-01-16 20:00:00,J-106,9,14,LOW
2024-01-16 20:00:00,J-107,5,10,LOW
2024-01-16 20:00:00,J-108,29,12,LOW
2024-01-16 20:15:00,J-101,31,12,LOW
2024-01-16 20:15:00,J-102,26,12,LOW
2024-01-16 20:15:00,J-103,20,13,LOW
2024-01-16 20:15:00,J-104,15,10,LOW
2024-01-16 20:15:00,J-105,10,10,LOW
2024-01-16 20:15:00,J-106,5,8,LOW
2024-01-16 20:15:00,J-107,6,13,LOW
2024-01-16 20:15:00,J-108,22,9,LOW
2024-01-16 20:30:00,J-101,27,10,LOW
2024-01-16 20:30:00,J-102,22,10,LOW
2024-01-16 20:30:00,J-103,17,11,LOW
2024-01-16 20:30:00,J-104,14,10,LOW
2024-01-16 20:30:00,J-105,8,8,LOW
2024-01-16 20:30:00,J-106,7,11,LOW
2024-01-16 20:30:00,J-107,3,6,LOW
2024-01-16 20:30:00,J-108,28,12,LOW
2024-01-16 20:45:00,J-101,31,12,LOW
2024-01-16 20:45:00,J-102,24,11,LOW
2024-01-16 20:45:00,J-103,20,13,LOW
2024-01-16 20:45:00,J-104,15,10,LOW
2024-01-16 20:45:00,J-105,10,10,LOW
2024-01-16 20:45:00,J-106,7,11,LOW
2024-01-16 20:45:00,J-107,5,10,LOW
2024-01-16 20:45:00,J-108,30,13,LOW
2024-01-16 21:00:00,J-101,35,14,LOW
2024-01-16 21:00:00,J-102,33,15,LOW
2024-01-16 21:00:00,J-103,22,14,LOW
2024-01-16 21:00:00,J-104,18,13,LOW
2024-01-16 21:00:00,J-105,12,13,LOW
2024-01-16 21:00:00,J-106,8,13,LOW
2024-01-16 21:00:00,J-107,6,13,LOW
2024-01-16 21:00:00,J-108,30,13,LOW
2024-01-16 21:15:00,J-101,37,15,LOW
2024-01-16 21:15:00,J-102,25,11,LOW
2024-01-16 21:15:00,J-103,21,13,LOW
2024-01-16 21:15:00,J-104,19,13,LOW
2024-01-16 21:15:00,J-105,10,10,LOW
2024-01-16 21:15:00,J-106,8,13,LOW
2024-01-16 21:15:00,J-107,7,15,LOW
2024-01-16 21:15:00,J-108,31,13,LOW
2024-01-16 21:30:00,J-101,18,7,LOW
2024-01-16 21:30:00,J-102,15,6,LOW
2024-01-16 21:30:00,J-103,11,7,LOW
2024-01-16 21:30:00,J-104,8,5,LOW
2024-01-16 21:30:00,J-105,7,7,LOW
2024-01-16 21:30:00,J-106,5,8,LOW
2024-01-16 21:30:00,J-107,4,8,LOW
2024-01-16 21:30:00,J-108,18,7,LOW
2024-01-16 21:45:00,J-101,28,11,LOW
2024-01-16 21:45:00,J-102,24,11,LOW
2024-01-16 21:45:00,J-103,20,13,LOW
2024-01-16 21:45:00,J-104,16,11,LOW
2024-01-16 21:45:00,J-105,12,13,LOW
2024-01-16 21:45:00,J-106,7,11,LOW
2024-01-16 21:45:00,J-107,4,8,LOW
2024-01-16 21:45:00,J-108,25,10,LOW
2024-01-16 22:00:00,J-101,33,13,LOW
2024-01-16 22:00:00,J-102,21,9,LOW
2024-01-16 22:00:00,J-103,13,8,LOW
2024-01-16 22:00:00,J-104,18,13,LOW
2024-01-16 22:00:00,J-105,12,13,LOW
2024-01-16 22:00:00,J-106,6,9,LOW
2024-01-16 22:00:00,J-107,4,8,LOW
2024-01-16 22:00:00,J-108,21,9,LOW
2024-01-16 22:15:00,J-101,19,7,LOW
2024-01-16 22:15:00,J-102,18,8,LOW
2024-01-16 22:15:00,J-103,15,9,LOW
2024-01-16 22:15:00,J-104,9,6,LOW
2024-01-16 22:15:00,J-105,10,10,LOW
2024-01-16 22:15:00,J-106,5,8,LOW
2024-01-16 22:15:00,J-107,4,8,LOW
2024-01-16 22:15:00,J-108,22,9,LOW
2024-01-16 22:30:00,J-101,28,11,LOW
2024-01-16 22:30:00,J-102,18,8,LOW
2024-01-16 22:30:00,J-103,13,8,LOW
2024-01-16 22:30:00,J-104,14,10,LOW
2024-01-16 22:30:00,J-105,7,7,LOW
2024-01-16 22:30:00,J-106,6,9,LOW
2024-01-16 22:30:00,J-107,4,8,LOW
2024-01-16 22:30:00,J-108,17,7,LOW
2024-01-16 22:45:00,J-101,31,12,LOW
2024-01-16 22:45:00,J-102,27,12,LOW
2024-01-16 22:45:00,J-103,,11,LOW
2024-01-16 22:45:00,J-104,20,14,LOW
2024-01-16 22:45:00,J-105,14,15,LOW
2024-01-16 22:45:00,J-106,8,13,LOW
2024-01-16 22:45:00,J-107,6,13,LOW
2024-01-16 22:45:00,J-108,27,11,LOW
2024-01-16 23:00:00,J-101,36,14,LOW
2024-01-16 23:00:00,J-102,27,12,LOW
2024-01-16 23:00:00,J-103,19,12,LOW
2024-01-16 23:00:00,J-104,18,13,LOW
2024-01-16 23:00:00,J-105,11,11,LOW
2024-01-16 23:00:00,J-106,7,11,LOW
2024-01-16 23:00:00,J-107,5,10,LOW
2024-01-16 23:00:00,J-108,31,13,LOW
2024-01-16 23:15:00,J-101,34,13,LOW
2024-01-16 23:15:00,J-102,28,13,LOW
2024-01-16 23:15:00,J-103,22,14,LOW
2024-01-16 23:15:00,J-104,19,13,LOW
2024-01-16 23:15:00,J-105,9,9,LOW
2024-01-16 23:15:00,J-106,8,13,LOW
2024-01-16 23:15:00,J-107,6,13,LOW
2024-01-16 23:15:00,J-108,25,10,LOW
2024-01-16 23:30:00,J-101,28,11,LOW
2024-01-16 23:30:00,J-102,26,12,LOW
2024-01-16 23:30:00,J-103,14,9,LOW
2024-01-16 23:30:00,J-104,17,12,LOW
2024-01-16 23:30:00,J-105,10,10,LOW
2024-01-16 23:30:00,J-106,6,9,LOW
2024-01-16 23:30:00,J-107,5,10,LOW
2024-01-16 23:30:00,J-108,29,12,LOW
2024-01-16 23:45:00,J-101,30,12,LOW
2024-01-16 23:45:00,J-102,28,13,LOW
2024-01-16 23:45:00,J-103,18,11,LOW
2024-01-16 23:45:00,J-104,14,10,LOW
2024-01-16 23:45:00,J-105,9,9,LOW
2024-01-16 23:45:00,J-106,7,11,LOW
2024-01-16 23:45:00,J-107,5,10,LOW
2024-01-16 23:45:00,J-108,28,12,LOW
2024-01-17 00:00:00,J-101,20,8,LOW
2024-01-17 00:00:00,J-102,22,10,LOW
2024-01-17 00:00:00,J-103,16,10,LOW
2024-01-17 00:00:00,J-104,18,13,LOW
2024-01-17 00:00:00,J-105,10,10,LOW
2024-01-17 00:00:00,J-106,5,8,LOW
2024-01-17 00:00:00,J-107,5,10,LOW
2024-01-17 00:00:00,J-108,22,9,LOW
2024-01-17 00:15:00,J-101,33,13,LOW
2024-01-17 00:15:00,J-102,28,13,LOW
2024-01-17 00:15:00,J-103,17,11,LOW
2024-01-17 00:15:00,J-104,18,13,LOW
2024-01-17 00:15:00,J-105,13,14,LOW
2024-01-17 00:15:00,J-106,8,13,LOW
2024-01-17 00:15:00,J-107,6,13,LOW
2024-01-17 00:15:00,J-108,28,12,LOW
2024-01-17 00:30:00,J-101,13,5,LOW
2024-01-17 00:30:00,J-102,16,7,LOW
2024-01-17 00:30:00,J-103,11,7,LOW
2024-01-17 00:30:00,J-104,11,7,LOW
2024-01-17 00:30:00,J-105,7,7,LOW
2024-01-17 00:30:00,J-106,3,4,LOW
2024-01-17 00:30:00,J-107,3,6,LOW
2024-01-17 00:30:00,J-108,19,8,LOW
2024-01-17 00:45:00,J-101,29,11,LOW
2024-01-17 00:45:00,J-102,30,13,LOW
2024-01-17 00:45:00,J-103,23,14,LOW
2024-01-17 00:45:00,J-104,17,12,LOW
2024-01-17 00:45:00,J-105,11,11,LOW
2024-01-17 00:45:00,J-106,9,14,LOW
2024-01-17 00:45:00,J-107,6,13,LOW
2024-01-17 00:45:00,J-108,28,12,LOW
2024-01-17 01:00:00,J-101,4,1,LOW
2024-01-17 01:00:00,J-102,3,1,LOW
2024-01-17 01:00:00,J-103,3,1,LOW
2024-01-17 01:00:00,J-104,2,1,LOW
2024-01-17 01:00:00,J-105,1,1,LOW
2024-01-17 01:00:00,J-106,1,1,LOW
2024-01-17 01:00:00,J-107,1,2,LOW
2024-01-17 01:00:00,J-108,4,1,LOW
2024-01-17 01:15:00,J-101,4,1,LOW
2024-01-17 01:15:00,J-102,3,1,LOW
2024-01-17 01:15:00,J-103,2,1,LOW
2024-01-17 01:15:00,J-104,2,1,LOW
2024-01-17 01:15:00,J-105,1,1,LOW
2024-01-17 01:15:00,J-106,0,0,LOW
2024-01-17 01:15:00,J-107,0,0,LOW
2024-01-17 01:15:00,J-108,3,1,LOW
2024-01-17 01:30:00,J-101,4,1,LOW
2024-01-17 01:30:00,J-102,4,1,LOW
2024-01-17 01:30:00,J-103,2,1,LOW
2024-01-17 01:30:00,J-104,2,1,LOW
2024-01-17 01:30:00,J-105,1,1,LOW
2024-01-17 01:30:00,J-106,1,1,LOW
2024-01-17 01:30:00,J-107,0,0,LOW
2024-01-17 01:30:00,J-108,4,1,LOW
2024-01-17 01:45:00,J-101,3,1,LOW
2024-01-17 01:45:00,J-102,3,1,LOW
2024-01-17 01:45:00,J-103,2,1,LOW
2024-01-17 01:45:00,J-104,1,0,LOW
2024-01-17 01:45:00,J-105,1,1,LOW
2024-01-17 01:45:00,J-106,0,0,LOW
2024-01-17 01:45:00,J-107,0,0,LOW
2024-01-17 01:45:00,J-108,3,1,LOW
2024-01-17 02:00:00,J-101,4,1,LOW
2024-01-17 02:00:00,J-102,3,1,LOW
2024-01-17 02:00:00,J-103,3,1,LOW
2024-01-17 02:00:00,J-104,2,1,LOW
2024-01-17 02:00:00,J-105,1,1,LOW
2024-01-17 02:00:00,J-106,1,1,LOW
2024-01-17 02:00:00,J-107,0,0,LOW
2024-01-17 02:00:00,J-108,4,1,LOW
2024-01-17 02:15:00,J-101,5,2,LOW
2024-01-17 02:15:00,J-102,3,1,LOW
2024-01-17 02:15:00,J-103,3,1,LOW
2024-01-17 02:15:00,J-104,2,1,LOW
2024-01-17 02:15:00,J-105,2,2,LOW
2024-01-17 02:15:00,J-106,1,1,LOW
2024-01-17 02:15:00,J-107,0,0,LOW
2024-01-17 02:15:00,J-108,4,1,LOW
2024-01-17 02:30:00,J-101,3,1,LOW
2024-01-17 02:30:00,J-102,4,1,LOW
2024-01-17 02:30:00,J-103,2,1,LOW
2024-01-17 02:30:00,J-104,2,1,LOW
2024-01-17 02:30:00,J-105,1,1,LOW
2024-01-17 02:30:00,J-106,1,1,LOW
2024-01-17 02:30:00,J-107,0,0,LOW
2024-01-17 02:30:00,J-108,4,1,LOW
2024-01-17 02:45:00,J-101,3,1,LOW
2024-01-17 02:45:00,J-102,5,2,LOW
2024-01-17 02:45:00,J-103,3,1,LOW
2024-01-17 02:45:00,J-104,3,2,LOW
2024-01-17 02:45:00,J-105,1,1,LOW
2024-01-17 02:45:00,J-106,1,1,LOW
2024-01-17 02:45:00,J-107,1,2,LOW
2024-01-17 02:45:00,J-108,3,1,LOW
2024-01-17 03:00:00,J-101,5,2,LOW
2024-01-17 03:00:00,J-102,4,1,LOW
2024-01-17 03:00:00,J-103,3,1,LOW
2024-01-17 03:00:00,J-104,2,1,LOW
2024-01-17 03:00:00,J-105,2,2,LOW
2024-01-17 03:00:00,J-106,1,1,LOW
2024-01-17 03:00:00,J-107,0,0,LOW
2024-01-17 03:00:00,J-108,5,2,LOW
2024-01-17 03:15:00,J-101,4,1,LOW
2024-01-17 03:15:00,J-102,4,1,LOW
2024-01-17 03:15:00,J-103,3,1,LOW
2024-01-17 03:15:00,J-104,2,1,LOW
2024-01-17 03:15:00,J-105,1,1,LOW
2024-01-17 03:15:00,J-106,1,1,LOW
2024-01-17 03:15:00,J-107,0,0,LOW
2024-01-17 03:15:00,J-108,5,2,LOW
2024-01-17 03:30:00,J-101,4,1,LOW
2024-01-17 03:30:00,J-102,4,1,LOW
2024-01-17 03:30:00,J-103,2,1,LOW
2024-01-17 03:30:00,J-104,2,1,LOW
2024-01-17 03:30:00,J-105,1,1,LOW
2024-01-17 03:30:00,J-106,1,1,LOW
2024-01-17 03:30:00,J-107,0,0,LOW
2024-01-17 03:30:00,J-108,,2,LOW
2024-01-17 03:45:00,J-101,3,1,LOW
2024-01-17 03:45:00,J-102,2,0,LOW
2024-01-17 03:45:00,J-103,2,1,LOW
2024-01-17 03:45:00,J-104,2,1,LOW
2024-01-17 03:45:00,J-105,1,1,LOW
2024-01-17 03:45:00,J-106,0,0,LOW
2024-01-17 03:45:00,J-107,0,0,LOW
2024-01-17 03:45:00,J-108,3,1,LOW
2024-01-17 04:00:00,J-101,4,1,LOW
2024-01-17 04:00:00,J-102,3,1,LOW
2024-01-17 04:00:00,J-103,2,1,LOW
2024-01-17 04:00:00,J-104,2,1,LOW
2024-01-17 04:00:00,J-105,1,1,LOW
2024-01-17 04:00:00,J-106,1,1,LOW
2024-01-17 04:00:00,J-107,0,0,LOW
2024-01-17 04:00:00,J-108,3,1,LOW
2024-01-17 04:15:00,J-101,4,1,LOW
2024-01-17 04:15:00,J-102,4,1,LOW
2024-01-17 04:15:00,J-103,3,1,LOW
2024-01-17 04:15:00,J-104,2,1,LOW
2024-01-17 04:15:00,J-105,1,1,LOW
2024-01-17 04:15:00,J-106,0,0,LOW
2024-01-17 04:15:00,J-107,1,2,LOW
2024-01-17 04:15:00,J-108,4,1,LOW
2024-01-17 04:30:00,J-101,2,0,LOW
2024-01-17 04:30:00,J-102,2,0,LOW
2024-01-17 04:30:00,J-103,2,1,LOW
2024-01-17 04:30:00,J-104,1,0,LOW
2024-01-17 04:30:00,J-105,1,1,LOW
2024-01-17 04:30:00,J-106,0,0,LOW
2024-01-17 04:30:00,J-107,0,0,LOW
2024-01-17 04:30:00,J-108,2,0,LOW
2024-01-17 04:45:00,J-101,4,1,LOW
2024-01-17 04:45:00,J-102,3,1,LOW
2024-01-17 04:45:00,J-103,2,1,LOW
2024-01-17 04:45:00,J-104,2,1,LOW
2024-01-17 04:45:00,J-105,1,1,LOW
2024-01-17 04:45:00,J-106,0,0,LOW
2024-01-17 04:45:00,J-107,0,0,LOW
2024-01-17 04:45:00,J-108,3,1,LOW
2024-01-17 05:00:00,J-101,3,1,LOW
2024-01-17 05:00:00,J-102,4,1,LOW
2024-01-17 05:00:00,J-103,3,1,LOW
2024-01-17 05:00:00,J-104,2,1,LOW
2024-01-17 05:00:00,J-105,1,1,LOW
2024-01-17 05:00:00,J-106,1,1,LOW
2024-01-17 05:00:00,J-107,0,0,LOW
2024-01-17 05:00:00,J-108,4,1,LOW
2024-01-17 05:15:00,J-101,29,11,LOW
2024-01-17 05:15:00,J-102,19,8,LOW
2024-01-17 05:15:00,J-103,10,6,LOW
2024-01-17 05:15:00,J-104,11,7,LOW
2024-01-17 05:15:00,J-105,8,8,LOW
2024-01-17 05:15:00,J-106,6,9,LOW
2024-01-17 05:15:00,J-107,4,8,LOW
2024-01-17 05:15:00,J-108,22,9,LOW
2024-01-17 05:30:00,J-101,38,15,LOW
2024-01-17 05:30:00,J-102,31,14,LOW
2024-01-17 05:30:00,J-103,20,13,LOW
2024-01-17 05:30:00,J-104,17,12,LOW
2024-01-17 05:30:00,J-105,13,14,LOW
2024-01-17 05:30:00,J-106,7,11,LOW
2024-01-17 05:30:00,J-107,6,13,LOW
2024-01-17 05:30:00,J-108,26,11,LOW
2024-01-17 05:45:00,J-101,24,9,LOW
2024-01-17 05:45:00,J-102,23,10,LOW
2024-01-17 05:45:00,J-103,16,10,LOW
2024-01-17 05:45:00,J-104,14,10,LOW
2024-01-17 05:45:00,J-105,9,9,LOW
2024-01-17 05:45:00,J-106,6,9,LOW
2024-01-17 05:45:00,J-107,4,8,LOW
2024-01-17 05:45:00,J-108,19,8,LOW
2024-01-17 06:00:00,J-101,32,13,LOW
2024-01-17 06:00:00,J-102,21,9,LOW
2024-01-17 06:00:00,J-103,22,14,LOW
2024-01-17 06:00:00,J-104,12,8,LOW
2024-01-17 06:00:00,J-105,11,11,LOW
2024-01-17 06:00:00,J-106,5,8,LOW
2024-01-17 06:00:00,J-107,5,10,LOW
2024-01-17 06:00:00,J-108,28,12,LOW
2024-01-17 06:15:00,J-101,28,11,LOW
2024-01-17 06:15:00,J-102,23,10,LOW
2024-01-17 06:15:00,J-103,24,15,LOW
2024-01-17 06:15:00,J-104,15,10,LOW
2024-01-17 06:15:00,J-105,9,9,LOW
2024-01-17 06:15:00,J-106,9,14,LOW
2024-01-17 06:15:00,J-107,4,8,LOW
2024-01-17 06:15:00,J-108,33,14,LOW
2024-01-17 06:30:00,J-101,34,13,LOW
2024-01-17 06:30:00,J-102,27,12,LOW
2024-01-17 06:30:00,J-103,23,14,LOW
2024-01-17 06:30:00,J-104,16,11,LOW
2024-01-17 06:30:00,J-105,13,14,LOW
2024-01-17 06:30:00,J-106,5,8,LOW
2024-01-17 06:30:00,J-107,4,8,LOW
2024-01-17 06:30:00,J-108,26,11,LOW
2024-01-17 06:45:00,J-101,36,14,LOW
2024-01-17 06:45:00,J-102,30,13,LOW
2024-01-17 06:45:00,J-103,,12,LOW
2024-01-17 06:45:00,J-104,17,12,LOW
2024-01-17 06:45:00,J-105,14,15,LOW
2024-01-17 06:45:00,J-106,7,11,LOW
2024-01-17 06:45:00,J-107,6,13,LOW
2024-01-17 06:45:00,J-108,26,11,LOW
2024-01-17 07:00:00,J-101,25,10,LOW
2024-01-17 07:00:00,J-102,29,13,LOW
2024-01-17 07:00:00,J-103,16,10,LOW
2024-01-17 07:00:00,J-104,18,13,LOW
2024-01-17 07:00:00,J-105,11,11,LOW
2024-01-17 07:00:00,J-106,8,13,LOW
2024-01-17 07:00:00,J-107,5,10,LOW
2024-01-17 07:00:00,J-108,27,11,LOW
2024-01-17 07:15:00,J-101,34,13,LOW
2024-01-17 07:15:00,J-102,,11,LOW
2024-01-17 07:15:00,J-103,25,16,LOW
2024-01-17 07:15:00,J-104,19,13,LOW
2024-01-17 07:15:00,J-105,13,14,LOW
2024-01-17 07:15:00,J-106,7,11,LOW
2024-01-17 07:15:00,J-107,6,13,LOW
2024-01-17 07:15:00,J-108,25,10,LOW
2024-01-17 07:30:00,J-101,78,31,LOW
2024-01-17 07:30:00,J-102,58,26,LOW
2024-01-17 07:30:00,J-103,52,33,LOW
2024-01-17 07:30:00,J-104,41,29,LOW
2024-01-17 07:30:00,J-105,30,32,LOW
2024-01-17 07:30:00,J-106,21,34,LOW
2024-01-17 07:30:00,J-107,15,32,LOW
2024-01-17 07:30:00,J-108,70,30,LOW
2024-01-17 07:45:00,J-101,111,45,MODERATE
2024-01-17 07:45:00,J-102,76,35,LOW
2024-01-17 07:45:00,J-103,63,40,MODERATE
2024-01-17 07:45:00,J-104,56,40,MODERATE
2024-01-17 07:45:00,J-105,40,43,MODERATE
2024-01-17 07:45:00,J-106,25,40,MODERATE
2024-01-17 07:45:00,J-107,19,41,MODERATE
2024-01-17 07:45:00,J-108,86,37,LOW
2024-01-17 08:00:00,J-101,82,33,LOW
2024-01-17 08:00:00,J-102,85,39,LOW
2024-01-17 08:00:00,J-103,70,45,MODERATE
2024-01-17 08:00:00,J-104,69,49,MODERATE
2024-01-17 08:00:00,J-105,39,42,MODERATE
2024-01-17 08:00:00,J-106,27,43,MODERATE
2024-01-17 08:00:00,J-107,18,39,LOW
2024-01-17 08:00:00,J-108,122,52,MODERATE
2024-01-17 08:15:00,J-101,131,53,MODERATE
2024-01-17 08:15:00,J-102,111,51,MODERATE
2024-01-17 08:15:00,J-103,88,57,MODERATE
2024-01-17 08:15:00,J-104,87,62,MODERATE
2024-01-17 08:15:00,J-105,59,63,MODERATE
2024-01-17 08:15:00,J-106,38,61,MODERATE
2024-01-17 08:15:00,J-107,25,54,MODERATE
2024-01-17 08:15:00,J-108,175,75,HIGH
2024-01-17 08:30:00,J-101,168,68,MODERATE
2024-01-17 08:30:00,J-102,145,67,MODERATE
2024-01-17 08:30:00,J-103,83,53,MODERATE
2024-01-17 08:30:00,J-104,92,66,MODERATE
2024-01-17 08:30:00,J-105,,62,MODERATE
2024-01-17 08:30:00,J-106,36,58,MODERATE
2024-01-17 08:30:00,J-107,30,65,MODERATE
2024-01-17 08:30:00,J-108,167,72,HIGH
2024-01-17 08:45:00,J-101,125,50,MODERATE
2024-01-17 08:45:00,J-102,136,63,MODERATE
2024-01-17 08:45:00,J-103,86,55,MODERATE
2024-01-17 08:45:00,J-104,69,49,MODERATE
2024-01-17 08:45:00,J-105,50,54,MODERATE
2024-01-17 08:45:00,J-106,35,56,MODERATE
2024-01-17 08:45:00,J-107,23,49,MODERATE
2024-01-17 08:45:00,J-108,150,65,MODERATE
2024-01-17 09:00:00,J-101,177,71,HIGH
2024-01-17 09:00:00,J-102,133,61,MODERATE
2024-01-17 09:00:00,J-103,102,66,MODERATE
2024-01-17 09:00:00,J-104,93,67,MODERATE
2024-01-17 09:00:00,J-105,67,72,HIGH
2024-01-17 09:00:00,J-106,38,61,MODERATE
2024-01-17 09:00:00,J-107,33,71,HIGH
2024-01-17 09:00:00,J-108,162,70,HIGH
2024-01-17 09:15:00,J-101,74,30,LOW
2024-01-17 09:15:00,J-102,59,27,LOW
2024-01-17 09:15:00,J-103,58,37,LOW
2024-01-17 09:15:00,J-104,56,40,MODERATE
2024-01-17 09:15:00,J-105,39,42,MODERATE
2024-01-17 09:15:00,J-106,22,35,LOW
2024-01-17 09:15:00,J-107,20,43,MODERATE
2024-01-17 09:15:00,J-108,89,38,LOW
2024-01-17 09:30:00,J-101,120,48,MODERATE
2024-01-17 09:30:00,J-102,99,45,MODERATE
2024-01-17 09:30:00,J-103,74,48,MODERATE
2024-01-17 09:30:00,J-104,72,52,MODERATE
2024-01-17 09:30:00,J-105,53,57,MODERATE
2024-01-17 09:30:00,J-106,31,50,MODERATE
2024-01-17 09:30:00,J-107,23,49,MODERATE
2024-01-17 09:30:00,J-108,118,51,MODERATE
2024-01-17 09:45:00,J-101,84,34,LOW
2024-01-17 09:45:00,J-102,63,29,LOW
2024-01-17 09:45:00,J-103,42,27,LOW
2024-01-17 09:45:00,J-104,40,28,LOW
2024-01-17 09:45:00,J-105,22,23,LOW
2024-01-17 09:45:00,J-106,19,30,LOW
2024-01-17 09:45:00,J-107,16,34,LOW
2024-01-17 09:45:00,J-108,68,29,LOW
2024-01-17 10:00:00,J-101,67,27,LOW
2024-01-17 10:00:00,J-102,56,26,LOW
2024-01-17 10:00:00,J-103,42,27,LOW
2024-01-17 10:00:00,J-104,45,32,LOW
2024-01-17 10:00:00,J-105,27,29,LOW
2024-01-17 10:00:00,J-106,18,29,LOW
2024-01-17 10:00:00,J-107,16,34,LOW
2024-01-17 10:00:00,J-108,67,29,LOW
2024-01-17 10:15:00,J-101,20,8,LOW
2024-01-17 10:15:00,J-102,25,11,LOW
2024-01-17 10:15:00,J-103,17,11,LOW
2024-01-17 10:15:00,J-104,17,12,LOW
2024-01-17 10:15:00,J-105,11,11,LOW
2024-01-17 10:15:00,J-106,7,11,LOW
2024-01-17 10:15:00,J-107,6,13,LOW
2024-01-17 10:15:00,J-108,32,13,LOW
2024-01-17 10:30:00,J-101,16,6,LOW
2024-01-17 10:30:00,J-102,17,7,LOW
2024-01-17 10:30:00,J-103,9,5,LOW
2024-01-17 10:30:00,J-104,10,7,LOW
2024-01-17 10:30:00,J-105,6,6,LOW
2024-01-17 10:30:00,J-106,4,6,LOW
2024-01-17 10:30:00,J-107,3,6,LOW
2024-01-17 10:30:00,J-108,14,6,LOW
2024-01-17 10:45:00,J-101,31,12,LOW
2024-01-17 10:45:00,J-102,32,14,LOW
2024-01-17 10:45:00,J-103,22,14,LOW
2024-01-17 10:45:00,J-104,18,13,LOW
2024-01-17 10:45:00,J-105,11,11,LOW
2024-01-17 10:45:00,J-106,8,13,LOW
2024-01-17 10:45:00,J-107,4,8,LOW
2024-01-17 10:45:00,J-108,33,14,LOW
2024-01-17 11:00:00,J-101,33,13,LOW
2024-01-17 11:00:00,J-102,29,13,LOW
2024-01-17 11:00:00,J-103,16,10,LOW
2024-01-17 11:00:00,J-104,21,15,LOW
2024-01-17 11:00:00,J-105,15,16,LOW
2024-01-17 11:00:00,J-106,6,9,LOW
2024-01-17 11:00:00,J-107,5,10,LOW
2024-01-17 11:00:00,J-108,28,12,LOW
2024-01-17 11:15:00,J-101,24,9,LOW
2024-01-17 11:15:00,J-102,,10,LOW
2024-01-17 11:15:00,J-103,17,11,LOW
2024-01-17 11:15:00,J-104,15,10,LOW
2024-01-17 11:15:00,J-105,10,10,LOW
2024-01-17 11:15:00,J-106,5,8,LOW
2024-01-17 11:15:00,J-107,5,10,LOW
2024-01-17 11:15:00,J-108,25,10,LOW
2024-01-17 11:30:00,J-101,17,6,LOW
2024-01-17 11:30:00,J-102,21,9,LOW
2024-01-17 11:30:00,J-103,10,6,LOW
2024-01-17 11:30:00,J-104,10,7,LOW
2024-01-17 11:30:00,J-105,8,8,LOW
2024-01-17 11:30:00,J-106,4,6,LOW
2024-01-17 11:30:00,J-107,3,6,LOW
2024-01-17 11:30:00,J-108,16,6,LOW
2024-01-17 11:45:00,J-101,30,12,LOW
2024-01-17 11:45:00,J-102,25,11,LOW
2024-01-17 11:45:00,J-103,16,10,LOW
2024-01-17 11:45:00,J-104,19,13,LOW
2024-01-17 11:45:00,J-105,9,9,LOW
2024-01-17 11:45:00,J-106,6,9,LOW
2024-01-17 11:45:00,J-107,6,13,LOW
2024-01-17 11:45:00,J-108,31,13,LOW
2024-01-17 12:00:00,J-101,73,29,LOW
2024-01-17 12:00:00,J-102,72,33,LOW
2024-01-17 12:00:00,J-103,36,23,LOW
2024-01-17 12:00:00,J-104,34,24,LOW
2024-01-17 12:00:00,J-105,24,26,LOW
2024-01-17 12:00:00,J-106,15,24,LOW
2024-01-17 12:00:00,J-107,12,26,LOW
2024-01-17 12:00:00,J-108,57,24,LOW
2024-01-17 12:15:00,J-101,41,16,LOW
2024-01-17 12:15:00,J-102,40,18,LOW
2024-01-17 12:15:00,J-103,18,11,LOW
2024-01-17 12:15:00,J-104,18,13,LOW
2024-01-17 12:15:00,J-105,14,15,LOW
2024-01-17 12:15:00,J-106,10,16,LOW
2024-01-17 12:15:00,J-107,7,15,LOW
2024-01-17 12:15:00,J-108,27,11,LOW
2024-01-17 12:30:00,J-101,44,17,LOW
2024-01-17 12:30:00,J-102,42,19,LOW
2024-01-17 12:30:00,J-103,31,20,LOW
2024-01-17 12:30:00,J-104,24,17,LOW
2024-01-17 12:30:00,J-105,16,17,LOW
2024-01-17 12:30:00,J-106,10,16,LOW
2024-01-17 12:30:00,J-107,9,19,LOW
2024-01-17 12:30:00,J-108,39,16,LOW
2024-01-17 12:45:00,J-101,33,13,LOW
2024-01-17 12:45:00,J-102,34,15,LOW
2024-01-17 12:45:00,J-103,22,14,LOW
2024-01-17 12:45:00,J-104,20,14,LOW
2024-01-17 12:45:00,J-105,13,14,LOW
2024-01-17 12:45:00,J-106,11,17,LOW
2024-01-17 12:45:00,J-107,7,15,LOW
2024-01-17 12:45:00,J-108,36,15,LOW
2024-01-17 13:00:00,J-101,55,22,LOW
2024-01-17 13:00:00,J-102,50,23,LOW
2024-01-17 13:00:00,J-103,33,21,LOW
2024-01-17 13:00:00,J-104,36,26,LOW
2024-01-17 13:00:00,J-105,23,24,LOW
2024-01-17 13:00:00,J-106,14,22,LOW
2024-01-17 13:00:00,J-107,9,19,LOW
2024-01-17 13:00:00,J-108,53,22,LOW
2024-01-17 13:15:00,J-101,80,32,LOW
2024-01-17 13:15:00,J-102,54,25,LOW
2024-01-17 13:15:00,J-103,37,24,LOW
2024-01-17 13:15:00,J-104,45,32,LOW
2024-01-17 13:15:00,J-105,24,26,LOW
2024-01-17 13:15:00,J-106,14,22,LOW
2024-01-17 13:15:00,J-107,11,23,LOW
2024-01-17 13:15:00,J-108,56,24,LOW
2024-01-17 13:30:00,J-101,63,25,LOW
2024-01-17 13:30:00,J-102,57,26,LOW
2024-01-17 13:30:00,J-103,38,24,LOW
2024-01-17 13:30:00,J-104,35,25,LOW
2024-01-17 13:30:00,J-105,27,29,LOW
2024-01-17 13:30:00,J-106,17,27,LOW
2024-01-17 13:30:00,J-107,10,21,LOW
2024-01-17 13:30:00,J-108,59,25,LOW
2024-01-17 13:45:00,J-101,16,6,LOW
2024-01-17 13:45:00,J-102,17,7,LOW
2024-01-17 13:45:00,J-103,11,7,LOW
2024-01-17 13:45:00,J-104,11,7,LOW
2024-01-17 13:45:00,J-105,7,7,LOW
2024-01-17 13:45:00,J-106,3,4,LOW
2024-01-17 13:45:00,J-107,3,6,LOW
2024-01-17 13:45:00,J-108,18,7,LOW
2024-01-17 14:00:00,J-101,28,11,LOW
2024-01-17 14:00:00,J-102,22,10,LOW
2024-01-17 14:00:00,J-103,16,10,LOW
2024-01-17 14:00:00,J-104,12,8,LOW
2024-01-17 14:00:00,J-105,9,9,LOW
2024-01-17 14:00:00,J-106,6,9,LOW
2024-01-17 14:00:00,J-107,5,10,LOW
2024-01-17 14:00:00,J-108,21,9,LOW
2024-01-17 14:15:00,J-101,19,7,LOW
2024-01-17 14:15:00,J-102,17,7,LOW
2024-01-17 14:15:00,J-103,12,7,LOW
2024-01-17 14:15:00,J-104,10,7,LOW
2024-01-17 14:15:00,J-105,5,5,LOW
2024-01-17 14:15:00,J-106,5,8,LOW
2024-01-17 14:15:00,J-107,3,6,LOW
2024-01-17 14:15:00,J-108,19,8,LOW
2024-01-17 14:30:00,J-101,31,12,LOW
2024-01-17 14:30:00,J-102,25,11,LOW
2024-01-17 14:30:00,J-103,20,13,LOW
2024-01-17 14:30:00,J-104,16,11,LOW
2024-01-17 14:30:00,J-105,11,11,LOW
2024-01-17 14:30:00,J-106,7,11,LOW
2024-01-17 14:30:00,J-107,4,8,LOW
2024-01-17 14:30:00,J-108,29,12,LOW
2024-01-17 14:45:00,J-101,,11,LOW
2024-01-17 14:45:00,J-102,23,10,LOW
2024-01-17 14:45:00,J-103,14,9,LOW
2024-01-17 14:45:00,J-104,15,10,LOW
2024-01-17 14:45:00,J-105,12,13,LOW
2024-01-17 14:45:00,J-106,6,9,LOW
2024-01-17 14:45:00,J-107,5,10,LOW
2024-01-17 14:45:00,J-108,28,12,LOW
2024-01-17 15:00:00,J-101,18,7,LOW
2024-01-17 15:00:00,J-102,19,8,LOW
2024-01-17 15:00:00,J-103,13,8,LOW
2024-01-17 15:00:00,J-104,11,7,LOW
2024-01-17 15:00:00,J-105,8,8,LOW
2024-01-17 15:00:00,J-106,6,9,LOW
2024-01-17 15:00:00,J-107,3,6,LOW
2024-01-17 15:00:00,J-108,21,9,LOW
2024-01-17 15:15:00,J-101,32,13,LOW
2024-01-17 15:15:00,J-102,26,12,LOW
2024-01-17 15:15:00,J-103,14,9,LOW
2024-01-17 15:15:00,J-104,15,10,LOW
2024-01-17 15:15:00,J-105,11,11,LOW
2024-01-17 15:15:00,J-106,7,11,LOW
2024-01-17 15:15:00,J-107,4,8,LOW
2024-01-17 15:15:00,J-108,31,13,LOW
2024-01-17 15:30:00,J-101,29,11,LOW
2024-01-17 15:30:00,J-102,32,14,LOW
2024-01-17 15:30:00,J-103,24,15,LOW
2024-01-17 15:30:00,J-104,20,14,LOW
2024-01-17 15:30:00,J-105,7,7,LOW
2024-01-17 15:30:00,J-106,8,13,LOW
2024-01-17 15:30:00,J-107,5,10,LOW
2024-01-17 15:30:00,J-108,32,13,LOW
2024-01-17 15:45:00,J-101,33,13,LOW
2024-01-17 15:45:00,J-102,18,8,LOW
2024-01-17 15:45:00,J-103,19,12,LOW
2024-01-17 15:45:00,J-104,17,12,LOW
2024-01-17 15:45:00,J-105,10,10,LOW
2024-01-17 15:45:00,J-106,6,9,LOW
2024-01-17 15:45:00,J-107,5,10,LOW
2024-01-17 15:45:00,J-108,31,13,LOW
2024-01-17 16:00:00,J-101,32,13,LOW
2024-01-17 16:00:00,J-102,24,11,LOW
2024-01-17 16:00:00,J-103,19,12,LOW
2024-01-17 16:00:00,J-104,16,11,LOW
2024-01-17 16:00:00,J-105,11,11,LOW
2024-01-17 16:00:00,J-106,7,11,LOW
2024-01-17 16:00:00,J-107,6,13,LOW
2024-01-17 16:00:00,J-108,22,9,LOW
2024-01-17 16:15:00,J-101,29,11,LOW
2024-01-17 16:15:00,J-102,23,,LOW
2024-01-17 16:15:00,J-103,14,9,LOW
2024-01-17 16:15:00,J-104,15,10,LOW
2024-01-17 16:15:00,J-105,12,13,LOW
2024-01-17 16:15:00,J-106,6,9,LOW
2024-01-17 16:15:00,J-107,5,10,LOW
2024-01-17 16:15:00,J-108,22,9,LOW
2024-01-17 16:30:00,J-101,89,36,LOW
2024-01-17 16:30:00,J-102,82,38,LOW
2024-01-17 16:30:00,J-103,53,34,LOW
2024-01-17 16:30:00,J-104,45,32,LOW
2024-01-17 16:30:00,J-105,33,35,LOW
2024-01-17 16:30:00,J-106,23,37,LOW
2024-01-17 16:30:00,J-107,14,30,LOW
2024-01-17 16:30:00,J-108,72,31,LOW
2024-01-17 16:45:00,J-101,104,42,MODERATE
2024-01-17 16:45:00,J-102,86,39,LOW
2024-01-17 16:45:00,J-103,60,39,LOW
2024-01-17 16:45:00,J-104,62,44,MODERATE
2024-01-17 16:45:00,J-105,37,40,MODERATE
2024-01-17 16:45:00,J-106,27,43,MODERATE
2024-01-17 16:45:00,J-107,15,32,LOW
2024-01-17 16:45:00,J-108,105,45,MODERATE
2024-01-17 17:00:00,J-101,137,55,MODERATE
2024-01-17 17:00:00,J-102,105,48,MODERATE
2024-01-17 17:00:00,J-103,98,63,MODERATE
2024-01-17 17:00:00,J-104,71,51,MODERATE
2024-01-17 17:00:00,J-105,46,49,MODERATE
2024-01-17 17:00:00,J-106,30,48,MODERATE
2024-01-17 17:00:00,J-107,23,49,MODERATE
2024-01-17 17:00:00,J-108,137,59,MODERATE
2024-01-17 17:15:00,J-101,116,47,MODERATE
2024-01-17 17:15:00,J-102,105,48,MODERATE
2024-01-17 17:15:00,J-103,80,52,MODERATE
2024-01-17 17:15:00,J-104,83,59,MODERATE
2024-01-17 17:15:00,J-105,53,57,MODERATE
2024-01-17 17:15:00,J-106,37,60,MODERATE
2024-01-17 17:15:00,J-107,28,60,MODERATE
2024-01-17 17:15:00,J-108,138,59,MODERATE
2024-01-17 17:30:00,J-101,124,50,MODERATE
2024-01-17 17:30:00,J-102,99,45,MODERATE
2024-01-17 17:30:00,J-103,90,58,MODERATE
2024-01-17 17:30:00,J-104,75,54,MODERATE
2024-01-17 17:30:00,J-105,48,52,MODERATE
2024-01-17 17:30:00,J-106,30,48,MODERATE
2024-01-17 17:30:00,J-107,20,43,MODERATE
2024-01-17 17:30:00,J-108,121,52,MODERATE
2024-01-17 17:45:00,J-101,158,64,MODERATE
2024-01-17 17:45:00,J-102,146,67,MODERATE
2024-01-17 17:45:00,J-103,74,48,MODERATE
2024-01-17 17:45:00,J-104,86,62,MODERATE
2024-01-17 17:45:00,J-105,55,59,MODERATE
2024-01-17 17:45:00,J-106,32,52,MODERATE
2024-01-17 17:45:00,J-107,29,62,MODERATE
2024-01-17 17:45:00,J-108,143,61,MODERATE
2024-01-17 18:00:00,J-101,176,71,HIGH
2024-01-17 18:00:00,J-102,127,58,MODERATE
2024-01-17 18:00:00,J-103,96,62,MODERATE
2024-01-17 18:00:00,J-104,95,68,MODERATE
2024-01-17 18:00:00,J-105,57,61,MODERATE
2024-01-17 18:00:00,J-106,33,53,MODERATE
2024-01-17 18:00:00,J-107,31,67,MODERATE
2024-01-17 18:00:00,J-108,151,65,MODERATE
2024-01-17 18:15:00,J-101,143,58,MODERATE
2024-01-17 18:15:00,J-102,155,71,HIGH
2024-01-17 18:15:00,J-103,89,57,MODERATE
2024-01-17 18:15:00,J-104,79,57,MODERATE
2024-01-17 18:15:00,J-105,66,71,HIGH
2024-01-17 18:15:00,J-106,31,50,MODERATE
2024-01-17 18:15:00,J-107,30,65,MODERATE
2024-01-17 18:15:00,J-108,148,64,MODERATE
2024-01-17 18:30:00,J-101,150,60,MODERATE
2024-01-17 18:30:00,J-102,132,61,MODERATE
2024-01-17 18:30:00,J-103,85,55,MODERATE
2024-01-17 18:30:00,J-104,88,63,MODERATE
2024-01-17 18:30:00,J-105,53,57,MODERATE
2024-01-17 18:30:00,J-106,28,45,MODERATE
2024-01-17 18:30:00,J-107,,65,MODERATE
2024-01-17 18:30:00,J-108,145,62,MODERATE
2024-01-17 18:45:00,J-101,139,56,MODERATE
2024-01-17 18:45:00,J-102,130,60,MODERATE
2024-01-17 18:45:00,J-103,89,57,MODERATE
2024-01-17 18:45:00,J-104,70,50,MODERATE
2024-01-17 18:45:00,J-105,51,55,MODERATE
2024-01-17 18:45:00,J-106,35,56,MODERATE
2024-01-17 18:45:00,J-107,31,67,MODERATE
2024-01-17 18:45:00,J-108,114,49,MODERATE
2024-01-17 19:00:00,J-101,143,58,MODERATE
2024-01-17 19:00:00,J-102,129,59,MODERATE
2024-01-17 19:00:00,J-103,59,38,LOW
2024-01-17 19:00:00,J-104,80,57,MODERATE
2024-01-17 19:00:00,J-105,53,57,MODERATE
2024-01-17 19:00:00,J-106,32,52,MODERATE
2024-01-17 19:00:00,J-107,29,62,MODERATE
2024-01-17 19:00:00,J-108,128,55,MODERATE
2024-01-17 19:15:00,J-101,58,23,LOW
2024-01-17 19:15:00,J-102,56,26,LOW
2024-01-17 19:15:00,J-103,33,21,LOW
2024-01-17 19:15:00,J-104,33,23,LOW
2024-01-17 19:15:00,J-105,23,24,LOW
2024-01-17 19:15:00,J-106,15,24,LOW
2024-01-17 19:15:00,J-107,13,28,LOW
2024-01-17 19:15:00,J-108,65,28,LOW
2024-01-17 19:30:00,J-101,56,22,LOW
2024-01-17 19:30:00,J-102,42,19,LOW
2024-01-17 19:30:00,J-103,42,27,LOW
2024-01-17 19:30:00,J-104,40,28,LOW
2024-01-17 19:30:00,J-105,24,26,LOW
2024-01-17 19:30:00,J-106,17,27,LOW
2024-01-17 19:30:00,J-107,11,23,LOW
2024-01-17 19:30:00,J-108,69,29,LOW
2024-01-17 19:45:00,J-101,30,12,LOW
2024-01-17 19:45:00,J-102,,13,LOW
2024-01-17 19:45:00,J-103,21,13,LOW
2024-01-17 19:45:00,J-104,12,8,LOW
2024-01-17 19:45:00,J-105,11,11,LOW
2024-01-17 19:45:00,J-106,7,11,LOW
2024-01-17 19:45:00,J-107,5,10,LOW
2024-01-17 19:45:00,J-108,24,10,LOW
2024-01-17 20:00:00,J-101,27,10,LOW
2024-01-17 20:00:00,J-102,23,10,LOW
2024-01-17 20:00:00,J-103,18,11,LOW
2024-01-17 20:00:00,J-104,19,13,LOW
2024-01-17 20:00:00,J-105,12,13,LOW
2024-01-17 20:00:00,J-106,8,13,LOW
2024-01-17 20:00:00,J-107,5,10,LOW
2024-01-17 20:00:00,J-108,27,11,LOW
2024-01-17 20:15:00,J-101,31,12,LOW
2024-01-17 20:15:00,J-102,26,12,LOW
2024-01-17 20:15:00,J-103,17,11,LOW
2024-01-17 20:15:00,J-104,16,11,LOW
2024-01-17 20:15:00,J-105,11,11,LOW
2024-01-17 20:15:00,J-106,6,9,LOW
2024-01-17 20:15:00,J-107,5,10,LOW
2024-01-17 20:15:00,J-108,30,13,LOW
2024-01-17 20:30:00,J-101,35,14,LOW
2024-01-17 20:30:00,J-102,29,13,LOW
2024-01-17 20:30:00,J-103,23,14,LOW
2024-01-17 20:30:00,J-104,16,11,LOW
2024-01-17 20:30:00,J-105,11,11,LOW
2024-01-17 20:30:00,J-106,7,11,LOW
2024-01-17 20:30:00,J-107,5,10,LOW
2024-01-17 20:30:00,J-108,24,10,LOW
2024-01-17 20:45:00,J-101,29,11,LOW
2024-01-17 20:45:00,J-102,,12,LOW
2024-01-17 20:45:00,J-103,17,11,LOW
2024-01-17 20:45:00,J-104,16,11,LOW
2024-01-17 20:45:00,J-105,11,11,LOW
2024-01-17 20:45:00,J-106,7,11,LOW
2024-01-17 20:45:00,J-107,5,10,LOW
2024-01-17 20:45:00,J-108,25,10,LOW
2024-01-17 21:00:00,J-101,35,14,LOW
2024-01-17 21:00:00,J-102,23,10,LOW
2024-01-17 21:00:00,J-103,20,13,LOW
2024-01-17 21:00:00,J-104,16,11,LOW
2024-01-17 21:00:00,J-105,13,14,LOW
2024-01-17 21:00:00,J-106,8,13,LOW
2024-01-17 21:00:00,J-107,6,13,LOW
2024-01-17 21:00:00,J-108,29,12,LOW
2024-01-17 21:15:00,J-101,33,13,LOW
2024-01-17 21:15:00,J-102,29,13,LOW
2024-01-17 21:15:00,J-103,17,11,LOW
2024-01-17 21:15:00,J-104,18,13,LOW
2024-01-17 21:15:00,J-105,14,15,LOW
2024-01-17 21:15:00,J-106,9,14,LOW
2024-01-17 21:15:00,J-107,7,15,LOW
2024-01-17 21:15:00,J-108,31,13,LOW
2024-01-17 21:30:00,J-101,25,10,LOW
2024-01-17 21:30:00,J-102,27,12,LOW
2024-01-17 21:30:00,J-103,17,11,LOW
2024-01-17 21:30:00,J-104,15,10,LOW
2024-01-17 21:30:00,J-105,10,10,LOW
2024-01-17 21:30:00,J-106,6,9,LOW
2024-01-17 21:30:00,J-107,4,8,LOW
2024-01-17 21:30:00,J-108,24,10,LOW
2024-01-17 21:45:00,J-101,30,12,LOW
2024-01-17 21:45:00,J-102,22,10,LOW
2024-01-17 21:45:00,J-103,18,11,LOW
2024-01-17 21:45:00,J-104,15,10,LOW
2024-01-17 21:45:00,J-105,11,11,LOW
2024-01-17 21:45:00,J-106,7,11,LOW
2024-01-17 21:45:00,J-107,5,10,LOW
2024-01-17 21:45:00,J-108,24,10,LOW
2024-01-17 22:00:00,J-101,30,12,LOW
2024-01-17 22:00:00,J-102,22,10,LOW
2024-01-17 22:00:00,J-103,23,14,LOW
2024-01-17 22:00:00,J-104,18,13,LOW
2024-01-17 22:00:00,J-105,9,9,LOW
2024-01-17 22:00:00,J-106,8,13,LOW
2024-01-17 22:00:00,J-107,6,13,LOW
2024-01-17 22:00:00,J-108,29,12,LOW
2024-01-17 22:15:00,J-101,35,14,LOW
2024-01-17 22:15:00,J-102,26,12,LOW
2024-01-17 22:15:00,J-103,19,12,LOW
2024-01-17 22:15:00,J-104,14,10,LOW
2024-01-17 22:15:00,J-105,10,10,LOW
2024-01-17 22:15:00,J-106,7,11,LOW
2024-01-17 22:15:00,J-107,6,13,LOW
2024-01-17 22:15:00,J-108,21,9,LOW
2024-01-17 22:30:00,J-101,24,9,LOW
2024-01-17 22:30:00,J-102,27,12,LOW
2024-01-17 22:30:00,J-103,17,11,LOW
2024-01-17 22:30:00,J-104,14,10,LOW
2024-01-17 22:30:00,J-105,10,10,LOW
2024-01-17 22:30:00,J-106,7,11,LOW
2024-01-17 22:30:00,J-107,4,8,LOW
2024-01-17 22:30:00,J-108,25,10,LOW
2024-01-17 22:45:00,J-101,26,10,LOW
2024-01-17 22:45:00,J-102,27,12,LOW
2024-01-17 22:45:00,J-103,20,13,LOW
2024-01-17 22:45:00,J-104,19,13,LOW
2024-01-17 22:45:00,J-105,11,11,LOW
2024-01-17 22:45:00,J-106,6,9,LOW
2024-01-17 22:45:00,J-107,6,13,LOW
2024-01-17 22:45:00,J-108,31,13,LOW
2024-01-17 23:00:00,J-101,29,11,LOW
2024-01-17 23:00:00,J-102,30,13,LOW
2024-01-17 23:00:00,J-103,23,14,LOW
2024-01-17 23:00:00,J-104,18,13,LOW
2024-01-17 23:00:00,J-105,14,15,LOW
2024-01-17 23:00:00,J-106,9,14,LOW
2024-01-17 23:00:00,J-107,5,10,LOW
2024-01-17 23:00:00,J-108,25,10,LOW
2024-01-17 23:15:00,J-101,28,11,LOW
2024-01-17 23:15:00,J-102,24,11,LOW
2024-01-17 23:15:00,J-103,18,11,LOW
2024-01-17 23:15:00,J-104,20,14,LOW
2024-01-17 23:15:00,J-105,12,13,LOW
2024-01-17 23:15:00,J-106,7,11,LOW
2024-01-17 23:15:00,J-107,6,13,LOW
2024-01-17 23:15:00,J-108,29,12,LOW
2024-01-17 23:30:00,J-101,29,11,LOW
2024-01-17 23:30:00,J-102,29,13,LOW
2024-01-17 23:30:00,J-103,19,12,LOW
2024-01-17 23:30:00,J-104,16,11,LOW
2024-01-17 23:30:00,J-105,13,14,LOW
2024-01-17 23:30:00,J-106,8,13,LOW
2024-01-17 23:30:00,J-107,6,13,LOW
2024-01-17 23:30:00,J-108,31,13,LOW
2024-01-17 23:45:00,J-101,34,13,LOW
2024-01-17 23:45:00,J-102,26,12,LOW
2024-01-17 23:45:00,J-103,18,11,LOW
2024-01-17 23:45:00,J-104,19,13,LOW
2024-01-17 23:45:00,J-105,12,13,LOW
2024-01-17 23:45:00,J-106,7,11,LOW
2024-01-17 23:45:00,J-107,5,10,LOW
2024-01-17 23:45:00,J-108,29,12,LOW
2024-01-18 00:00:00,J-101,29,11,LOW
2024-01-18 00:00:00,J-102,28,13,LOW
2024-01-18 00:00:00,J-103,19,12,LOW
2024-01-18 00:00:00,J-104,16,11,LOW
2024-01-18 00:00:00,J-105,13,14,LOW
2024-01-18 00:00:00,J-106,8,13,LOW
2024-01-18 00:00:00,J-107,6,13,LOW
2024-01-18 00:00:00,J-108,31,13,LOW
2024-01-18 00:15:00,J-101,26,10,LOW
2024-01-18 00:15:00,J-102,25,11,LOW
2024-01-18 00:15:00,J-103,15,9,LOW
2024-01-18 00:15:00,J-104,14,10,LOW
2024-01-18 00:15:00,J-105,12,13,LOW
2024-01-18 00:15:00,J-106,8,13,LOW
2024-01-18 00:15:00,J-107,6,13,LOW
2024-01-18 00:15:00,J-108,22,9,LOW
2024-01-18 00:30:00,J-101,20,8,LOW
2024-01-18 00:30:00,J-102,19,8,LOW
2024-01-18 00:30:00,J-103,10,6,LOW
2024-01-18 00:30:00,J-104,11,7,LOW
2024-01-18 00:30:00,J-105,9,9,LOW
2024-01-18 00:30:00,J-106,5,8,LOW
2024-01-18 00:30:00,J-107,4,8,LOW
2024-01-18 00:30:00,J-108,21,9,LOW
2024-01-18 00:45:00,J-101,30,12,LOW
2024-01-18 00:45:00,J-102,30,13,LOW
2024-01-18 00:45:00,J-103,19,12,LOW
2024-01-18 00:45:00,J-104,19,13,LOW
2024-01-18 00:45:00,J-105,10,10,LOW
2024-01-18 00:45:00,J-106,7,11,LOW
2024-01-18 00:45:00,J-107,6,13,LOW
2024-01-18 00:45:00,J-108,24,10,LOW
2024-01-18 01:00:00,J-101,4,1,LOW
2024-01-18 01:00:00,J-102,2,0,LOW
2024-01-18 01:00:00,J-103,2,1,LOW
2024-01-18 01:00:00,J-104,2,1,LOW
2024-01-18 01:00:00,J-105,1,1,LOW
2024-01-18 01:00:00,J-106,1,1,LOW
2024-01-18 01:00:00,J-107,0,0,LOW
2024-01-18 01:00:00,J-108,4,1,LOW
2024-01-18 01:15:00,J-101,4,1,LOW
2024-01-18 01:15:00,J-102,4,1,LOW
2024-01-18 01:15:00,J-103,3,1,LOW
2024-01-18 01:15:00,J-104,2,1,LOW
2024-01-18 01:15:00,J-105,1,1,LOW
2024-01-18 01:15:00,J-106,1,1,LOW
2024-01-18 01:15:00,J-107,0,0,LOW
2024-01-18 01:15:00,J-108,4,1,LOW
2024-01-18 01:30:00,J-101,4,1,LOW
2024-01-18 01:30:00,J-102,4,1,LOW
2024-01-18 01:30:00,J-103,2,1,LOW
2024-01-18 01:30:00,J-104,2,1,LOW
2024-01-18 01:30:00,J-105,1,1,LOW
2024-01-18 01:30:00,J-106,1,1,LOW
2024-01-18 01:30:00,J-107,1,2,LOW
2024-01-18 01:30:00,J-108,4,1,LOW
2024-01-18 01:45:00,J-101,4,1,LOW
2024-01-18 01:45:00,J-102,3,1,LOW
2024-01-18 01:45:00,J-103,3,1,LOW
2024-01-18 01:45:00,J-104,3,2,LOW
2024-01-18 01:45:00,J-105,1,1,LOW
2024-01-18 01:45:00,J-106,1,1,LOW
2024-01-18 01:45:00,J-107,0,0,LOW
2024-01-18 01:45:00,J-108,4,1,LOW
2024-01-18 02:00:00,J-101,4,1,LOW
2024-01-18 02:00:00,J-102,3,1,LOW
2024-01-18 02:00:00,J-103,3,1,LOW
2024-01-18 02:00:00,J-104,2,1,LOW
2024-01-18 02:00:00,J-105,1,1,LOW
2024-01-18 02:00:00,J-106,0,0,LOW
2024-01-18 02:00:00,J-107,0,0,LOW
2024-01-18 02:00:00,J-108,4,1,LOW
2024-01-18 02:15:00,J-101,2,0,LOW
2024-01-18 02:15:00,J-102,2,0,LOW
2024-01-18 02:15:00,J-103,1,0,LOW
2024-01-18 02:15:00,J-104,1,0,LOW
2024-01-18 02:15:00,J-105,1,1,LOW
2024-01-18 02:15:00,J-106,0,0,LOW
2024-01-18 02:15:00,J-107,0,0,LOW
2024-01-18 02:15:00,J-108,2,0,LOW
2024-01-18 02:30:00,J-101,5,2,LOW
2024-01-18 02:30:00,J-102,4,1,LOW
2024-01-18 02:30:00,J-103,2,1,LOW
2024-01-18 02:30:00,J-104,2,1,LOW
2024-01-18 02:30:00,J-105,2,2,LOW
2024-01-18 02:30:00,J-106,1,1,LOW
2024-01-18 02:30:00,J-107,0,0,LOW
2024-01-18 02:30:00,J-108,5,2,LOW
2024-01-18 02:45:00,J-101,5,2,LOW
2024-01-18 02:45:00,J-102,4,1,LOW
2024-01-18 02:45:00,J-103,3,1,LOW
2024-01-18 02:45:00,J-104,2,1,LOW
2024-01-18 02:45:00,J-105,1,1,LOW
2024-01-18 02:45:00,J-106,1,1,LOW
2024-01-18 02:45:00,J-107,0,0,LOW
2024-01-18 02:45:00,J-108,4,1,LOW
2024-01-18 03:00:00,J-101,4,1,LOW
2024-01-18 03:00:00,J-102,3,1,LOW
2024-01-18 03:00:00,J-103,2,1,LOW
2024-01-18 03:00:00,J-104,2,1,LOW
2024-01-18 03:00:00,J-105,1,1,LOW
2024-01-18 03:00:00,J-106,1,1,LOW
2024-01-18 03:00:00,J-107,0,0,LOW
2024-01-18 03:00:00,J-108,3,1,LOW
2024-01-18 03:15:00,J-101,4,1,LOW
2024-01-18 03:15:00,J-102,3,1,LOW
2024-01-18 03:15:00,J-103,2,1,LOW
2024-01-18 03:15:00,J-104,2,1,LOW
2024-01-18 03:15:00,J-105,1,1,LOW
2024-01-18 03:15:00,J-106,1,1,LOW
2024-01-18 03:15:00,J-107,1,2,LOW
2024-01-18 03:15:00,J-108,5,2,LOW
2024-01-18 03:30:00,J-101,4,1,LOW
2024-01-18 03:30:00,J-102,3,1,LOW
2024-01-18 03:30:00,J-103,2,1,LOW
2024-01-18 03:30:00,J-104,2,1,LOW
2024-01-18 03:30:00,J-105,1,1,LOW
2024-01-18 03:30:00,J-106,1,1,LOW
2024-01-18 03:30:00,J-107,0,0,LOW
2024-01-18 03:30:00,J-108,4,1,LOW
2024-01-18 03:45:00,J-101,4,1,LOW
2024-01-18 03:45:00,J-102,3,1,LOW
2024-01-18 03:45:00,J-103,2,1,LOW
2024-01-18 03:45:00,J-104,2,1,LOW
2024-01-18 03:45:00,J-105,1,1,LOW
2024-01-18 03:45:00,J-106,1,1,LOW
2024-01-18 03:45:00,J-107,0,0,LOW
2024-01-18 03:45:00,J-108,4,1,LOW
2024-01-18 04:00:00,J-101,5,2,LOW
2024-01-18 04:00:00,J-102,4,,LOW
2024-01-18 04:00:00,J-103,2,1,LOW
2024-01-18 04:00:00,J-104,2,1,LOW
2024-01-18 04:00:00,J-105,1,1,LOW
2024-01-18 04:00:00,J-106,1,1,LOW
2024-01-18 04:00:00,J-107,0,0,LOW
2024-01-18 04:00:00,J-108,3,1,LOW
2024-01-18 04:15:00,J-101,4,1,LOW
2024-01-18 04:15:00,J-102,3,1,LOW
2024-01-18 04:15:00,J-103,2,1,LOW
2024-01-18 04:15:00,J-104,2,1,LOW
2024-01-18 04:15:00,J-105,1,1,LOW
2024-01-18 04:15:00,J-106,0,0,LOW
2024-01-18 04:15:00,J-107,0,0,LOW
2024-01-18 04:15:00,J-108,3,1,LOW
2024-01-18 04:30:00,J-101,4,1,LOW
2024-01-18 04:30:00,J-102,3,1,LOW
2024-01-18 04:30:00,J-103,3,1,LOW
2024-01-18 04:30:00,J-104,3,2,LOW
2024-01-18 04:30:00,J-105,1,1,LOW
2024-01-18 04:30:00,J-106,1,1,LOW
2024-01-18 04:30:00,J-107,1,2,LOW
2024-01-18 04:30:00,J-108,4,1,LOW
2024-01-18 04:45:00,J-101,3,1,LOW
2024-01-18 04:45:00,J-102,3,1,LOW
2024-01-18 04:45:00,J-103,2,1,LOW
2024-01-18 04:45:00,J-104,1,0,LOW
2024-01-18 04:45:00,J-105,1,1,LOW
2024-01-18 04:45:00,J-106,0,0,LOW
2024-01-18 04:45:00,J-107,0,0,LOW
2024-01-18 04:45:00,J-108,3,1,LOW
2024-01-18 05:00:00,J-101,5,2,LOW
2024-01-18 05:00:00,J-102,4,1,LOW
2024-01-18 05:00:00,J-103,3,1,LOW
2024-01-18 05:00:00,J-104,2,1,LOW
2024-01-18 05:00:00,J-105,1,1,LOW
2024-01-18 05:00:00,J-106,1,1,LOW
2024-01-18 05:00:00,J-107,0,0,LOW
2024-01-18 05:00:00,J-108,5,2,LOW
2024-01-18 05:15:00,J-101,29,11,LOW
2024-01-18 05:15:00,J-102,22,10,LOW
2024-01-18 05:15:00,J-103,18,11,LOW
2024-01-18 05:15:00,J-104,18,13,LOW
2024-01-18 05:15:00,J-105,14,15,LOW
2024-01-18 05:15:00,J-106,8,13,LOW
2024-01-18 05:15:00,J-107,5,10,LOW
2024-01-18 05:15:00,J-108,28,12,LOW
2024-01-18 05:30:00,J-101,30,12,LOW
2024-01-18 05:30:00,J-102,26,12,LOW
2024-01-18 05:30:00,J-103,16,10,LOW
2024-01-18 05:30:00,J-104,17,12,LOW
2024-01-18 05:30:00,J-105,9,9,LOW
2024-01-18 05:30:00,J-106,8,13,LOW
2024-01-18 05:30:00,J-107,6,13,LOW
2024-01-18 05:30:00,J-108,27,11,LOW
2024-01-18 05:45:00,J-101,32,13,LOW
2024-01-18 05:45:00,J-102,26,12,LOW
2024-01-18 05:45:00,J-103,20,13,LOW
2024-01-18 05:45:00,J-104,18,13,LOW
2024-01-18 05:45:00,J-105,14,15,LOW
2024-01-18 05:45:00,J-106,6,9,LOW
2024-01-18 05:45:00,J-107,6,13,LOW
2024-01-18 05:45:00,J-108,26,11,LOW
2024-01-18 06:00:00,J-101,35,14,LOW
2024-01-18 06:00:00,J-102,24,11,LOW
2024-01-18 06:00:00,J-103,18,11,LOW
2024-01-18 06:00:00,J-104,16,11,LOW
2024-01-18 06:00:00,J-105,11,11,LOW
2024-01-18 06:00:00,J-106,6,9,LOW
2024-01-18 06:00:00,J-107,5,10,LOW
2024-01-18 06:00:00,J-108,28,12,LOW
2024-01-18 06:15:00,J-101,33,13,LOW
2024-01-18 06:15:00,J-102,24,11,LOW
2024-01-18 06:15:00,J-103,20,13,LOW
2024-01-18 06:15:00,J-104,17,12,LOW
2024-01-18 06:15:00,J-105,11,11,LOW
2024-01-18 06:15:00,J-106,7,11,LOW
2024-01-18 06:15:00,J-107,5,10,LOW
2024-01-18 06:15:00,J-108,36,15,LOW
2024-01-18 06:30:00,J-101,19,7,LOW
2024-01-18 06:30:00,J-102,19,8,LOW
2024-01-18 06:30:00,J-103,14,9,LOW
2024-01-18 06:30:00,J-104,12,8,LOW
2024-01-18 06:30:00,J-105,9,9,LOW
2024-01-18 06:30:00,J-106,5,8,LOW
2024-01-18 06:30:00,J-107,4,8,LOW
2024-01-18 06:30:00,J-108,22,9,LOW
2024-01-18 06:45:00,J-101,26,10,LOW
2024-01-18 06:45:00,J-102,25,11,LOW
2024-01-18 06:45:00,J-103,17,11,LOW
2024-01-18 06:45:00,J-104,16,11,LOW
2024-01-18 06:45:00,J-105,8,8,LOW
2024-01-18 06:45:00,J-106,8,13,LOW
2024-01-18 06:45:00,J-107,5,10,LOW
2024-01-18 06:45:00,J-108,22,9,LOW
2024-01-18 07:00:00,J-101,36,14,LOW
2024-01-18 07:00:00,J-102,26,12,LOW
2024-01-18 07:00:00,J-103,22,14,LOW
2024-01-18 07:00:00,J-104,20,14,LOW
2024-01-18 07:00:00,J-105,7,7,LOW
2024-01-18 07:00:00,J-106,7,11,LOW
2024-01-18 07:00:00,J-107,5,10,LOW
2024-01-18 07:00:00,J-108,32,13,LOW
2024-01-18 07:15:00,J-101,37,15,LOW
2024-01-18 07:15:00,J-102,29,13,LOW
2024-01-18 07:15:00,J-103,19,12,LOW
2024-01-18 07:15:00,J-104,19,13,LOW
2024-01-18 07:15:00,J-105,11,11,LOW
2024-01-18 07:15:00,J-106,6,9,LOW
2024-01-18 07:15:00,J-107,5,10,LOW
2024-01-18 07:15:00,J-108,26,11,LOW
2024-01-18 07:30:00,J-101,59,23,LOW
2024-01-18 07:30:00,J-102,54,25,LOW
2024-01-18 07:30:00,J-103,36,23,LOW
2024-01-18 07:30:00,J-104,38,27,LOW
2024-01-18 07:30:00,J-105,34,36,LOW
2024-01-18 07:30:00,J-106,22,35,LOW
2024-01-18 07:30:00,J-107,16,34,LOW
2024-01-18 07:30:00,J-108,71,30,LOW
2024-01-18 07:45:00,J-101,110,44,MODERATE
2024-01-18 07:45:00,J-102,77,35,LOW
2024-01-18 07:45:00,J-103,94,61,MODERATE
2024-01-18 07:45:00,J-104,46,33,LOW
2024-01-18 07:45:00,J-105,40,43,MODERATE
2024-01-18 07:45:00,J-106,24,39,LOW
2024-01-18 07:45:00,J-107,16,34,LOW
2024-01-18 07:45:00,J-108,108,46,MODERATE
2024-01-18 08:00:00,J-101,129,52,MODERATE
2024-01-18 08:00:00,J-102,128,59,MODERATE
2024-01-18 08:00:00,J-103,90,58,MODERATE
2024-01-18 08:00:00,J-104,83,59,MODERATE
2024-01-18 08:00:00,J-105,51,55,MODERATE
2024-01-18 08:00:00,J-106,32,52,MODERATE
2024-01-18 08:00:00,J-107,26,56,MODERATE
2024-01-18 08:00:00,J-108,121,52,MODERATE
2024-01-18 08:15:00,J-101,130,52,MODERATE
2024-01-18 08:15:00,J-102,121,56,MODERATE
2024-01-18 08:15:00,J-103,103,66,MODERATE
2024-01-18 08:15:00,J-104,73,52,MODERATE
2024-01-18 08:15:00,J-105,65,70,HIGH
2024-01-18 08:15:00,J-106,30,48,MODERATE
2024-01-18 08:15:00,J-107,27,58,MODERATE
2024-01-18 08:15:00,J-108,138,59,MODERATE
2024-01-18 08:30:00,J-101,138,56,MODERATE
2024-01-18 08:30:00,J-102,144,66,MODERATE
2024-01-18 08:30:00,J-103,105,68,MODERATE
2024-01-18 08:30:00,J-104,104,75,HIGH
2024-01-18 08:30:00,J-105,73,79,HIGH
2024-01-18 08:30:00,J-106,35,56,MODERATE
2024-01-18 08:30:00,J-107,31,67,MODERATE
2024-01-18 08:30:00,J-108,160,69,MODERATE
2024-01-18 08:45:00,J-101,201,81,HIGH
2024-01-18 08:45:00,J-102,119,55,MODERATE
2024-01-18 08:45:00,J-103,106,68,MODERATE
2024-01-18 08:45:00,J-104,79,57,MODERATE
2024-01-18 08:45:00,J-105,58,62,MODERATE
2024-01-18 08:45:00,J-106,48,78,HIGH
2024-01-18 08:45:00,J-107,28,60,MODERATE
2024-01-18 08:45:00,J-108,107,46,MODERATE
2024-01-18 09:00:00,J-101,150,60,MODERATE
2024-01-18 09:00:00,J-102,139,64,MODERATE
2024-01-18 09:00:00,J-103,107,69,MODERATE
2024-01-18 09:00:00,J-104,79,57,MODERATE
2024-01-18 09:00:00,J-105,60,65,MODERATE
2024-01-18 09:00:00,J-106,45,73,HIGH
2024-01-18 09:00:00,J-107,29,62,MODERATE
2024-01-18 09:00:00,J-108,137,59,MODERATE
2024-01-18 09:15:00,J-101,104,42,MODERATE
2024-01-18 09:15:00,J-102,117,54,MODERATE
2024-01-18 09:15:00,J-103,91,59,MODERATE
2024-01-18 09:15:00,J-104,64,46,MODERATE
2024-01-18 09:15:00,J-105,52,56,MODERATE
2024-01-18 09:15:00,J-106,27,43,MODERATE
2024-01-18 09:15:00,J-107,22,47,MODERATE
2024-01-18 09:15:00,J-108,124,53,MODERATE
2024-01-18 09:30:00,J-101,137,55,MODERATE
2024-01-18 09:30:00,J-102,88,40,MODERATE
2024-01-18 09:30:00,J-103,76,49,MODERATE
2024-01-18 09:30:00,J-104,53,38,LOW
2024-01-18 09:30:00,J-105,47,50,MODERATE
2024-01-18 09:30:00,J-106,27,43,MODERATE
2024-01-18 09:30:00,J-107,27,58,MODERATE
2024-01-18 09:30:00,J-108,127,55,MODERATE
2024-01-18 09:45:00,J-101,103,41,MODERATE
2024-01-18 09:45:00,J-102,110,51,MODERATE
2024-01-18 09:45:00,J-103,67,43,MODERATE
2024-01-18 09:45:00,J-104,60,43,MODERATE
2024-01-18 09:45:00,J-105,33,35,LOW
2024-01-18 09:45:00,J-106,22,35,LOW
2024-01-18 09:45:00,J-107,17,36,LOW
2024-01-18 09:45:00,J-108,116,50,MODERATE
2024-01-18 10:00:00,J-101,66,26,LOW
2024-01-18 10:00:00,J-102,59,27,LOW
2024-01-18 10:00:00,J-103,44,28,LOW
2024-01-18 10:00:00,J-104,41,29,LOW
2024-01-18 10:00:00,J-105,29,31,LOW
2024-01-18 10:00:00,J-106,19,30,LOW
2024-01-18 10:00:00,J-107,14,30,LOW
2024-01-18 10:00:00,J-108,62,26,LOW
2024-01-18 10:15:00,J-101,30,12,LOW
2024-01-18 10:15:00,J-102,24,11,LOW
2024-01-18 10:15:00,J-103,21,13,LOW
2024-01-18 10:15:00,J-104,15,10,LOW
2024-01-18 10:15:00,J-105,13,14,LOW
2024-01-18 10:15:00,J-106,7,11,LOW
2024-01-18 10:15:00,J-107,4,8,LOW
2024-01-18 10:15:00,J-108,34,14,LOW
2024-01-18 10:30:00,J-101,29,11,LOW
2024-01-18 10:30:00,J-102,26,12,LOW
2024-01-18 10:30:00,J-103,17,11,LOW
2024-01-18 10:30:00,J-104,17,12,LOW
2024-01-18 10:30:00,J-105,9,9,LOW
2024-01-18 10:30:00,J-106,7,11,LOW
2024-01-18 10:30:00,J-107,6,13,LOW
2024-01-18 10:30:00,J-108,27,11,LOW
2024-01-18 10:45:00,J-101,27,10,LOW
2024-01-18 10:45:00,J-102,27,12,LOW
2024-01-18 10:45:00,J-103,19,12,LOW
2024-01-18 10:45:00,J-104,14,10,LOW
2024-01-18 10:45:00,J-105,9,9,LOW
2024-01-18 10:45:00,J-106,8,13,LOW
2024-01-18 10:45:00,J-107,6,13,LOW
2024-01-18 10:45:00,J-108,26,11,LOW
2024-01-18 11:00:00,J-101,27,10,LOW
2024-01-18 11:00:00,J-102,31,14,LOW
2024-01-18 11:00:00,J-103,21,13,LOW
2024-01-18 11:00:00,J-104,15,10,LOW
2024-01-18 11:00:00,J-105,12,13,LOW
2024-01-18 11:00:00,J-106,7,11,LOW
2024-01-18 11:00:00,J-107,6,13,LOW
2024-01-18 11:00:00,J-108,27,11,LOW
2024-01-18 11:15:00,J-101,30,12,LOW
2024-01-18 11:15:00,J-102,33,15,LOW
2024-01-18 11:15:00,J-103,14,9,LOW
2024-01-18 11:15:00,J-104,,12,LOW
2024-01-18 11:15:00,J-105,12,13,LOW
2024-01-18 11:15:00,J-106,7,11,LOW
2024-01-18 11:15:00,J-107,6,13,LOW
2024-01-18 11:15:00,J-108,29,12,LOW
2024-01-18 11:30:00,J-101,29,11,LOW
2024-01-18 11:30:00,J-102,22,10,LOW
2024-01-18 11:30:00,J-103,17,11,LOW
2024-01-18 11:30:00,J-104,14,10,LOW
2024-01-18 11:30:00,J-105,10,10,LOW
2024-01-18 11:30:00,J-106,6,9,LOW
2024-01-18 11:30:00,J-107,5,10,LOW
2024-01-18 11:30:00,J-108,27,11,LOW
2024-01-18 11:45:00,J-101,34,13,LOW
2024-01-18 11:45:00,J-102,31,14,LOW
2024-01-18 11:45:00,J-103,19,12,LOW
2024-01-18 11:45:00,J-104,13,9,LOW
2024-01-18 11:45:00,J-105,13,14,LOW
2024-01-18 11:45:00,J-106,8,13,LOW
2024-01-18 11:45:00,J-107,6,13,LOW
2024-01-18 11:45:00,J-108,36,15,LOW
2024-01-18 12:00:00,J-101,54,21,LOW
2024-01-18 12:00:00,J-102,64,29,LOW
2024-01-18 12:00:00,J-103,34,22,LOW
2024-01-18 12:00:00,J-104,37,26,LOW
2024-01-18 12:00:00,J-105,25,27,LOW
2024-01-18 12:00:00,J-106,16,26,LOW
2024-01-18 12:00:00,J-107,13,28,LOW
2024-01-18 12:00:00,J-108,56,24,LOW
2024-01-18 12:15:00,J-101,57,23,LOW
2024-01-18 12:15:00,J-102,60,27,LOW
2024-01-18 12:15:00,J-103,35,22,LOW
2024-01-18 12:15:00,J-104,37,26,LOW
2024-01-18 12:15:00,J-105,19,20,LOW
2024-01-18 12:15:00,J-106,13,21,LOW
2024-01-18 12:15:00,J-107,10,21,LOW
2024-01-18 12:15:00,J-108,60,26,LOW
2024-01-18 12:30:00,J-101,46,18,LOW
2024-01-18 12:30:00,J-102,43,19,LOW
2024-01-18 12:30:00,J-103,36,23,LOW
2024-01-18 12:30:00,J-104,,20,LOW
2024-01-18 12:30:00,J-105,20,21,LOW
2024-01-18 12:30:00,J-106,14,22,LOW
2024-01-18 12:30:00,J-107,,21,LOW
2024-01-18 12:30:00,J-108,39,16,LOW
2024-01-18 12:45:00,J-101,59,23,LOW
2024-01-18 12:45:00,J-102,57,26,LOW
2024-01-18 12:45:00,J-103,44,28,LOW
2024-01-18 12:45:00,J-104,38,27,LOW
2024-01-18 12:45:00,J-105,29,31,LOW
2024-01-18 12:45:00,J-106,20,32,LOW
2024-01-18 12:45:00,J-107,14,30,LOW
2024-01-18 12:45:00,J-108,66,28,LOW
2024-01-18 13:00:00,J-101,64,26,LOW
2024-01-18 13:00:00,J-102,53,24,LOW
2024-01-18 13:00:00,J-103,45,29,LOW
2024-01-18 13:00:00,J-104,24,17,LOW
2024-01-18 13:00:00,J-105,23,24,LOW
2024-01-18 13:00:00,J-106,15,24,LOW
2024-01-18 13:00:00,J-107,12,26,LOW
2024-01-18 13:00:00,J-108,67,29,LOW
2024-01-18 13:15:00,J-101,66,26,LOW
2024-01-18 13:15:00,J-102,58,26,LOW
2024-01-18 13:15:00,J-103,49,31,LOW
2024-01-18 13:15:00,J-104,34,24,LOW
2024-01-18 13:15:00,J-105,25,27,LOW
2024-01-18 13:15:00,J-106,15,24,LOW
2024-01-18 13:15:00,J-107,11,23,LOW
2024-01-18 13:15:00,J-108,60,26,LOW
2024-01-18 13:30:00,J-101,57,23,LOW
2024-01-18 13:30:00,J-102,72,33,LOW
2024-01-18 13:30:00,J-103,44,28,LOW
2024-01-18 13:30:00,J-104,28,20,LOW
2024-01-18 13:30:00,J-105,25,27,LOW
2024-01-18 13:30:00,J-106,14,22,LOW
2024-01-18 13:30:00,J-107,9,19,LOW
2024-01-18 13:30:00,J-108,52,22,LOW
2024-01-18 13:45:00,J-101,25,10,LOW
2024-01-18 13:45:00,J-102,32,14,LOW
2024-01-18 13:45:00,J-103,17,11,LOW
2024-01-18 13:45:00,J-104,15,10,LOW
2024-01-18 13:45:00,J-105,10,10,LOW
2024-01-18 13:45:00,J-106,9,14,LOW
2024-01-18 13:45:00,J-107,5,10,LOW
2024-01-18 13:45:00,J-108,25,10,LOW
2024-01-18 14:00:00,J-101,32,13,LOW
2024-01-18 14:00:00,J-102,32,14,LOW
2024-01-18 14:00:00,J-103,20,13,LOW
2024-01-18 14:00:00,J-104,18,13,LOW
2024-01-18 14:00:00,J-105,10,10,LOW
2024-01-18 14:00:00,J-106,6,9,LOW
2024-01-18 14:00:00,J-107,6,13,LOW
2024-01-18 14:00:00,J-108,34,14,LOW
2024-01-18 14:15:00,J-101,34,13,LOW
2024-01-18 14:15:00,J-102,33,15,LOW
2024-01-18 14:15:00,J-103,24,15,LOW
2024-01-18 14:15:00,J-104,19,13,LOW
2024-01-18 14:15:00,J-105,11,11,LOW
2024-01-18 14:15:00,J-106,8,13,LOW
2024-01-18 14:15:00,J-107,6,13,LOW
2024-01-18 14:15:00,J-108,32,13,LOW
2024-01-18 14:30:00,J-101,27,10,LOW
2024-01-18 14:30:00,J-102,23,10,LOW
2024-01-18 14:30:00,J-103,19,12,LOW
2024-01-18 14:30:00,J-104,21,15,LOW
2024-01-18 14:30:00,J-105,11,11,LOW
2024-01-18 14:30:00,J-106,8,13,LOW
2024-01-18 14:30:00,J-107,6,13,LOW
2024-01-18 14:30:00,J-108,33,14,LOW
2024-01-18 14:45:00,J-101,27,10,LOW
2024-01-18 14:45:00,J-102,25,11,LOW
2024-01-18 14:45:00,J-103,18,11,LOW
2024-01-18 14:45:00,J-104,18,13,LOW
2024-01-18 14:45:00,J-105,11,11,LOW
2024-01-18 14:45:00,J-106,9,14,LOW
2024-01-18 14:45:00,J-107,6,13,LOW
2024-01-18 14:45:00,J-108,22,9,LOW
2024-01-18 15:00:00,J-101,24,9,LOW
2024-01-18 15:00:00,J-102,30,13,LOW
2024-01-18 15:00:00,J-103,21,13,LOW
2024-01-18 15:00:00,J-104,21,15,LOW
2024-01-18 15:00:00,J-105,12,13,LOW
2024-01-18 15:00:00,J-106,7,11,LOW
2024-01-18 15:00:00,J-107,6,13,LOW
2024-01-18 15:00:00,J-108,35,15,LOW
2024-01-18 15:15:00,J-101,29,11,LOW
2024-01-18 15:15:00,J-102,25,11,LOW
2024-01-18 15:15:00,J-103,18,11,LOW
2024-01-18 15:15:00,J-104,20,14,LOW
2024-01-18 15:15:00,J-105,11,11,LOW
2024-01-18 15:15:00,J-106,8,13,LOW
2024-01-18 15:15:00,J-107,5,10,LOW
2024-01-18 15:15:00,J-108,29,12,LOW
2024-01-18 15:30:00,J-101,29,11,LOW
2024-01-18 15:30:00,J-102,22,10,LOW
2024-01-18 15:30:00,J-103,16,10,LOW
2024-01-18 15:30:00,J-104,15,10,LOW
2024-01-18 15:30:00,J-105,8,8,LOW
2024-01-18 15:30:00,J-106,7,11,LOW
2024-01-18 15:30:00,J-107,5,10,LOW
2024-01-18 15:30:00,J-108,21,9,LOW
2024-01-18 15:45:00,J-101,28,11,LOW
2024-01-18 15:45:00,J-102,24,11,LOW
2024-01-18 15:45:00,J-103,20,13,LOW
2024-01-18 15:45:00,J-104,21,15,LOW
2024-01-18 15:45:00,J-105,11,11,LOW
2024-01-18 15:45:00,J-106,7,11,LOW
2024-01-18 15:45:00,J-107,6,13,LOW
2024-01-18 15:45:00,J-108,31,13,LOW
2024-01-18 16:00:00,J-101,27,10,LOW
2024-01-18 16:00:00,J-102,25,11,LOW
2024-01-18 16:00:00,J-103,20,13,LOW
2024-01-18 16:00:00,J-104,17,12,LOW
2024-01-18 16:00:00,J-105,11,11,LOW
2024-01-18 16:00:00,J-106,7,11,LOW
2024-01-18 16:00:00,J-107,5,10,LOW
2024-01-18 16:00:00,J-108,26,11,LOW
2024-01-18 16:15:00,J-101,29,11,LOW
2024-01-18 16:15:00,J-102,29,13,LOW
2024-01-18 16:15:00,J-103,14,9,LOW
2024-01-18 16:15:00,J-104,17,12,LOW
2024-01-18 16:15:00,J-105,8,8,LOW
2024-01-18 16:15:00,J-106,9,14,LOW
2024-01-18 16:15:00,J-107,6,13,LOW
2024-01-18 16:15:00,J-108,33,,LOW
2024-01-18 16:30:00,J-101,100,40,MODERATE
2024-01-18 16:30:00,J-102,95,44,MODERATE
2024-01-18 16:30:00,J-103,66,42,MODERATE
2024-01-18 16:30:00,J-104,62,44,MODERATE
2024-01-18 16:30:00,J-105,37,40,MODERATE
2024-01-18 16:30:00,J-106,24,39,LOW
2024-01-18 16:30:00,J-107,17,36,LOW
2024-01-18 16:30:00,J-108,64,27,LOW
2024-01-18 16:45:00,J-101,120,48,MODERATE
2024-01-18 16:45:00,J-102,104,48,MODERATE
2024-01-18 16:45:00,J-103,61,39,LOW
2024-01-18 16:45:00,J-104,60,43,MODERATE
2024-01-18 16:45:00,J-105,39,42,MODERATE
2024-01-18 16:45:00,J-106,26,42,MODERATE
2024-01-18 16:45:00,J-107,19,41,MODERATE
2024-01-18 16:45:00,J-108,94,40,MODERATE
2024-01-18 17:00:00,J-101,95,38,LOW
2024-01-18 17:00:00,J-102,104,48,MODERATE
2024-01-18 17:00:00,J-103,67,43,MODERATE
2024-01-18 17:00:00,J-104,67,48,MODERATE
2024-01-18 17:00:00,J-105,41,44,MODERATE
2024-01-18 17:00:00,J-106,29,47,MODERATE
2024-01-18 17:00:00,J-107,22,47,MODERATE
2024-01-18 17:00:00,J-108,113,48,MODERATE
2024-01-18 17:15:00,J-101,139,56,MODERATE
2024-01-18 17:15:00,J-102,113,52,MODERATE
2024-01-18 17:15:00,J-103,82,53,MODERATE
2024-01-18 17:15:00,J-104,76,54,MODERATE
2024-01-18 17:15:00,J-105,42,45,MODERATE
2024-01-18 17:15:00,J-106,29,47,MODERATE
2024-01-18 17:15:00,J-107,24,52,MODERATE
2024-01-18 17:15:00,J-108,141,61,MODERATE
2024-01-18 17:30:00,J-101,147,59,MODERATE
2024-01-18 17:30:00,J-102,108,50,MODERATE
2024-01-18 17:30:00,J-103,93,60,MODERATE
2024-01-18 17:30:00,J-104,79,57,MODERATE
2024-01-18 17:30:00,J-105,56,60,MODERATE
2024-01-18 17:30:00,J-106,38,61,MODERATE
2024-01-18 17:30:00,J-107,26,56,MODERATE
2024-01-18 17:30:00,J-108,165,71,HIGH
2024-01-18 17:45:00,J-101,126,51,MODERATE
2024-01-18 17:45:00,J-102,146,67,MODERATE
2024-01-18 17:45:00,J-103,97,63,MODERATE
2024-01-18 17:45:00,J-104,84,60,MODERATE
2024-01-18 17:45:00,J-105,49,53,MODERATE
2024-01-18 17:45:00,J-106,35,56,MODERATE
2024-01-18 17:45:00,J-107,23,49,MODERATE
2024-01-18 17:45:00,J-108,149,64,MODERATE
2024-01-18 18:00:00,J-101,113,45,MODERATE
2024-01-18 18:00:00,J-102,74,34,LOW
2024-01-18 18:00:00,J-103,,48,MODERATE
2024-01-18 18:00:00,J-104,51,36,LOW
2024-01-18 18:00:00,J-105,42,45,MODERATE
2024-01-18 18:00:00,J-106,24,39,LOW
2024-01-18 18:00:00,J-107,19,41,MODERATE
2024-01-18 18:00:00,J-108,84,36,LOW
2024-01-18 18:15:00,J-101,187,75,HIGH
2024-01-18 18:15:00,J-102,139,64,MODERATE
2024-01-18 18:15:00,J-103,118,76,HIGH
2024-01-18 18:15:00,J-104,91,65,MODERATE
2024-01-18 18:15:00,J-105,54,58,MODERATE
2024-01-18 18:15:00,J-106,42,68,MODERATE
2024-01-18 18:15:00,J-107,32,69,MODERATE
2024-01-18 18:15:00,J-108,133,57,MODERATE
2024-01-18 18:30:00,J-101,160,65,MODERATE
2024-01-18 18:30:00,J-102,108,50,MODERATE
2024-01-18 18:30:00,J-103,75,48,MODERATE
2024-01-18 18:30:00,J-104,84,60,MODERATE
2024-01-18 18:30:00,J-105,60,65,MODERATE
2024-01-18 18:30:00,J-106,40,65,MODERATE
2024-01-18 18:30:00,J-107,29,62,MODERATE
2024-01-18 18:30:00,J-108,122,52,MODERATE
2024-01-18 18:45:00,J-101,141,57,MODERATE
2024-01-18 18:45:00,J-102,132,61,MODERATE
2024-01-18 18:45:00,J-103,78,50,MODERATE
2024-01-18 18:45:00,J-104,82,59,MODERATE
2024-01-18 18:45:00,J-105,65,70,HIGH
2024-01-18 18:45:00,J-106,35,56,MODERATE
2024-01-18 18:45:00,J-107,26,56,MODERATE
2024-01-18 18:45:00,J-108,139,60,MODERATE
2024-01-18 19:00:00,J-101,121,49,MODERATE
2024-01-18 19:00:00,J-102,120,55,MODERATE
2024-01-18 19:00:00,J-103,73,47,MODERATE
2024-01-18 19:00:00,J-104,66,47,MODERATE
2024-01-18 19:00:00,J-105,43,46,MODERATE
2024-01-18 19:00:00,J-106,32,52,MODERATE
2024-01-18 19:00:00,J-107,23,49,MODERATE
2024-01-18 19:00:00,J-108,110,47,MODERATE
2024-01-18 19:15:00,J-101,118,47,MODERATE
2024-01-18 19:15:00,J-102,100,46,MODERATE
2024-01-18 19:15:00,J-103,79,51,MODERATE
2024-01-18 19:15:00,J-104,55,39,LOW
2024-01-18 19:15:00,J-105,49,53,MODERATE
2024-01-18 19:15:00,J-106,26,42,MODERATE
2024-01-18 19:15:00,J-107,19,41,MODERATE
2024-01-18 19:15:00,J-108,93,40,MODERATE
2024-01-18 19:30:00,J-101,56,22,LOW
2024-01-18 19:30:00,J-102,44,20,LOW
2024-01-18 19:30:00,J-103,39,,LOW
2024-01-18 19:30:00,J-104,33,23,LOW
2024-01-18 19:30:00,J-105,22,23,LOW
2024-01-18 19:30:00,J-106,15,24,LOW
2024-01-18 19:30:00,J-107,10,21,LOW
2024-01-18 19:30:00,J-108,62,26,LOW
2024-01-18 19:45:00,J-101,25,10,LOW
2024-01-18 19:45:00,J-102,24,11,LOW
2024-01-18 19:45:00,J-103,16,10,LOW
2024-01-18 19:45:00,J-104,16,11,LOW
2024-01-18 19:45:00,J-105,12,13,LOW
2024-01-18 19:45:00,J-106,7,11,LOW
2024-01-18 19:45:00,J-107,6,13,LOW
2024-01-18 19:45:00,J-108,30,13,LOW
2024-01-18 20:00:00,J-101,30,12,LOW
2024-01-18 20:00:00,J-102,26,12,LOW
2024-01-18 20:00:00,J-103,24,15,LOW
2024-01-18 20:00:00,J-104,19,13,LOW
2024-01-18 20:00:00,J-105,10,10,LOW
2024-01-18 20:00:00,J-106,7,11,LOW
2024-01-18 20:00:00,J-107,6,13,LOW
2024-01-18 20:00:00,J-108,28,12,LOW
2024-01-18 20:15:00,J-101,33,13,LOW
2024-01-18 20:15:00,J-102,26,12,LOW
2024-01-18 20:15:00,J-103,23,14,LOW
2024-01-18 20:15:00,J-104,20,14,LOW
2024-01-18 20:15:00,J-105,12,13,LOW
2024-01-18 20:15:00,J-106,9,14,LOW
2024-01-18 20:15:00,J-107,5,10,LOW
2024-01-18 20:15:00,J-108,33,14,LOW
2024-01-18 20:30:00,J-101,30,12,LOW
2024-01-18 20:30:00,J-102,23,10,LOW
2024-01-18 20:30:00,J-103,19,12,LOW
2024-01-18 20:30:00,J-104,19,13,LOW
2024-01-18 20:30:00,J-105,12,13,LOW
2024-01-18 20:30:00,J-106,7,11,LOW
2024-01-18 20:30:00,J-107,6,13,LOW
2024-01-18 20:30:00,J-108,25,10,LOW
2024-01-18 20:45:00,J-101,26,10,LOW
2024-01-18 20:45:00,J-102,20,9,LOW
2024-01-18 20:45:00,J-103,19,12,LOW
2024-01-18 20:45:00,J-104,18,13,LOW
2024-01-18 20:45:00,J-105,9,9,LOW
2024-01-18 20:45:00,J-106,8,13,LOW
2024-01-18 20:45:00,J-107,5,10,LOW
2024-01-18 20:45:00,J-108,35,15,LOW
2024-01-18 21:00:00,J-101,33,13,LOW
2024-01-18 21:00:00,J-102,31,14,LOW
2024-01-18 21:00:00,J-103,19,12,LOW
2024-01-18 21:00:00,J-104,19,13,LOW
2024-01-18 21:00:00,J-105,13,14,LOW
2024-01-18 21:00:00,J-106,7,11,LOW
2024-01-18 21:00:00,J-107,5,10,LOW
2024-01-18 21:00:00,J-108,35,15,LOW
2024-01-18 21:15:00,J-101,26,10,LOW
2024-01-18 21:15:00,J-102,15,6,LOW
2024-01-18 21:15:00,J-103,10,6,LOW
2024-01-18 21:15:00,J-104,9,6,LOW
2024-01-18 21:15:00,J-105,8,8,LOW
2024-01-18 21:15:00,J-106,4,6,LOW
2024-01-18 21:15:00,J-107,3,6,LOW
2024-01-18 21:15:00,J-108,22,9,LOW
2024-01-18 21:30:00,J-101,20,8,LOW
2024-01-18 21:30:00,J-102,21,9,LOW
2024-01-18 21:30:00,J-103,16,10,LOW
2024-01-18 21:30:00,J-104,15,10,LOW
2024-01-18 21:30:00,J-105,11,11,LOW
2024-01-18 21:30:00,J-106,5,8,LOW
2024-01-18 21:30:00,J-107,,10,LOW
2024-01-18 21:30:00,J-108,28,12,LOW
2024-01-18 21:45:00,J-101,18,7,LOW
2024-01-18 21:45:00,J-102,17,7,LOW
2024-01-18 21:45:00,J-103,11,7,LOW
2024-01-18 21:45:00,J-104,11,7,LOW
2024-01-18 21:45:00,J-105,6,6,LOW
2024-01-18 21:45:00,J-106,5,8,LOW
2024-01-18 21:45:00,J-107,3,6,LOW
2024-01-18 21:45:00,J-108,16,6,LOW
2024-01-18 22:00:00,J-101,30,12,LOW
2024-01-18 22:00:00,J-102,23,10,LOW
2024-01-18 22:00:00,J-103,22,14,LOW
2024-01-18 22:00:00,J-104,15,10,LOW
2024-01-18 22:00:00,J-105,10,10,LOW
2024-01-18 22:00:00,J-106,6,9,LOW
2024-01-18 22:00:00,J-107,6,13,LOW
2024-01-18 22:00:00,J-108,26,11,LOW
2024-01-18 22:15:00,J-101,35,14,LOW
2024-01-18 22:15:00,J-102,23,10,LOW
2024-01-18 22:15:00,J-103,18,11,LOW
2024-01-18 22:15:00,J-104,18,13,LOW
2024-01-18 22:15:00,J-105,12,13,LOW
2024-01-18 22:15:00,J-106,8,13,LOW
2024-01-18 22:15:00,J-107,4,8,LOW
2024-01-18 22:15:00,J-108,31,13,LOW
2024-01-18 22:30:00,J-101,27,10,LOW
2024-01-18 22:30:00,J-102,23,10,LOW
2024-01-18 22:30:00,J-103,21,13,LOW
2024-01-18 22:30:00,J-104,19,13,LOW
2024-01-18 22:30:00,J-105,9,9,LOW
2024-01-18 22:30:00,J-106,6,9,LOW
2024-01-18 22:30:00,J-107,5,10,LOW
2024-01-18 22:30:00,J-108,37,16,LOW
2024-01-18 22:45:00,J-101,32,13,LOW
2024-01-18 22:45:00,J-102,25,,LOW
2024-01-18 22:45:00,J-103,15,9,LOW
2024-01-18 22:45:00,J-104,17,12,LOW
2024-01-18 22:45:00,J-105,10,10,LOW
2024-01-18 22:45:00,J-106,7,11,LOW
2024-01-18 22:45:00,J-107,5,10,LOW
2024-01-18 22:45:00,J-108,29,12,LOW
2024-01-18 23:00:00,J-101,29,11,LOW
2024-01-18 23:00:00,J-102,32,14,LOW
2024-01-18 23:00:00,J-103,16,10,LOW
2024-01-18 23:00:00,J-104,17,12,LOW
2024-01-18 23:00:00,J-105,10,10,LOW
2024-01-18 23:00:00,J-106,8,13,LOW
2024-01-18 23:00:00,J-107,6,13,LOW
2024-01-18 23:00:00,J-108,35,15,LOW
2024-01-18 23:15:00,J-101,25,10,LOW
2024-01-18 23:15:00,J-102,37,17,LOW
2024-01-18 23:15:00,J-103,18,11,LOW
2024-01-18 23:15:00,J-104,13,9,LOW
2024-01-18 23:15:00,J-105,11,11,LOW
2024-01-18 23:15:00,J-106,8,13,LOW
2024-01-18 23:15:00,J-107,5,10,LOW
2024-01-18 23:15:00,J-108,33,14,LOW
2024-01-18 23:30:00,J-101,29,11,LOW
2024-01-18 23:30:00,J-102,20,9,LOW
2024-01-18 23:30:00,J-103,18,11,LOW
2024-01-18 23:30:00,J-104,15,10,LOW
2024-01-18 23:30:00,J-105,14,15,LOW
2024-01-18 23:30:00,J-106,7,11,LOW
2024-01-18 23:30:00,J-107,6,13,LOW
2024-01-18 23:30:00,J-108,34,14,LOW
2024-01-18 23:45:00,J-101,28,11,LOW
2024-01-18 23:45:00,J-102,20,9,LOW
2024-01-18 23:45:00,J-103,15,9,LOW
2024-01-18 23:45:00,J-104,17,12,LOW
2024-01-18 23:45:00,J-105,10,10,LOW
2024-01-18 23:45:00,J-106,5,8,LOW
2024-01-18 23:45:00,J-107,4,8,LOW
2024-01-18 23:45:00,J-108,25,10,LOW
2024-01-19 00:00:00,J-101,28,11,LOW
2024-01-19 00:00:00,J-102,31,14,LOW
2024-01-19 00:00:00,J-103,17,11,LOW
2024-01-19 00:00:00,J-104,15,10,LOW
2024-01-19 00:00:00,J-105,13,14,LOW
2024-01-19 00:00:00,J-106,7,11,LOW
2024-01-19 00:00:00,J-107,,15,LOW
2024-01-19 00:00:00,J-108,25,10,LOW
2024-01-19 00:15:00,J-101,33,13,LOW
2024-01-19 00:15:00,J-102,23,10,LOW
2024-01-19 00:15:00,J-103,23,14,LOW
2024-01-19 00:15:00,J-104,19,13,LOW
2024-01-19 00:15:00,J-105,13,14,LOW
2024-01-19 00:15:00,J-106,8,13,LOW
2024-01-19 00:15:00,J-107,5,10,LOW
2024-01-19 00:15:00,J-108,26,11,LOW
2024-01-19 00:30:00,J-101,30,12,LOW
2024-01-19 00:30:00,J-102,29,13,LOW
2024-01-19 00:30:00,J-103,20,13,LOW
2024-01-19 00:30:00,J-104,20,14,LOW
2024-01-19 00:30:00,J-105,12,13,LOW
2024-01-19 00:30:00,J-106,8,13,LOW
2024-01-19 00:30:00,J-107,4,8,LOW
2024-01-19 00:30:00,J-108,22,9,LOW
2024-01-19 00:45:00,J-101,18,7,LOW
2024-01-19 00:45:00,J-102,15,6,LOW
2024-01-19 00:45:00,J-103,11,7,LOW
2024-01-19 00:45:00,J-104,11,7,LOW
2024-01-19 00:45:00,J-105,6,6,LOW
2024-01-19 00:45:00,J-106,3,4,LOW
2024-01-19 00:45:00,J-107,3,6,LOW
2024-01-19 00:45:00,J-108,16,6,LOW
2024-01-19 01:00:00,J-101,4,1,LOW
2024-01-19 01:00:00,J-102,3,1,LOW
2024-01-19 01:00:00,J-103,3,1,LOW
2024-01-19 01:00:00,J-104,2,1,LOW
2024-01-19 01:00:00,J-105,1,1,LOW
2024-01-19 01:00:00,J-106,1,1,LOW
2024-01-19 01:00:00,J-107,1,2,LOW
2024-01-19 01:00:00,J-108,4,1,LOW
2024-01-19 01:15:00,J-101,4,1,LOW
2024-01-19 01:15:00,J-102,3,1,LOW
2024-01-19 01:15:00,J-103,3,1,LOW
2024-01-19 01:15:00,J-104,2,1,LOW
2024-01-19 01:15:00,J-105,1,1,LOW
2024-01-19 01:15:00,J-106,0,0,LOW
2024-01-19 01:15:00,J-107,0,0,LOW
2024-01-19 01:15:00,J-108,3,1,LOW
2024-01-19 01:30:00,J-101,5,2,LOW
2024-01-19 01:30:00,J-102,3,1,LOW
2024-01-19 01:30:00,J-103,3,1,LOW
2024-01-19 01:30:00,J-104,3,2,LOW
2024-01-19 01:30:00,J-105,2,2,LOW
2024-01-19 01:30:00,J-106,1,1,LOW
2024-01-19 01:30:00,J-107,0,0,LOW
2024-01-19 01:30:00,J-108,4,1,LOW
2024-01-19 01:45:00,J-101,4,1,LOW
2024-01-19 01:45:00,J-102,3,1,LOW
2024-01-19 01:45:00,J-103,3,1,LOW
2024-01-19 01:45:00,J-104,2,1,LOW
2024-01-19 01:45:00,J-105,1,1,LOW
2024-01-19 01:45:00,J-106,0,0,LOW
2024-01-19 01:45:00,J-107,0,0,LOW
2024-01-19 01:45:00,J-108,3,1,LOW
2024-01-19 02:00:00,J-101,3,1,LOW
2024-01-19 02:00:00,J-102,3,1,LOW
2024-01-19 02:00:00,J-103,2,1,LOW
2024-01-19 02:00:00,J-104,2,1,LOW
2024-01-19 02:00:00,J-105,1,1,LOW
2024-01-19 02:00:00,J-106,1,1,LOW
2024-01-19 02:00:00,J-107,0,0,LOW
2024-01-19 02:00:00,J-108,4,1,LOW
2024-01-19 02:15:00,J-101,4,1,LOW
2024-01-19 02:15:00,J-102,3,1,LOW
2024-01-19 02:15:00,J-103,2,1,LOW
2024-01-19 02:15:00,J-104,1,0,LOW
2024-01-19 02:15:00,J-105,1,1,LOW
2024-01-19 02:15:00,J-106,0,0,LOW
2024-01-19 02:15:00,J-107,0,0,LOW
2024-01-19 02:15:00,J-108,4,1,LOW
2024-01-19 02:30:00,J-101,4,1,LOW
2024-01-19 02:30:00,J-102,3,1,LOW
2024-01-19 02:30:00,J-103,2,1,LOW
2024-01-19 02:30:00,J-104,2,1,LOW
2024-01-19 02:30:00,J-105,1,1,LOW
2024-01-19 02:30:00,J-106,1,1,LOW
2024-01-19 02:30:00,J-107,0,0,LOW
2024-01-19 02:30:00,J-108,3,1,LOW
2024-01-19 02:45:00,J-101,4,1,LOW
2024-01-19 02:45:00,J-102,3,1,LOW
2024-01-19 02:45:00,J-103,2,1,LOW
2024-01-19 02:45:00,J-104,2,1,LOW
2024-01-19 02:45:00,J-105,1,1,LOW
2024-01-19 02:45:00,J-106,0,0,LOW
2024-01-19 02:45:00,J-107,,0,LOW
2024-01-19 02:45:00,J-108,3,1,LOW
2024-01-19 03:00:00,J-101,4,1,LOW
2024-01-19 03:00:00,J-102,3,1,LOW
2024-01-19 03:00:00,J-103,2,1,LOW
2024-01-19 03:00:00,J-104,1,0,LOW
2024-01-19 03:00:00,J-105,1,1,LOW
2024-01-19 03:00:00,J-106,1,1,LOW
2024-01-19 03:00:00,J-107,0,0,LOW
2024-01-19 03:00:00,J-108,3,1,LOW
2024-01-19 03:15:00,J-101,5,2,LOW
2024-01-19 03:15:00,J-102,3,1,LOW
2024-01-19 03:15:00,J-103,2,1,LOW
2024-01-19 03:15:00,J-104,2,,LOW
2024-01-19 03:15:00,J-105,1,1,LOW
2024-01-19 03:15:00,J-106,1,1,LOW
2024-01-19 03:15:00,J-107,0,0,LOW
2024-01-19 03:15:00,J-108,4,1,LOW
2024-01-19 03:30:00,J-101,4,1,LOW
2024-01-19 03:30:00,J-102,4,1,LOW
2024-01-19 03:30:00,J-103,2,1,LOW
2024-01-19 03:30:00,J-104,2,1,LOW
2024-01-19 03:30:00,J-105,1,1,LOW
2024-01-19 03:30:00,J-106,1,1,LOW
2024-01-19 03:30:00,J-107,0,0,LOW
2024-01-19 03:30:00,J-108,3,1,LOW
2024-01-19 03:45:00,J-101,3,1,LOW
2024-01-19 03:45:00,J-102,4,1,LOW
2024-01-19 03:45:00,J-103,2,1,LOW
2024-01-19 03:45:00,J-104,2,1,LOW
2024-01-19 03:45:00,J-105,1,1,LOW
2024-01-19 03:45:00,J-106,1,1,LOW
2024-01-19 03:45:00,J-107,0,0,LOW
2024-01-19 03:45:00,J-108,3,1,LOW
2024-01-19 04:00:00,J-101,2,0,LOW
2024-01-19 04:00:00,J-102,3,1,LOW
2024-01-19 04:00:00,J-103,2,1,LOW
2024-01-19 04:00:00,J-104,1,0,LOW
2024-01-19 04:00:00,J-105,1,1,LOW
2024-01-19 04:00:00,J-106,0,0,LOW
2024-01-19 04:00:00,J-107,0,0,LOW
2024-01-19 04:00:00,J-108,2,0,LOW
2024-01-19 04:15:00,J-101,2,0,LOW
2024-01-19 04:15:00,J-102,2,0,LOW
2024-01-19 04:15:00,J-103,1,0,LOW
2024-01-19 04:15:00,J-104,1,0,LOW
2024-01-19 04:15:00,J-105,1,1,LOW
2024-01-19 04:15:00,J-106,0,0,LOW
2024-01-19 04:15:00,J-107,0,0,LOW
2024-01-19 04:15:00,J-108,3,1,LOW
2024-01-19 04:30:00,J-101,4,1,LOW
2024-01-19 04:30:00,J-102,4,1,LOW
2024-01-19 04:30:00,J-103,3,1,LOW
2024-01-19 04:30:00,J-104,2,1,LOW
2024-01-19 04:30:00,J-105,1,1,LOW
2024-01-19 04:30:00,J-106,1,1,LOW
2024-01-19 04:30:00,J-107,0,0,LOW
2024-01-19 04:30:00,J-108,4,1,LOW
2024-01-19 04:45:00,J-101,4,1,LOW
2024-01-19 04:45:00,J-102,4,1,LOW
2024-01-19 04:45:00,J-103,2,1,LOW
2024-01-19 04:45:00,J-104,3,2,LOW
2024-01-19 04:45:00,J-105,1,1,LOW
2024-01-19 04:45:00,J-106,1,1,LOW
2024-01-19 04:45:00,J-107,0,0,LOW
2024-01-19 04:45:00,J-108,3,1,LOW
2024-01-19 05:00:00,J-101,3,1,LOW
2024-01-19 05:00:00,J-102,4,1,LOW
2024-01-19 05:00:00,J-103,2,1,LOW
2024-01-19 05:00:00,J-104,2,1,LOW
2024-01-19 05:00:00,J-105,1,1,LOW
2024-01-19 05:00:00,J-106,1,1,LOW
2024-01-19 05:00:00,J-107,1,2,LOW
2024-01-19 05:00:00,J-108,4,1,LOW
2024-01-19 05:15:00,J-101,15,6,LOW
2024-01-19 05:15:00,J-102,13,6,LOW
2024-01-19 05:15:00,J-103,12,7,LOW
2024-01-19 05:15:00,J-104,12,8,LOW
2024-01-19 05:15:00,J-105,6,6,LOW
2024-01-19 05:15:00,J-106,4,6,LOW
2024-01-19 05:15:00,J-107,3,6,LOW
2024-01-19 05:15:00,J-108,21,9,LOW
2024-01-19 05:30:00,J-101,32,13,LOW
2024-01-19 05:30:00,J-102,23,10,LOW
2024-01-19 05:30:00,J-103,15,9,LOW
2024-01-19 05:30:00,J-104,18,13,LOW
2024-01-19 05:30:00,J-105,11,11,LOW
2024-01-19 05:30:00,J-106,7,11,LOW
2024-01-19 05:30:00,J-107,5,10,LOW
2024-01-19 05:30:00,J-108,26,11,LOW
2024-01-19 05:45:00,J-101,41,16,LOW
2024-01-19 05:45:00,J-102,26,12,LOW
2024-01-19 05:45:00,J-103,22,14,LOW
2024-01-19 05:45:00,J-104,13,9,LOW
2024-01-19 05:45:00,J-105,13,14,LOW
2024-01-19 05:45:00,J-106,7,11,LOW
2024-01-19 05:45:00,J-107,5,10,LOW
2024-01-19 05:45:00,J-108,23,9,LOW
2024-01-19 06:00:00,J-101,29,11,LOW
2024-01-19 06:00:00,J-102,20,9,LOW
2024-01-19 06:00:00,J-103,18,11,LOW
2024-01-19 06:00:00,J-104,13,9,LOW
2024-01-19 06:00:00,J-105,11,11,LOW
2024-01-19 06:00:00,J-106,10,16,LOW
2024-01-19 06:00:00,J-107,5,10,LOW
2024-01-19 06:00:00,J-108,34,14,LOW
2024-01-19 06:15:00,J-101,32,13,LOW
2024-01-19 06:15:00,J-102,33,15,LOW
2024-01-19 06:15:00,J-103,20,13,LOW
2024-01-19 06:15:00,J-104,20,14,LOW
2024-01-19 06:15:00,J-105,12,13,LOW
2024-01-19 06:15:00,J-106,6,9,LOW
2024-01-19 06:15:00,J-107,7,15,LOW
2024-01-19 06:15:00,J-108,32,13,LOW
2024-01-19 06:30:00,J-101,30,12,LOW
2024-01-19 06:30:00,J-102,29,13,LOW
2024-01-19 06:30:00,J-103,19,12,LOW
2024-01-19 06:30:00,J-104,18,13,LOW
2024-01-19 06:30:00,J-105,10,10,LOW
2024-01-19 06:30:00,J-106,6,9,LOW
2024-01-19 06:30:00,J-107,6,13,LOW
2024-01-19 06:30:00,J-108,28,12,LOW
2024-01-19 06:45:00,J-101,26,10,LOW
2024-01-19 06:45:00,J-102,21,9,LOW
2024-01-19 06:45:00,J-103,22,14,LOW
2024-01-19 06:45:00,J-104,17,12,LOW
2024-01-19 06:45:00,J-105,9,9,LOW
2024-01-19 06:45:00,J-106,6,9,LOW
2024-01-19 06:45:00,J-107,6,13,LOW
2024-01-19 06:45:00,J-108,39,16,LOW
2024-01-19 07:00:00,J-101,28,11,LOW
2024-01-19 07:00:00,J-102,23,10,LOW
2024-01-19 07:00:00,J-103,17,11,LOW
2024-01-19 07:00:00,J-104,13,9,LOW
2024-01-19 07:00:00,J-105,10,10,LOW
2024-01-19 07:00:00,J-106,6,9,LOW
2024-01-19 07:00:00,J-107,5,10,LOW
2024-01-19 07:00:00,J-108,22,9,LOW
2024-01-19 07:15:00,J-101,32,13,LOW
2024-01-19 07:15:00,J-102,27,12,LOW
2024-01-19 07:15:00,J-103,23,14,LOW
2024-01-19 07:15:00,J-104,18,13,LOW
2024-01-19 07:15:00,J-105,11,11,LOW
2024-01-19 07:15:00,J-106,7,11,LOW
2024-01-19 07:15:00,J-107,6,13,LOW
2024-01-19 07:15:00,J-108,26,11,LOW
2024-01-19 07:30:00,J-101,79,32,LOW
2024-01-19 07:30:00,J-102,74,34,LOW
2024-01-19 07:30:00,J-103,52,33,LOW
2024-01-19 07:30:00,J-104,47,33,LOW
2024-01-19 07:30:00,J-105,30,32,LOW
2024-01-19 07:30:00,J-106,17,27,LOW
2024-01-19 07:30:00,J-107,15,32,LOW
2024-01-19 07:30:00,J-108,80,34,LOW
2024-01-19 07:45:00,J-101,78,31,LOW
2024-01-19 07:45:00,J-102,92,42,MODERATE
2024-01-19 07:45:00,J-103,56,36,LOW
2024-01-19 07:45:00,J-104,34,24,LOW
2024-01-19 07:45:00,J-105,30,32,LOW
2024-01-19 07:45:00,J-106,23,37,LOW
2024-01-19 07:45:00,J-107,15,32,LOW
2024-01-19 07:45:00,J-108,86,37,LOW
2024-01-19 08:00:00,J-101,113,45,MODERATE
2024-01-19 08:00:00,J-102,110,51,MODERATE
2024-01-19 08:00:00,J-103,66,42,MODERATE
2024-01-19 08:00:00,J-104,52,37,LOW
2024-01-19 08:00:00,J-105,39,42,MODERATE
2024-01-19 08:00:00,J-106,29,47,MODERATE
2024-01-19 08:00:00,J-107,15,32,LOW
2024-01-19 08:00:00,J-108,108,46,MODERATE
2024-01-19 08:15:00,J-101,137,55,MODERATE
2024-01-19 08:15:00,J-102,123,57,MODERATE
2024-01-19 08:15:00,J-103,86,55,MODERATE
2024-01-19 08:15:00,J-104,85,61,MODERATE
2024-01-19 08:15:00,J-105,36,39,LOW
2024-01-19 08:15:00,J-106,25,40,MODERATE
2024-01-19 08:15:00,J-107,22,47,MODERATE
2024-01-19 08:15:00,J-108,137,59,MODERATE
2024-01-19 08:30:00,J-101,175,71,HIGH
2024-01-19 08:30:00,J-102,136,63,MODERATE
2024-01-19 08:30:00,J-103,95,61,MODERATE
2024-01-19 08:30:00,J-104,88,63,MODERATE
2024-01-19 08:30:00,J-105,48,52,MODERATE
2024-01-19 08:30:00,J-106,38,61,MODERATE
2024-01-19 08:30:00,J-107,29,62,MODERATE
2024-01-19 08:30:00,J-108,132,57,MODERATE
2024-01-19 08:45:00,J-101,137,55,MODERATE
2024-01-19 08:45:00,J-102,136,63,MODERATE
2024-01-19 08:45:00,J-103,116,75,HIGH
2024-01-19 08:45:00,J-104,97,70,HIGH
2024-01-19 08:45:00,J-105,54,58,MODERATE
2024-01-19 08:45:00,J-106,41,66,MODERATE
2024-01-19 08:45:00,J-107,24,52,MODERATE
2024-01-19 08:45:00,J-108,136,58,MODERATE
2024-01-19 09:00:00,J-101,156,63,MODERATE
2024-01-19 09:00:00,J-102,145,67,MODERATE
2024-01-19 09:00:00,J-103,79,51,MODERATE
2024-01-19 09:00:00,J-104,66,47,MODERATE
2024-01-19 09:00:00,J-105,49,53,MODERATE
2024-01-19 09:00:00,J-106,40,65,MODERATE
2024-01-19 09:00:00,J-107,30,65,MODERATE
2024-01-19 09:00:00,J-108,153,66,MODERATE
2024-01-19 09:15:00,J-101,191,77,HIGH
2024-01-19 09:15:00,J-102,137,63,MODERATE
2024-01-19 09:15:00,J-103,78,50,MODERATE
2024-01-19 09:15:00,J-104,79,57,MODERATE
2024-01-19 09:15:00,J-105,52,56,MODERATE
2024-01-19 09:15:00,J-106,23,37,LOW
2024-01-19 09:15:00,J-107,29,62,MODERATE
2024-01-19 09:15:00,J-108,122,52,MODERATE
2024-01-19 09:30:00,J-101,111,45,MODERATE
2024-01-19 09:30:00,J-102,100,46,MODERATE
2024-01-19 09:30:00,J-103,73,47,MODERATE
2024-01-19 09:30:00,J-104,60,43,MODERATE
2024-01-19 09:30:00,J-105,43,46,MODERATE
2024-01-19 09:30:00,J-106,30,48,MODERATE
2024-01-19 09:30:00,J-107,25,54,MODERATE
2024-01-19 09:30:00,J-108,81,35,LOW
2024-01-19 09:45:00,J-101,104,42,MODERATE
2024-01-19 09:45:00,J-102,88,40,MODERATE
2024-01-19 09:45:00,J-103,66,42,MODERATE
2024-01-19 09:45:00,J-104,49,35,LOW
2024-01-19 09:45:00,J-105,39,42,MODERATE
2024-01-19 09:45:00,J-106,20,32,LOW
2024-01-19 09:45:00,J-107,17,36,LOW
2024-01-19 09:45:00,J-108,109,47,MODERATE
2024-01-19 10:00:00,J-101,49,19,LOW
2024-01-19 10:00:00,J-102,38,17,LOW
2024-01-19 10:00:00,J-103,26,16,LOW
2024-01-19 10:00:00,J-104,29,20,LOW
2024-01-19 10:00:00,J-105,16,17,LOW
2024-01-19 10:00:00,J-106,11,17,LOW
2024-01-19 10:00:00,J-107,8,17,LOW
2024-01-19 10:00:00,J-108,51,22,LOW
2024-01-19 10:15:00,J-101,28,11,LOW
2024-01-19 10:15:00,J-102,18,8,LOW
2024-01-19 10:15:00,J-103,16,10,LOW
2024-01-19 10:15:00,J-104,14,10,LOW
2024-01-19 10:15:00,J-105,11,11,LOW
2024-01-19 10:15:00,J-106,5,8,LOW
2024-01-19 10:15:00,J-107,5,10,LOW
2024-01-19 10:15:00,J-108,30,13,LOW
2024-01-19 10:30:00,J-101,22,8,LOW
2024-01-19 10:30:00,J-102,17,7,LOW
2024-01-19 10:30:00,J-103,12,7,LOW
2024-01-19 10:30:00,J-104,10,7,LOW
2024-01-19 10:30:00,J-105,7,7,LOW
2024-01-19 10:30:00,J-106,4,,LOW
2024-01-19 10:30:00,J-107,3,6,LOW
2024-01-19 10:30:00,J-108,14,6,LOW
2024-01-19 10:45:00,J-101,21,8,LOW
2024-01-19 10:45:00,J-102,31,14,LOW
2024-01-19 10:45:00,J-103,20,13,LOW
2024-01-19 10:45:00,J-104,19,13,LOW
2024-01-19 10:45:00,J-105,13,14,LOW
2024-01-19 10:45:00,J-106,7,11,LOW
2024-01-19 10:45:00,J-107,7,15,LOW
2024-01-19 10:45:00,J-108,34,14,LOW
2024-01-19 11:00:00,J-101,30,12,LOW
2024-01-19 11:00:00,J-102,27,12,LOW
2024-01-19 11:00:00,J-103,17,11,LOW
2024-01-19 11:00:00,J-104,19,13,LOW
2024-01-19 11:00:00,J-105,9,9,LOW
2024-01-19 11:00:00,J-106,7,11,LOW
2024-01-19 11:00:00,J-107,5,10,LOW
2024-01-19 11:00:00,J-108,27,11,LOW
2024-01-19 11:15:00,J-101,36,14,LOW
2024-01-19 11:15:00,J-102,26,12,LOW
2024-01-19 11:15:00,J-103,18,11,LOW
2024-01-19 11:15:00,J-104,17,12,LOW
2024-01-19 11:15:00,J-105,13,14,LOW
2024-01-19 11:15:00,J-106,7,11,LOW
2024-01-19 11:15:00,J-107,6,13,LOW
2024-01-19 11:15:00,J-108,27,11,LOW
2024-01-19 11:30:00,J-101,24,9,LOW
2024-01-19 11:30:00,J-102,20,9,LOW
2024-01-19 11:30:00,J-103,23,14,LOW
2024-01-19 11:30:00,J-104,18,13,LOW
2024-01-19 11:30:00,J-105,9,9,LOW
2024-01-19 11:30:00,J-106,6,9,LOW
2024-01-19 11:30:00,J-107,5,10,LOW
2024-01-19 11:30:00,J-108,30,13,LOW
2024-01-19 11:45:00,J-101,37,15,LOW
2024-01-19 11:45:00,J-102,25,11,LOW
2024-01-19 11:45:00,J-103,21,13,LOW
2024-01-19 11:45:00,J-104,17,12,LOW
2024-01-19 11:45:00,J-105,12,13,LOW
2024-01-19 11:45:00,J-106,8,13,LOW
2024-01-19 11:45:00,J-107,6,13,LOW
2024-01-19 11:45:00,J-108,25,10,LOW
2024-01-19 12:00:00,J-101,60,24,LOW
2024-01-19 12:00:00,J-102,,24,LOW
2024-01-19 12:00:00,J-103,40,26,LOW
2024-01-19 12:00:00,J-104,34,24,LOW
2024-01-19 12:00:00,J-105,20,21,LOW
2024-01-19 12:00:00,J-106,13,21,LOW
2024-01-19 12:00:00,J-107,10,21,LOW
2024-01-19 12:00:00,J-108,47,20,LOW
2024-01-19 12:15:00,J-101,63,25,LOW
2024-01-19 12:15:00,J-102,64,29,LOW
2024-01-19 12:15:00,J-103,44,28,LOW
2024-01-19 12:15:00,J-104,35,25,LOW
2024-01-19 12:15:00,J-105,24,26,LOW
2024-01-19 12:15:00,J-106,13,21,LOW
2024-01-19 12:15:00,J-107,11,23,LOW
2024-01-19 12:15:00,J-108,61,26,LOW
2024-01-19 12:30:00,J-101,59,23,LOW
2024-01-19 12:30:00,J-102,51,23,LOW
2024-01-19 12:30:00,J-103,41,26,LOW
2024-01-19 12:30:00,J-104,35,25,LOW
2024-01-19 12:30:00,J-105,20,21,LOW
2024-01-19 12:30:00,J-106,12,19,LOW
2024-01-19 12:30:00,J-107,11,23,LOW
2024-01-19 12:30:00,J-108,,21,LOW
2024-01-19 12:45:00,J-101,53,21,LOW
2024-01-19 12:45:00,J-102,61,28,LOW
2024-01-19 12:45:00,J-103,39,25,LOW
2024-01-19 12:45:00,J-104,37,26,LOW
2024-01-19 12:45:00,J-105,21,22,LOW
2024-01-19 12:45:00,J-106,16,26,LOW
2024-01-19 12:45:00,J-107,11,23,LOW
2024-01-19 12:45:00,J-108,59,25,LOW
2024-01-19 13:00:00,J-101,59,23,LOW
2024-01-19 13:00:00,J-102,45,20,LOW
2024-01-19 13:00:00,J-103,36,23,LOW
2024-01-19 13:00:00,J-104,32,23,LOW
2024-01-19 13:00:00,J-105,27,29,LOW
2024-01-19 13:00:00,J-106,17,27,LOW
2024-01-19 13:00:00,J-107,12,26,LOW
2024-01-19 13:00:00,J-108,58,25,LOW
2024-01-19 13:15:00,J-101,74,30,LOW
2024-01-19 13:15:00,J-102,64,29,LOW
2024-01-19 13:15:00,J-103,,24,LOW
2024-01-19 13:15:00,J-104,30,21,LOW
2024-01-19 13:15:00,J-105,23,24,LOW
2024-01-19 13:15:00,J-106,15,24,LOW
2024-01-19 13:15:00,J-107,14,30,LOW
2024-01-19 13:15:00,J-108,59,25,LOW
2024-01-19 13:30:00,J-101,60,24,LOW
2024-01-19 13:30:00,J-102,57,26,LOW
2024-01-19 13:30:00,J-103,38,24,LOW
2024-01-19 13:30:00,J-104,36,26,LOW
2024-01-19 13:30:00,J-105,24,26,LOW
2024-01-19 13:30:00,J-106,14,22,LOW
2024-01-19 13:30:00,J-107,10,21,LOW
2024-01-19 13:30:00,J-108,47,20,LOW
2024-01-19 13:45:00,J-101,34,13,LOW
2024-01-19 13:45:00,J-102,28,13,LOW
2024-01-19 13:45:00,J-103,21,13,LOW
2024-01-19 13:45:00,J-104,17,12,LOW
2024-01-19 13:45:00,J-105,12,13,LOW
2024-01-19 13:45:00,J-106,6,9,LOW
2024-01-19 13:45:00,J-107,6,13,LOW
2024-01-19 13:45:00,J-108,25,10,LOW
2024-01-19 14:00:00,J-101,25,10,LOW
2024-01-19 14:00:00,J-102,23,10,LOW
2024-01-19 14:00:00,J-103,18,11,LOW
2024-01-19 14:00:00,J-104,18,13,LOW
2024-01-19 14:00:00,J-105,8,8,LOW
2024-01-19 14:00:00,J-106,7,11,LOW
2024-01-19 14:00:00,J-107,6,13,LOW
2024-01-19 14:00:00,J-108,25,10,LOW
2024-01-19 14:15:00,J-101,28,11,LOW
2024-01-19 14:15:00,J-102,23,10,LOW
2024-01-19 14:15:00,J-103,20,13,LOW
2024-01-19 14:15:00,J-104,11,7,LOW
2024-01-19 14:15:00,J-105,12,13,LOW
2024-01-19 14:15:00,J-106,8,13,LOW
2024-01-19 14:15:00,J-107,6,13,LOW
2024-01-19 14:15:00,J-108,30,13,LOW
2024-01-19 14:30:00,J-101,31,12,LOW
2024-01-19 14:30:00,J-102,31,14,LOW
2024-01-19 14:30:00,J-103,17,11,LOW
2024-01-19 14:30:00,J-104,20,14,LOW
2024-01-19 14:30:00,J-105,14,15,LOW
2024-01-19 14:30:00,J-106,8,13,LOW
2024-01-19 14:30:00,J-107,6,13,LOW
2024-01-19 14:30:00,J-108,28,12,LOW
2024-01-19 14:45:00,J-101,30,12,LOW
2024-01-19 14:45:00,J-102,24,11,LOW
2024-01-19 14:45:00,J-103,17,11,LOW
2024-01-19 14:45:00,J-104,18,13,LOW
2024-01-19 14:45:00,J-105,11,11,LOW
2024-01-19 14:45:00,J-106,7,11,LOW
2024-01-19 14:45:00,J-107,6,13,LOW
2024-01-19 14:45:00,J-108,27,11,LOW
2024-01-19 15:00:00,J-101,31,12,LOW
2024-01-19 15:00:00,J-102,27,12,LOW
2024-01-19 15:00:00,J-103,22,14,LOW
2024-01-19 15:00:00,J-104,16,11,LOW
2024-01-19 15:00:00,J-105,11,11,LOW
2024-01-19 15:00:00,J-106,8,13,LOW
2024-01-19 15:00:00,J-107,5,10,LOW
2024-01-19 15:00:00,J-108,30,13,LOW
2024-01-19 15:15:00,J-101,21,8,LOW
2024-01-19 15:15:00,J-102,15,6,LOW
2024-01-19 15:15:00,J-103,11,7,LOW
2024-01-19 15:15:00,J-104,10,7,LOW
2024-01-19 15:15:00,J-105,7,7,LOW
2024-01-19 15:15:00,J-106,4,6,LOW
2024-01-19 15:15:00,J-107,4,8,LOW
2024-01-19 15:15:00,J-108,16,6,LOW
2024-01-19 15:30:00,J-101,31,12,LOW
2024-01-19 15:30:00,J-102,30,13,LOW
2024-01-19 15:30:00,J-103,13,8,LOW
2024-01-19 15:30:00,J-104,16,11,LOW
2024-01-19 15:30:00,J-105,12,13,LOW
2024-01-19 15:30:00,J-106,7,11,LOW
2024-01-19 15:30:00,J-107,5,10,LOW
2024-01-19 15:30:00,J-108,34,14,LOW
2024-01-19 15:45:00,J-101,28,11,LOW
2024-01-19 15:45:00,J-102,24,11,LOW
2024-01-19 15:45:00,J-103,17,11,LOW
2024-01-19 15:45:00,J-104,16,11,LOW
2024-01-19 15:45:00,J-105,8,8,LOW
2024-01-19 15:45:00,J-106,9,14,LOW
2024-01-19 15:45:00,J-107,5,10,LOW
2024-01-19 15:45:00,J-108,28,12,LOW
2024-01-19 16:00:00,J-101,25,10,LOW
2024-01-19 16:00:00,J-102,21,9,LOW
2024-01-19 16:00:00,J-103,16,10,LOW
2024-01-19 16:00:00,J-104,13,9,LOW
2024-01-19 16:00:00,J-105,9,9,LOW
2024-01-19 16:00:00,J-106,6,9,LOW
2024-01-19 16:00:00,J-107,3,6,LOW
2024-01-19 16:00:00,J-108,25,10,LOW
2024-01-19 16:15:00,J-101,17,6,LOW
2024-01-19 16:15:00,J-102,19,8,LOW
2024-01-19 16:15:00,J-103,12,7,LOW
2024-01-19 16:15:00,J-104,10,7,LOW
2024-01-19 16:15:00,J-105,5,5,LOW
2024-01-19 16:15:00,J-106,5,8,LOW
2024-01-19 16:15:00,J-107,3,6,LOW
2024-01-19 16:15:00,J-108,17,7,LOW
2024-01-19 16:30:00,J-101,88,35,LOW
2024-01-19 16:30:00,J-102,77,35,LOW
2024-01-19 16:30:00,J-103,63,40,MODERATE
2024-01-19 16:30:00,J-104,40,28,LOW
2024-01-19 16:30:00,J-105,33,35,LOW
2024-01-19 16:30:00,J-106,21,34,LOW
2024-01-19 16:30:00,J-107,18,39,LOW
2024-01-19 16:30:00,J-108,72,31,LOW
2024-01-19 16:45:00,J-101,114,46,MODERATE
2024-01-19 16:45:00,J-102,102,47,MODERATE
2024-01-19 16:45:00,J-103,62,40,MODERATE
2024-01-19 16:45:00,J-104,65,46,MODERATE
2024-01-19 16:45:00,J-105,41,44,MODERATE
2024-01-19 16:45:00,J-106,24,39,LOW
2024-01-19 16:45:00,J-107,21,45,MODERATE
2024-01-19 16:45:00,J-108,108,46,MODERATE
2024-01-19 17:00:00,J-101,119,48,MODERATE
2024-01-19 17:00:00,J-102,71,,LOW
2024-01-19 17:00:00,J-103,79,51,MODERATE
2024-01-19 17:00:00,J-104,69,49,MODERATE
2024-01-19 17:00:00,J-105,48,52,MODERATE
2024-01-19 17:00:00,J-106,28,45,MODERATE
2024-01-19 17:00:00,J-107,20,43,MODERATE
2024-01-19 17:00:00,J-108,131,56,MODERATE
2024-01-19 17:15:00,J-101,118,47,MODERATE
2024-01-19 17:15:00,J-102,102,47,MODERATE
2024-01-19 17:15:00,J-103,83,53,MODERATE
2024-01-19 17:15:00,J-104,64,46,MODERATE
2024-01-19 17:15:00,J-105,50,54,MODERATE
2024-01-19 17:15:00,J-106,29,47,MODERATE
2024-01-19 17:15:00,J-107,21,45,MODERATE
2024-01-19 17:15:00,J-108,111,48,MODERATE
2024-01-19 17:30:00,J-101,127,51,MODERATE
2024-01-19 17:30:00,J-102,121,56,MODERATE
2024-01-19 17:30:00,J-103,81,52,MODERATE
2024-01-19 17:30:00,J-104,69,49,MODERATE
2024-01-19 17:30:00,J-105,37,40,MODERATE
2024-01-19 17:30:00,J-106,25,40,MODERATE
2024-01-19 17:30:00,J-107,21,45,MODERATE
2024-01-19 17:30:00,J-108,121,52,MODERATE
2024-01-19 17:45:00,J-101,135,54,MODERATE
2024-01-19 17:45:00,J-102,108,50,MODERATE
2024-01-19 17:45:00,J-103,91,59,MODERATE
2024-01-19 17:45:00,J-104,77,55,MODERATE
2024-01-19 17:45:00,J-105,50,54,MODERATE
2024-01-19 17:45:00,J-106,30,48,MODERATE
2024-01-19 17:45:00,J-107,28,60,MODERATE
2024-01-19 17:45:00,J-108,147,63,MODERATE
2024-01-19 18:00:00,J-101,160,65,MODERATE
2024-01-19 18:00:00,J-102,150,69,MODERATE
2024-01-19 18:00:00,J-103,122,79,HIGH
2024-01-19 18:00:00,J-104,94,67,MODERATE
2024-01-19 18:00:00,J-105,59,63,MODERATE
2024-01-19 18:00:00,J-106,35,56,MODERATE
2024-01-19 18:00:00,J-107,28,60,MODERATE
2024-01-19 18:00:00,J-108,147,63,MODERATE
2024-01-19 18:15:00,J-101,173,70,HIGH
2024-01-19 18:15:00,J-102,113,52,MODERATE
2024-01-19 18:15:00,J-103,89,57,MODERATE
2024-01-19 18:15:00,J-104,81,58,MODERATE
2024-01-19 18:15:00,J-105,57,61,MODERATE
2024-01-19 18:15:00,J-106,38,61,MODERATE
2024-01-19 18:15:00,J-107,26,56,MODERATE
2024-01-19 18:15:00,J-108,135,58,MODERATE
2024-01-19 18:30:00,J-101,134,54,MODERATE
2024-01-19 18:30:00,J-102,103,47,MODERATE
2024-01-19 18:30:00,J-103,79,51,MODERATE
2024-01-19 18:30:00,J-104,80,57,MODERATE
2024-01-19 18:30:00,J-105,57,61,MODERATE
2024-01-19 18:30:00,J-106,27,43,MODERATE
2024-01-19 18:30:00,J-107,22,47,MODERATE
2024-01-19 18:30:00,J-108,127,55,MODERATE
2024-01-19 18:45:00,J-101,149,60,MODERATE
2024-01-19 18:45:00,J-102,107,49,MODERATE
2024-01-19 18:45:00,J-103,100,65,MODERATE
2024-01-19 18:45:00,J-104,101,72,HIGH
2024-01-19 18:45:00,J-105,61,66,MODERATE
2024-01-19 18:45:00,J-106,41,66,MODERATE
2024-01-19 18:45:00,J-107,21,45,MODERATE
2024-01-19 18:45:00,J-108,142,61,MODERATE
2024-01-19 19:00:00,J-101,133,54,MODERATE
2024-01-19 19:00:00,J-102,122,56,MODERATE
2024-01-19 19:00:00,J-103,57,37,LOW
2024-01-19 19:00:00,J-104,66,47,MODERATE
2024-01-19 19:00:00,J-105,46,49,MODERATE
2024-01-19 19:00:00,J-106,35,56,MODERATE
2024-01-19 19:00:00,J-107,20,43,MODERATE
2024-01-19 19:00:00,J-108,113,48,MODERATE
2024-01-19 19:15:00,J-101,99,40,MODERATE
2024-01-19 19:15:00,J-102,96,44,MODERATE
2024-01-19 19:15:00,J-103,64,41,MODERATE
2024-01-19 19:15:00,J-104,66,47,MODERATE
2024-01-19 19:15:00,J-105,45,48,MODERATE
2024-01-19 19:15:00,J-106,28,45,MODERATE
2024-01-19 19:15:00,J-107,18,39,LOW
2024-01-19 19:15:00,J-108,94,40,MODERATE
2024-01-19 19:30:00,J-101,93,37,LOW
2024-01-19 19:30:00,J-102,90,41,MODERATE
2024-01-19 19:30:00,J-103,58,37,LOW
2024-01-19 19:30:00,J-104,54,39,LOW
2024-01-19 19:30:00,J-105,31,33,LOW
2024-01-19 19:30:00,J-106,21,34,LOW
2024-01-19 19:30:00,J-107,16,34,LOW
2024-01-19 19:30:00,J-108,68,29,LOW
2024-01-19 19:45:00,J-101,29,11,LOW
2024-01-19 19:45:00,J-102,32,14,LOW
2024-01-19 19:45:00,J-103,21,13,LOW
2024-01-19 19:45:00,J-104,15,10,LOW
2024-01-19 19:45:00,J-105,10,10,LOW
2024-01-19 19:45:00,J-106,7,11,LOW
2024-01-19 19:45:00,J-107,6,13,LOW
2024-01-19 19:45:00,J-108,30,13,LOW
2024-01-19 20:00:00,J-101,29,11,LOW
2024-01-19 20:00:00,J-102,33,15,LOW
2024-01-19 20:00:00,J-103,20,13,LOW
2024-01-19 20:00:00,J-104,19,13,LOW
2024-01-19 20:00:00,J-105,13,14,LOW
2024-01-19 20:00:00,J-106,8,13,LOW
2024-01-19 20:00:00,J-107,5,10,LOW
2024-01-19 20:00:00,J-108,26,11,LOW
2024-01-19 20:15:00,J-101,36,14,LOW
2024-01-19 20:15:00,J-102,30,13,LOW
2024-01-19 20:15:00,J-103,22,14,LOW
2024-01-19 20:15:00,J-104,18,13,LOW
2024-01-19 20:15:00,J-105,12,13,LOW
2024-01-19 20:15:00,J-106,,13,LOW
2024-01-19 20:15:00,J-107,5,10,LOW
2024-01-19 20:15:00,J-108,33,14,LOW
2024-01-19 20:30:00,J-101,15,6,LOW
2024-01-19 20:30:00,J-102,20,9,LOW
2024-01-19 20:30:00,J-103,14,9,LOW
2024-01-19 20:30:00,J-104,12,8,LOW
2024-01-19 20:30:00,J-105,9,9,LOW
2024-01-19 20:30:00,J-106,5,8,LOW
2024-01-19 20:30:00,J-107,3,6,LOW
2024-01-19 20:30:00,J-108,19,8,LOW
2024-01-19 20:45:00,J-101,30,12,LOW
2024-01-19 20:45:00,J-102,23,10,LOW
2024-01-19 20:45:00,J-103,24,15,LOW
2024-01-19 20:45:00,J-104,19,13,LOW
2024-01-19 20:45:00,J-105,11,11,LOW
2024-01-19 20:45:00,J-106,7,11,LOW
2024-01-19 20:45:00,J-107,6,13,LOW
2024-01-19 20:45:00,J-108,23,9,LOW
2024-01-19 21:00:00,J-101,27,10,LOW
2024-01-19 21:00:00,J-102,19,8,LOW
2024-01-19 21:00:00,J-103,21,13,LOW
2024-01-19 21:00:00,J-104,19,13,LOW
2024-01-19 21:00:00,J-105,12,13,LOW
2024-01-19 21:00:00,J-106,8,13,LOW
2024-01-19 21:00:00,J-107,5,10,LOW
2024-01-19 21:00:00,J-108,27,11,LOW
2024-01-19 21:15:00,J-101,32,13,LOW
2024-01-19 21:15:00,J-102,25,11,LOW
2024-01-19 21:15:00,J-103,17,11,LOW
2024-01-19 21:15:00,J-104,16,11,LOW
2024-01-19 21:15:00,J-105,11,11,LOW
2024-01-19 21:15:00,J-106,8,13,LOW
2024-01-19 21:15:00,J-107,6,13,LOW
2024-01-19 21:15:00,J-108,27,11,LOW
2024-01-19 21:30:00,J-101,28,11,LOW
2024-01-19 21:30:00,J-102,19,8,LOW
2024-01-19 21:30:00,J-103,15,9,LOW
2024-01-19 21:30:00,J-104,21,15,LOW
2024-01-19 21:30:00,J-105,11,11,LOW
2024-01-19 21:30:00,J-106,8,13,LOW
2024-01-19 21:30:00,J-107,6,13,LOW
2024-01-19 21:30:00,J-108,28,12,LOW
2024-01-19 21:45:00,J-101,32,13,LOW
2024-01-19 21:45:00,J-102,29,13,LOW
2024-01-19 21:45:00,J-103,18,11,LOW
2024-01-19 21:45:00,J-104,20,14,LOW
2024-01-19 21:45:00,J-105,9,9,LOW
2024-01-19 21:45:00,J-106,7,11,LOW
2024-01-19 21:45:00,J-107,5,10,LOW
2024-01-19 21:45:00,J-108,24,10,LOW
2024-01-19 22:00:00,J-101,32,13,LOW
2024-01-19 22:00:00,J-102,28,13,LOW
2024-01-19 22:00:00,J-103,16,10,LOW
2024-01-19 22:00:00,J-104,16,11,LOW
2024-01-19 22:00:00,J-105,11,11,LOW
2024-01-19 22:00:00,J-106,7,11,LOW
2024-01-19 22:00:00,J-107,6,13,LOW
2024-01-19 22:00:00,J-108,29,12,LOW
2024-01-19 22:15:00,J-101,30,12,LOW
2024-01-19 22:15:00,J-102,26,12,LOW
2024-01-19 22:15:00,J-103,19,12,LOW
2024-01-19 22:15:00,J-104,17,12,LOW
2024-01-19 22:15:00,J-105,10,10,LOW
2024-01-19 22:15:00,J-106,6,9,LOW
2024-01-19 22:15:00,J-107,5,10,LOW
2024-01-19 22:15:00,J-108,29,12,LOW
2024-01-19 22:30:00,J-101,29,11,LOW
2024-01-19 22:30:00,J-102,25,11,LOW
2024-01-19 22:30:00,J-103,16,10,LOW
2024-01-19 22:30:00,J-104,13,9,LOW
2024-01-19 22:30:00,J-105,11,11,LOW
2024-01-19 22:30:00,J-106,6,9,LOW
2024-01-19 22:30:00,J-107,,10,LOW
2024-01-19 22:30:00,J-108,25,10,LOW
2024-01-19 22:45:00,J-101,22,8,LOW
2024-01-19 22:45:00,J-102,22,10,LOW
2024-01-19 22:45:00,J-103,18,11,LOW
2024-01-19 22:45:00,J-104,13,9,LOW
2024-01-19 22:45:00,J-105,9,9,LOW
2024-01-19 22:45:00,J-106,6,9,LOW
2024-01-19 22:45:00,J-107,4,8,LOW
2024-01-19 22:45:00,J-108,27,11,LOW
2024-01-19 23:00:00,J-101,28,11,LOW
2024-01-19 23:00:00,J-102,26,12,LOW
2024-01-19 23:00:00,J-103,14,9,LOW
2024-01-19 23:00:00,J-104,16,11,LOW
2024-01-19 23:00:00,J-105,10,10,LOW
2024-01-19 23:00:00,J-106,6,9,LOW
2024-01-19 23:00:00,J-107,5,10,LOW
2024-01-19 23:00:00,J-108,31,13,LOW
2024-01-19 23:15:00,J-101,25,10,LOW
2024-01-19 23:15:00,J-102,20,9,LOW
2024-01-19 23:15:00,J-103,18,11,LOW
2024-01-19 23:15:00,J-104,17,12,LOW
2024-01-19 23:15:00,J-105,12,13,LOW
2024-01-19 23:15:00,J-106,9,14,LOW
2024-01-19 23:15:00,J-107,7,15,LOW
2024-01-19 23:15:00,J-108,27,11,LOW
2024-01-19 23:30:00,J-101,26,10,LOW
2024-01-19 23:30:00,J-102,24,11,LOW
2024-01-19 23:30:00,J-103,18,11,LOW
2024-01-19 23:30:00,J-104,14,10,LOW
2024-01-19 23:30:00,J-105,10,10,LOW
2024-01-19 23:30:00,J-106,6,9,LOW
2024-01-19 23:30:00,J-107,5,10,LOW
2024-01-19 23:30:00,J-108,29,12,LOW
2024-01-19 23:45:00,J-101,25,10,LOW
2024-01-19 23:45:00,J-102,31,14,LOW
2024-01-19 23:45:00,J-103,19,12,LOW
2024-01-19 23:45:00,J-104,18,13,LOW
2024-01-19 23:45:00,J-105,9,9,LOW
2024-01-19 23:45:00,J-106,8,13,LOW
2024-01-19 23:45:00,J-107,5,10,LOW
2024-01-19 23:45:00,J-108,30,13,LOW
2024-01-20 00:00:00,J-101,32,13,LOW
2024-01-20 00:00:00,J-102,22,,LOW
2024-01-20 00:00:00,J-103,21,13,LOW
2024-01-20 00:00:00,J-104,16,11,LOW
2024-01-20 00:00:00,J-105,10,10,LOW
2024-01-20 00:00:00,J-106,8,13,LOW
2024-01-20 00:00:00,J-107,6,13,LOW
2024-01-20 00:00:00,J-108,30,13,LOW
2024-01-20 00:15:00,J-101,32,13,LOW
2024-01-20 00:15:00,J-102,28,13,LOW
2024-01-20 00:15:00,J-103,21,13,LOW
2024-01-20 00:15:00,J-104,18,13,LOW
2024-01-20 00:15:00,J-105,9,9,LOW
2024-01-20 00:15:00,J-106,8,13,LOW
2024-01-20 00:15:00,J-107,5,10,LOW
2024-01-20 00:15:00,J-108,32,13,LOW
2024-01-20 00:30:00,J-101,36,14,LOW
2024-01-20 00:30:00,J-102,27,12,LOW
2024-01-20 00:30:00,J-103,19,12,LOW
2024-01-20 00:30:00,J-104,19,13,LOW
2024-01-20 00:30:00,J-105,13,14,LOW
2024-01-20 00:30:00,J-106,7,11,LOW
2024-01-20 00:30:00,J-107,7,15,LOW
2024-01-20 00:30:00,J-108,33,14,LOW
2024-01-20 00:45:00,J-101,32,13,LOW
2024-01-20 00:45:00,J-102,28,13,LOW
2024-01-20 00:45:00,J-103,17,11,LOW
2024-01-20 00:45:00,J-104,14,10,LOW
2024-01-20 00:45:00,J-105,12,13,LOW
2024-01-20 00:45:00,J-106,11,17,LOW
2024-01-20 00:45:00,J-107,7,15,LOW
2024-01-20 00:45:00,J-108,23,9,LOW
2024-01-20 01:00:00,J-101,8,3,LOW
2024-01-20 01:00:00,J-102,6,2,LOW
2024-01-20 01:00:00,J-103,5,3,LOW
2024-01-20 01:00:00,J-104,4,2,LOW
2024-01-20 01:00:00,J-105,2,2,LOW
2024-01-20 01:00:00,J-106,1,1,LOW
2024-01-20 01:00:00,J-107,0,0,LOW
2024-01-20 01:00:00,J-108,8,3,LOW
2024-01-20 01:15:00,J-101,8,3,LOW
2024-01-20 01:15:00,J-102,5,2,LOW
2024-01-20 01:15:00,J-103,6,3,LOW
2024-01-20 01:15:00,J-104,3,2,LOW
2024-01-20 01:15:00,J-105,3,3,LOW
2024-01-20 01:15:00,J-106,1,1,LOW
2024-01-20 01:15:00,J-107,1,2,LOW
2024-01-20 01:15:00,J-108,8,3,LOW
2024-01-20 01:30:00,J-101,5,2,LOW
2024-01-20 01:30:00,J-102,5,2,LOW
2024-01-20 01:30:00,J-103,3,1,LOW
2024-01-20 01:30:00,J-104,3,2,LOW
2024-01-20 01:30:00,J-105,2,2,LOW
2024-01-20 01:30:00,J-106,1,1,LOW
2024-01-20 01:30:00,J-107,1,2,LOW
2024-01-20 01:30:00,J-108,5,2,LOW
2024-01-20 01:45:00,J-101,7,2,LOW
2024-01-20 01:45:00,J-102,7,3,LOW
2024-01-20 01:45:00,J-103,4,2,LOW
2024-01-20 01:45:00,J-104,4,2,LOW
2024-01-20 01:45:00,J-105,2,2,LOW
2024-01-20 01:45:00,J-106,2,3,LOW
2024-01-20 01:45:00,J-107,1,2,LOW
2024-01-20 01:45:00,J-108,5,2,LOW
2024-01-20 02:00:00,J-101,6,2,LOW
2024-01-20 02:00:00,J-102,6,2,LOW
2024-01-20 02:00:00,J-103,5,3,LOW
2024-01-20 02:00:00,J-104,3,2,LOW
2024-01-20 02:00:00,J-105,2,2,LOW
2024-01-20 02:00:00,J-106,1,1,LOW
2024-01-20 02:00:00,J-107,1,2,LOW
2024-01-20 02:00:00,J-108,7,3,LOW
2024-01-20 02:15:00,J-101,3,1,LOW
2024-01-20 02:15:00,J-102,4,1,LOW
2024-01-20 02:15:00,J-103,2,1,LOW
2024-01-20 02:15:00,J-104,3,2,LOW
2024-01-20 02:15:00,J-105,2,2,LOW
2024-01-20 02:15:00,J-106,1,1,LOW
2024-01-20 02:15:00,J-107,0,0,LOW
2024-01-20 02:15:00,J-108,4,1,LOW
2024-01-20 02:30:00,J-101,8,3,LOW
2024-01-20 02:30:00,J-102,8,3,LOW
2024-01-20 02:30:00,J-103,4,2,LOW
2024-01-20 02:30:00,J-104,4,2,LOW
2024-01-20 02:30:00,J-105,3,3,LOW
2024-01-20 02:30:00,J-106,2,3,LOW
2024-01-20 02:30:00,J-107,1,2,LOW
2024-01-20 02:30:00,J-108,5,2,LOW
2024-01-20 02:45:00,J-101,7,2,LOW
2024-01-20 02:45:00,J-102,6,2,LOW
2024-01-20 02:45:00,J-103,4,2,LOW
2024-01-20 02:45:00,J-104,4,2,LOW
2024-01-20 02:45:00,J-105,2,2,LOW
2024-01-20 02:45:00,J-106,2,3,LOW
2024-01-20 02:45:00,J-107,1,2,LOW
2024-01-20 02:45:00,J-108,6,2,LOW
2024-01-20 03:00:00,J-101,8,3,LOW
2024-01-20 03:00:00,J-102,6,2,LOW
2024-01-20 03:00:00,J-103,4,2,LOW
2024-01-20 03:00:00,J-104,4,2,LOW
2024-01-20 03:00:00,J-105,2,2,LOW
2024-01-20 03:00:00,J-106,2,3,LOW
2024-01-20 03:00:00,J-107,1,2,LOW
2024-01-20 03:00:00,J-108,6,2,LOW
2024-01-20 03:15:00,J-101,8,3,LOW
2024-01-20 03:15:00,J-102,5,2,LOW
2024-01-20 03:15:00,J-103,5,3,LOW
2024-01-20 03:15:00,J-104,3,2,LOW
2024-01-20 03:15:00,J-105,3,3,LOW
2024-01-20 03:15:00,J-106,,3,LOW
2024-01-20 03:15:00,J-107,1,2,LOW
2024-01-20 03:15:00,J-108,7,3,LOW
2024-01-20 03:30:00,J-101,8,3,LOW
2024-01-20 03:30:00,J-102,5,2,LOW
2024-01-20 03:30:00,J-103,3,1,LOW
2024-01-20 03:30:00,J-104,4,2,LOW
2024-01-20 03:30:00,J-105,2,2,LOW
2024-01-20 03:30:00,J-106,2,3,LOW
2024-01-20 03:30:00,J-107,1,2,LOW
2024-01-20 03:30:00,J-108,7,3,LOW
2024-01-20 03:45:00,J-101,8,3,LOW
2024-01-20 03:45:00,J-102,7,3,LOW
2024-01-20 03:45:00,J-103,4,2,LOW
2024-01-20 03:45:00,J-104,4,2,LOW
2024-01-20 03:45:00,J-105,3,3,LOW
2024-01-20 03:45:00,J-106,1,1,LOW
2024-01-20 03:45:00,J-107,1,2,LOW
2024-01-20 03:45:00,J-108,7,3,LOW
2024-01-20 04:00:00,J-101,8,3,LOW
2024-01-20 04:00:00,J-102,6,2,LOW
2024-01-20 04:00:00,J-103,4,2,LOW
2024-01-20 04:00:00,J-104,3,2,LOW
2024-01-20 04:00:00,J-105,2,2,LOW
2024-01-20 04:00:00,J-106,2,3,LOW
2024-01-20 04:00:00,J-107,1,2,LOW
2024-01-20 04:00:00,J-108,7,3,LOW
2024-01-20 04:15:00,J-101,7,2,LOW
2024-01-20 04:15:00,J-102,6,2,LOW
2024-01-20 04:15:00,J-103,5,3,LOW
2024-01-20 04:15:00,J-104,4,2,LOW
2024-01-20 04:15:00,J-105,3,3,LOW
2024-01-20 04:15:00,J-106,2,3,LOW
2024-01-20 04:15:00,J-107,1,2,LOW
2024-01-20 04:15:00,J-108,10,4,LOW
2024-01-20 04:30:00,J-101,9,3,LOW
2024-01-20 04:30:00,J-102,5,2,LOW
2024-01-20 04:30:00,J-103,4,2,LOW
2024-01-20 04:30:00,J-104,3,2,LOW
2024-01-20 04:30:00,J-105,2,2,LOW
2024-01-20 04:30:00,J-106,1,1,LOW
2024-01-20 04:30:00,J-107,1,2,LOW
2024-01-20 04:30:00,J-108,7,3,LOW
2024-01-20 04:45:00,J-101,6,2,LOW
2024-01-20 04:45:00,J-102,7,3,LOW
2024-01-20 04:45:00,J-103,5,3,LOW
2024-01-20 04:45:00,J-104,4,2,LOW
2024-01-20 04:45:00,J-105,2,2,LOW
2024-01-20 04:45:00,J-106,2,3,LOW
2024-01-20 04:45:00,J-107,1,2,LOW
2024-01-20 04:45:00,J-108,7,3,LOW
2024-01-20 05:00:00,J-101,8,3,LOW
2024-01-20 05:00:00,J-102,7,3,LOW
2024-01-20 05:00:00,J-103,5,3,LOW
2024-01-20 05:00:00,J-104,5,3,LOW
2024-01-20 05:00:00,J-105,2,2,LOW
2024-01-20 05:00:00,J-106,1,1,LOW
2024-01-20 05:00:00,J-107,1,2,LOW
2024-01-20 05:00:00,J-108,7,3,LOW
2024-01-20 05:15:00,J-101,34,13,LOW
2024-01-20 05:15:00,J-102,23,10,LOW
2024-01-20 05:15:00,J-103,18,11,LOW
2024-01-20 05:15:00,J-104,17,12,LOW
2024-01-20 05:15:00,J-105,13,14,LOW
2024-01-20 05:15:00,J-106,7,11,LOW
2024-01-20 05:15:00,J-107,5,10,LOW
2024-01-20 05:15:00,J-108,26,11,LOW
2024-01-20 05:30:00,J-101,28,11,LOW
2024-01-20 05:30:00,J-102,31,14,LOW
2024-01-20 05:30:00,J-103,19,12,LOW
2024-01-20 05:30:00,J-104,16,11,LOW
2024-01-20 05:30:00,J-105,,11,LOW
2024-01-20 05:30:00,J-106,6,9,LOW
2024-01-20 05:30:00,J-107,5,10,LOW
2024-01-20 05:30:00,J-108,24,10,LOW
2024-01-20 05:45:00,J-101,30,12,LOW
2024-01-20 05:45:00,J-102,26,12,LOW
2024-01-20 05:45:00,J-103,20,13,LOW
2024-01-20 05:45:00,J-104,17,12,LOW
2024-01-20 05:45:00,J-105,10,10,LOW
2024-01-20 05:45:00,J-106,8,13,LOW
2024-01-20 05:45:00,J-107,5,10,LOW
2024-01-20 05:45:00,J-108,24,10,LOW
2024-01-20 06:00:00,J-101,29,11,LOW
2024-01-20 06:00:00,J-102,27,12,LOW
2024-01-20 06:00:00,J-103,18,11,LOW
2024-01-20 06:00:00,J-104,13,9,LOW
2024-01-20 06:00:00,J-105,14,15,LOW
2024-01-20 06:00:00,J-106,9,14,LOW
2024-01-20 06:00:00,J-107,5,10,LOW
2024-01-20 06:00:00,J-108,31,13,LOW
2024-01-20 06:15:00,J-101,24,9,LOW
2024-01-20 06:15:00,J-102,21,9,LOW
2024-01-20 06:15:00,J-103,19,12,LOW
2024-01-20 06:15:00,J-104,17,12,LOW
2024-01-20 06:15:00,J-105,11,11,LOW
2024-01-20 06:15:00,J-106,7,11,LOW
2024-01-20 06:15:00,J-107,6,13,LOW
2024-01-20 06:15:00,J-108,22,9,LOW
2024-01-20 06:30:00,J-101,27,10,LOW
2024-01-20 06:30:00,J-102,26,12,LOW
2024-01-20 06:30:00,J-103,19,12,LOW
2024-01-20 06:30:00,J-104,16,11,LOW
2024-01-20 06:30:00,J-105,10,10,LOW
2024-01-20 06:30:00,J-106,6,9,LOW
2024-01-20 06:30:00,J-107,5,10,LOW
2024-01-20 06:30:00,J-108,30,13,LOW
2024-01-20 06:45:00,J-101,32,13,LOW
2024-01-20 06:45:00,J-102,28,13,LOW
2024-01-20 06:45:00,J-103,17,11,LOW
2024-01-20 06:45:00,J-104,15,10,LOW
2024-01-20 06:45:00,J-105,10,10,LOW
2024-01-20 06:45:00,J-106,6,9,LOW
2024-01-20 06:45:00,J-107,5,10,LOW
2024-01-20 06:45:00,J-108,34,14,LOW
2024-01-20 07:00:00,J-101,25,10,LOW
2024-01-20 07:00:00,J-102,24,11,LOW
2024-01-20 07:00:00,J-103,21,13,LOW
2024-01-20 07:00:00,J-104,17,12,LOW
2024-01-20 07:00:00,J-105,10,10,LOW
2024-01-20 07:00:00,J-106,8,13,LOW
2024-01-20 07:00:00,J-107,4,8,LOW
2024-01-20 07:00:00,J-108,30,13,LOW
2024-01-20 07:15:00,J-101,27,10,LOW
2024-01-20 07:15:00,J-102,26,12,LOW
2024-01-20 07:15:00,J-103,19,12,LOW
2024-01-20 07:15:00,J-104,19,13,LOW
2024-01-20 07:15:00,J-105,11,11,LOW
2024-01-20 07:15:00,J-106,8,13,LOW
2024-01-20 07:15:00,J-107,5,10,LOW
2024-01-20 07:15:00,J-108,26,11,LOW
2024-01-20 07:30:00,J-101,19,7,LOW
2024-01-20 07:30:00,J-102,22,10,LOW
2024-01-20 07:30:00,J-103,11,7,LOW
2024-01-20 07:30:00,J-104,10,7,LOW
2024-01-20 07:30:00,J-105,6,6,LOW
2024-01-20 07:30:00,J-106,4,6,LOW
2024-01-20 07:30:00,J-107,4,8,LOW
2024-01-20 07:30:00,J-108,17,7,LOW
2024-01-20 07:45:00,J-101,29,11,LOW
2024-01-20 07:45:00,J-102,33,15,LOW
2024-01-20 07:45:00,J-103,19,12,LOW
2024-01-20 07:45:00,J-104,18,13,LOW
2024-01-20 07:45:00,J-105,11,11,LOW
2024-01-20 07:45:00,J-106,8,13,LOW
2024-01-20 07:45:00,J-107,6,13,LOW
2024-01-20 07:45:00,J-108,28,12,LOW
2024-01-20 08:00:00,J-101,19,7,LOW
2024-01-20 08:00:00,J-102,17,7,LOW
2024-01-20 08:00:00,J-103,,8,LOW
2024-01-20 08:00:00,J-104,13,9,LOW
2024-01-20 08:00:00,J-105,7,7,LOW
2024-01-20 08:00:00,J-106,5,8,LOW
2024-01-20 08:00:00,J-107,4,8,LOW
2024-01-20 08:00:00,J-108,20,8,LOW
2024-01-20 08:15:00,J-101,33,13,LOW
2024-01-20 08:15:00,J-102,28,13,LOW
2024-01-20 08:15:00,J-103,16,10,LOW
2024-01-20 08:15:00,J-104,17,12,LOW
2024-01-20 08:15:00,J-105,11,11,LOW
2024-01-20 08:15:00,J-106,7,11,LOW
2024-01-20 08:15:00,J-107,6,13,LOW
2024-01-20 08:15:00,J-108,33,14,LOW
2024-01-20 08:30:00,J-101,33,13,LOW
2024-01-20 08:30:00,J-102,26,12,LOW
2024-01-20 08:30:00,J-103,18,11,LOW
2024-01-20 08:30:00,J-104,13,9,LOW
2024-01-20 08:30:00,J-105,12,13,LOW
2024-01-20 08:30:00,J-106,6,9,LOW
2024-01-20 08:30:00,J-107,4,8,LOW
2024-01-20 08:30:00,J-108,24,10,LOW
2024-01-20 08:45:00,J-101,27,10,LOW
2024-01-20 08:45:00,J-102,21,9,LOW
2024-01-20 08:45:00,J-103,15,9,LOW
2024-01-20 08:45:00,J-104,13,9,LOW
2024-01-20 08:45:00,J-105,7,7,LOW
2024-01-20 08:45:00,J-106,6,9,LOW
2024-01-20 08:45:00,J-107,5,10,LOW
2024-01-20 08:45:00,J-108,24,10,LOW
2024-01-20 09:00:00,J-101,32,13,LOW
2024-01-20 09:00:00,J-102,27,12,LOW
2024-01-20 09:00:00,J-103,20,13,LOW
2024-01-20 09:00:00,J-104,20,14,LOW
2024-01-20 09:00:00,J-105,12,13,LOW
2024-01-20 09:00:00,J-106,7,11,LOW
2024-01-20 09:00:00,J-107,5,10,LOW
2024-01-20 09:00:00,J-108,28,12,LOW
2024-01-20 09:15:00,J-101,25,10,LOW
2024-01-20 09:15:00,J-102,31,14,LOW
2024-01-20 09:15:00,J-103,18,11,LOW
2024-01-20 09:15:00,J-104,23,16,LOW
2024-01-20 09:15:00,J-105,12,13,LOW
2024-01-20 09:15:00,J-106,7,11,LOW
2024-01-20 09:15:00,J-107,6,13,LOW
2024-01-20 09:15:00,J-108,29,12,LOW
2024-01-20 09:30:00,J-101,24,9,LOW
2024-01-20 09:30:00,J-102,24,11,LOW
2024-01-20 09:30:00,J-103,16,10,LOW
2024-01-20 09:30:00,J-104,18,13,LOW
2024-01-20 09:30:00,J-105,11,11,LOW
2024-01-20 09:30:00,J-106,8,13,LOW
2024-01-20 09:30:00,J-107,5,10,LOW
2024-01-20 09:30:00,J-108,29,12,LOW
2024-01-20 09:45:00,J-101,32,13,LOW
2024-01-20 09:45:00,J-102,26,12,LOW
2024-01-20 09:45:00,J-103,23,14,LOW
2024-01-20 09:45:00,J-104,17,12,LOW
2024-01-20 09:45:00,J-105,14,15,LOW
2024-01-20 09:45:00,J-106,8,13,LOW
2024-01-20 09:45:00,J-107,7,15,LOW
2024-01-20 09:45:00,J-108,40,17,LOW
2024-01-20 10:00:00,J-101,103,41,MODERATE
2024-01-20 10:00:00,J-102,69,32,LOW
2024-01-20 10:00:00,J-103,65,42,MODERATE
2024-01-20 10:00:00,J-104,57,41,MODERATE
2024-01-20 10:00:00,J-105,38,41,MODERATE
2024-01-20 10:00:00,J-106,34,55,MODERATE
2024-01-20 10:00:00,J-107,12,26,LOW
2024-01-20 10:00:00,J-108,101,43,MODERATE
2024-01-20 10:15:00,J-101,86,34,LOW
2024-01-20 10:15:00,J-102,98,45,MODERATE
2024-01-20 10:15:00,J-103,62,40,MODERATE
2024-01-20 10:15:00,J-104,63,45,MODERATE
2024-01-20 10:15:00,J-105,38,41,MODERATE
2024-01-20 10:15:00,J-106,20,32,LOW
2024-01-20 10:15:00,J-107,17,36,LOW
2024-01-20 10:15:00,J-108,107,46,MODERATE
2024-01-20 10:30:00,J-101,116,47,MODERATE
2024-01-20 10:30:00,J-102,74,34,LOW
2024-01-20 10:30:00,J-103,49,31,LOW
2024-01-20 10:30:00,J-104,51,36,LOW
2024-01-20 10:30:00,J-105,31,33,LOW
2024-01-20 10:30:00,J-106,24,39,LOW
2024-01-20 10:30:00,J-107,20,43,MODERATE
2024-01-20 10:30:00,J-108,95,41,MODERATE
2024-01-20 10:45:00,J-101,102,41,MODERATE
2024-01-20 10:45:00,J-102,114,52,MODERATE
2024-01-20 10:45:00,J-103,80,52,MODERATE
2024-01-20 10:45:00,J-104,67,48,MODERATE
2024-01-20 10:45:00,J-105,34,36,LOW
2024-01-20 10:45:00,J-106,27,43,MODERATE
2024-01-20 10:45:00,J-107,19,41,MODERATE
2024-01-20 10:45:00,J-108,111,48,MODERATE
2024-01-20 11:00:00,J-101,113,45,MODERATE
2024-01-20 11:00:00,J-102,85,39,LOW
2024-01-20 11:00:00,J-103,68,44,MODERATE
2024-01-20 11:00:00,J-104,61,44,MODERATE
2024-01-20 11:00:00,J-105,37,40,MODERATE
2024-01-20 11:00:00,J-106,28,45,MODERATE
2024-01-20 11:00:00,J-107,24,52,MODERATE
2024-01-20 11:00:00,J-108,113,48,MODERATE
2024-01-20 11:15:00,J-101,123,49,MODERATE
2024-01-20 11:15:00,J-102,82,38,LOW
2024-01-20 11:15:00,J-103,57,37,LOW
2024-01-20 11:15:00,J-104,56,40,MODERATE
2024-01-20 11:15:00,J-105,37,40,MODERATE
2024-01-20 11:15:00,J-106,27,43,MODERATE
2024-01-20 11:15:00,J-107,20,43,MODERATE
2024-01-20 11:15:00,J-108,105,45,MODERATE
2024-01-20 11:30:00,J-101,120,48,MODERATE
2024-01-20 11:30:00,J-102,117,54,MODERATE
2024-01-20 11:30:00,J-103,85,55,MODERATE
2024-01-20 11:30:00,J-104,49,35,LOW
2024-01-20 11:30:00,J-105,49,53,MODERATE
2024-01-20 11:30:00,J-106,26,42,MODERATE
2024-01-20 11:30:00,J-107,27,58,MODERATE
2024-01-20 11:30:00,J-108,123,53,MODERATE
2024-01-20 11:45:00,J-101,104,42,MODERATE
2024-01-20 11:45:00,J-102,124,57,MODERATE
2024-01-20 11:45:00,J-103,87,56,MODERATE
2024-01-20 11:45:00,J-104,70,50,MODERATE
2024-01-20 11:45:00,J-105,55,59,MODERATE
2024-01-20 11:45:00,J-106,32,52,MODERATE
2024-01-20 11:45:00,J-107,20,43,MODERATE
2024-01-20 11:45:00,J-108,116,50,MODERATE
2024-01-20 12:00:00,J-101,76,30,LOW
2024-01-20 12:00:00,J-102,47,21,LOW
2024-01-20 12:00:00,J-103,51,33,LOW
2024-01-20 12:00:00,J-104,37,26,LOW
2024-01-20 12:00:00,J-105,30,32,LOW
2024-01-20 12:00:00,J-106,19,30,LOW
2024-01-20 12:00:00,J-107,15,32,LOW
2024-01-20 12:00:00,J-108,78,33,LOW
2024-01-20 12:15:00,J-101,111,,MODERATE
2024-01-20 12:15:00,J-102,94,43,MODERATE
2024-01-20 12:15:00,J-103,70,45,MODERATE
2024-01-20 12:15:00,J-104,67,48,MODERATE
2024-01-20 12:15:00,J-105,46,49,MODERATE
2024-01-20 12:15:00,J-106,30,48,MODERATE
2024-01-20 12:15:00,J-107,22,47,MODERATE
2024-01-20 12:15:00,J-108,,48,MODERATE
2024-01-20 12:30:00,J-101,124,50,MODERATE
2024-01-20 12:30:00,J-102,101,46,MODERATE
2024-01-20 12:30:00,J-103,82,53,MODERATE
2024-01-20 12:30:00,J-104,71,51,MODERATE
2024-01-20 12:30:00,J-105,53,57,MODERATE
2024-01-20 12:30:00,J-106,28,45,MODERATE
2024-01-20 12:30:00,J-107,23,49,MODERATE
2024-01-20 12:30:00,J-108,116,50,MODERATE
2024-01-20 12:45:00,J-101,138,56,MODERATE
2024-01-20 12:45:00,J-102,98,45,MODERATE
2024-01-20 12:45:00,J-103,66,42,MODERATE
2024-01-20 12:45:00,J-104,51,36,LOW
2024-01-20 12:45:00,J-105,35,37,LOW
2024-01-20 12:45:00,J-106,25,40,MODERATE
2024-01-20 12:45:00,J-107,18,39,LOW
2024-01-20 12:45:00,J-108,93,40,MODERATE
2024-01-20 13:00:00,J-101,75,30,LOW
2024-01-20 13:00:00,J-102,67,31,LOW
2024-01-20 13:00:00,J-103,47,30,LOW
2024-01-20 13:00:00,J-104,40,28,LOW
2024-01-20 13:00:00,J-105,18,19,LOW
2024-01-20 13:00:00,J-106,17,27,LOW
2024-01-20 13:00:00,J-107,15,32,LOW
2024-01-20 13:00:00,J-108,70,,LOW
2024-01-20 13:15:00,J-101,62,25,LOW
2024-01-20 13:15:00,J-102,77,35,LOW
2024-01-20 13:15:00,J-103,43,27,LOW
2024-01-20 13:15:00,J-104,40,28,LOW
2024-01-20 13:15:00,J-105,28,,LOW
2024-01-20 13:15:00,J-106,19,30,LOW
2024-01-20 13:15:00,J-107,13,28,LOW
2024-01-20 13:15:00,J-108,77,33,LOW
2024-01-20 13:30:00,J-101,105,42,MODERATE
2024-01-20 13:30:00,J-102,73,33,LOW
2024-01-20 13:30:00,J-103,66,42,MODERATE
2024-01-20 13:30:00,J-104,60,43,MODERATE
2024-01-20 13:30:00,J-105,39,42,MODERATE
2024-01-20 13:30:00,J-106,30,48,MODERATE
2024-01-20 13:30:00,J-107,15,32,LOW
2024-01-20 13:30:00,J-108,108,46,MODERATE
2024-01-20 13:45:00,J-101,101,41,MODERATE
2024-01-20 13:45:00,J-102,58,26,LOW
2024-01-20 13:45:00,J-103,65,42,MODERATE
2024-01-20 13:45:00,J-104,51,36,LOW
2024-01-20 13:45:00,J-105,31,33,LOW
2024-01-20 13:45:00,J-106,23,37,LOW
2024-01-20 13:45:00,J-107,15,32,LOW
2024-01-20 13:45:00,J-108,90,39,LOW
2024-01-20 14:00:00,J-101,60,24,LOW
2024-01-20 14:00:00,J-102,60,27,LOW
2024-01-20 14:00:00,J-103,45,29,LOW
2024-01-20 14:00:00,J-104,33,23,LOW
2024-01-20 14:00:00,J-105,26,28,LOW
2024-01-20 14:00:00,J-106,18,29,LOW
2024-01-20 14:00:00,J-107,12,26,LOW
2024-01-20 14:00:00,J-108,60,26,LOW
2024-01-20 14:15:00,J-101,30,12,LOW
2024-01-20 14:15:00,J-102,32,14,LOW
2024-01-20 14:15:00,J-103,20,13,LOW
2024-01-20 14:15:00,J-104,18,13,LOW
2024-01-20 14:15:00,J-105,13,14,LOW
2024-01-20 14:15:00,J-106,7,11,LOW
2024-01-20 14:15:00,J-107,6,13,LOW
2024-01-20 14:15:00,J-108,29,12,LOW
2024-01-20 14:30:00,J-101,25,10,LOW
2024-01-20 14:30:00,J-102,31,14,LOW
2024-01-20 14:30:00,J-103,20,13,LOW
2024-01-20 14:30:00,J-104,14,10,LOW
2024-01-20 14:30:00,J-105,12,13,LOW
2024-01-20 14:30:00,J-106,8,13,LOW
2024-01-20 14:30:00,J-107,6,13,LOW
2024-01-20 14:30:00,J-108,31,13,LOW
2024-01-20 14:45:00,J-101,20,8,LOW
2024-01-20 14:45:00,J-102,17,7,LOW
2024-01-20 14:45:00,J-103,16,10,LOW
2024-01-20 14:45:00,J-104,13,9,LOW
2024-01-20 14:45:00,J-105,7,7,LOW
2024-01-20 14:45:00,J-106,6,9,LOW
2024-01-20 14:45:00,J-107,4,8,LOW
2024-01-20 14:45:00,J-108,18,7,LOW
2024-01-20 15:00:00,J-101,31,12,LOW
2024-01-20 15:00:00,J-102,27,12,LOW
2024-01-20 15:00:00,J-103,23,14,LOW
2024-01-20 15:00:00,J-104,21,15,LOW
2024-01-20 15:00:00,J-105,12,13,LOW
2024-01-20 15:00:00,J-106,8,13,LOW
2024-01-20 15:00:00,J-107,5,10,LOW
2024-01-20 15:00:00,J-108,30,13,LOW
2024-01-20 15:15:00,J-101,28,11,LOW
2024-01-20 15:15:00,J-102,24,11,LOW
2024-01-20 15:15:00,J-103,20,13,LOW
2024-01-20 15:15:00,J-104,19,13,LOW
2024-01-20 15:15:00,J-105,13,14,LOW
2024-01-20 15:15:00,J-106,8,13,LOW
2024-01-20 15:15:00,J-107,4,8,LOW
2024-01-20 15:15:00,J-108,29,12,LOW
2024-01-20 15:30:00,J-101,30,12,LOW
2024-01-20 15:30:00,J-102,29,13,LOW
2024-01-20 15:30:00,J-103,19,12,LOW
2024-01-20 15:30:00,J-104,16,11,LOW
2024-01-20 15:30:00,J-105,11,11,LOW
2024-01-20 15:30:00,J-106,8,13,LOW
2024-01-20 15:30:00,J-107,5,10,LOW
2024-01-20 15:30:00,J-108,22,9,LOW
2024-01-20 15:45:00,J-101,31,12,LOW
2024-01-20 15:45:00,J-102,31,14,LOW
2024-01-20 15:45:00,J-103,21,13,LOW
2024-01-20 15:45:00,J-104,19,13,LOW
2024-01-20 15:45:00,J-105,12,13,LOW
2024-01-20 15:45:00,J-106,7,11,LOW
2024-01-20 15:45:00,J-107,6,13,LOW
2024-01-20 15:45:00,J-108,26,11,LOW
2024-01-20 16:00:00,J-101,88,35,LOW
2024-01-20 16:00:00,J-102,70,32,LOW
2024-01-20 16:00:00,J-103,42,27,LOW
2024-01-20 16:00:00,J-104,46,33,LOW
2024-01-20 16:00:00,J-105,33,35,LOW
2024-01-20 16:00:00,J-106,20,32,LOW
2024-01-20 16:00:00,J-107,14,30,LOW
2024-01-20 16:00:00,J-108,62,26,LOW
2024-01-20 16:15:00,J-101,59,23,LOW
2024-01-20 16:15:00,J-102,51,23,LOW
2024-01-20 16:15:00,J-103,35,22,LOW
2024-01-20 16:15:00,J-104,35,25,LOW
2024-01-20 16:15:00,J-105,21,22,LOW
2024-01-20 16:15:00,J-106,12,19,LOW
2024-01-20 16:15:00,J-107,10,21,LOW
2024-01-20 16:15:00,J-108,60,26,LOW
2024-01-20 16:30:00,J-101,79,32,LOW
2024-01-20 16:30:00,J-102,66,30,LOW
2024-01-20 16:30:00,J-103,44,28,LOW
2024-01-20 16:30:00,J-104,43,31,LOW
2024-01-20 16:30:00,J-105,33,35,LOW
2024-01-20 16:30:00,J-106,21,34,LOW
2024-01-20 16:30:00,J-107,18,39,LOW
2024-01-20 16:30:00,J-108,84,36,LOW
2024-01-20 16:45:00,J-101,51,20,LOW
2024-01-20 16:45:00,J-102,41,19,LOW
2024-01-20 16:45:00,J-103,27,17,LOW
2024-01-20 16:45:00,J-104,29,20,LOW
2024-01-20 16:45:00,J-105,21,22,LOW
2024-01-20 16:45:00,J-106,15,24,LOW
2024-01-20 16:45:00,J-107,11,23,LOW
2024-01-20 16:45:00,J-108,54,23,LOW
2024-01-20 17:00:00,J-101,89,36,LOW
2024-01-20 17:00:00,J-102,69,32,LOW
2024-01-20 17:00:00,J-103,54,35,LOW
2024-01-20 17:00:00,J-104,57,41,MODERATE
2024-01-20 17:00:00,J-105,43,46,MODERATE
2024-01-20 17:00:00,J-106,20,32,LOW
2024-01-20 17:00:00,J-107,18,39,LOW
2024-01-20 17:00:00,J-108,84,36,LOW
2024-01-20 17:15:00,J-101,106,43,MODERATE
2024-01-20 17:15:00,J-102,80,37,LOW
2024-01-20 17:15:00,J-103,65,42,MODERATE
2024-01-20 17:15:00,J-104,54,39,LOW
2024-01-20 17:15:00,J-105,41,44,MODERATE
2024-01-20 17:15:00,J-106,25,40,MODERATE
2024-01-20 17:15:00,J-107,18,39,LOW
2024-01-20 17:15:00,J-108,92,39,LOW
2024-01-20 17:30:00,J-101,109,44,MODERATE
2024-01-20 17:30:00,J-102,96,44,MODERATE
2024-01-20 17:30:00,J-103,59,38,LOW
2024-01-20 17:30:00,J-104,60,43,MODERATE
2024-01-20 17:30:00,J-105,29,31,LOW
2024-01-20 17:30:00,J-106,20,32,LOW
2024-01-20 17:30:00,J-107,21,45,MODERATE
2024-01-20 17:30:00,J-108,92,39,LOW
2024-01-20 17:45:00,J-101,91,36,LOW
2024-01-20 17:45:00,J-102,69,32,LOW
2024-01-20 17:45:00,J-103,77,50,MODERATE
2024-01-20 17:45:00,J-104,48,34,LOW
2024-01-20 17:45:00,J-105,36,39,LOW
2024-01-20 17:45:00,J-106,25,40,MODERATE
2024-01-20 17:45:00,J-107,20,43,MODERATE
2024-01-20 17:45:00,J-108,73,31,LOW
2024-01-20 18:00:00,J-101,87,35,LOW
2024-01-20 18:00:00,J-102,86,39,LOW
2024-01-20 18:00:00,J-103,62,40,MODERATE
2024-01-20 18:00:00,J-104,54,39,LOW
2024-01-20 18:00:00,J-105,31,33,LOW
2024-01-20 18:00:00,J-106,22,35,LOW
2024-01-20 18:00:00,J-107,20,43,MODERATE
2024-01-20 18:00:00,J-108,88,38,LOW
2024-01-20 18:15:00,J-101,104,42,MODERATE
2024-01-20 18:15:00,J-102,82,38,LOW
2024-01-20 18:15:00,J-103,64,41,MODERATE
2024-01-20 18:15:00,J-104,57,41,MODERATE
2024-01-20 18:15:00,J-105,35,37,LOW
2024-01-20 18:15:00,J-106,25,40,MODERATE
2024-01-20 18:15:00,J-107,22,47,MODERATE
2024-01-20 18:15:00,J-108,104,45,MODERATE
2024-01-20 18:30:00,J-101,106,43,MODERATE
2024-01-20 18:30:00,J-102,85,39,LOW
2024-01-20 18:30:00,J-103,66,42,MODERATE
2024-01-20 18:30:00,J-104,58,41,MODERATE
2024-01-20 18:30:00,J-105,43,46,MODERATE
2024-01-20 18:30:00,J-106,24,,LOW
2024-01-20 18:30:00,J-107,22,47,MODERATE
2024-01-20 18:30:00,J-108,72,31,LOW
2024-01-20 18:45:00,J-101,106,43,MODERATE
2024-01-20 18:45:00,J-102,80,37,LOW
2024-01-20 18:45:00,J-103,65,42,MODERATE
2024-01-20 18:45:00,J-104,59,42,MODERATE
2024-01-20 18:45:00,J-105,26,28,LOW
2024-01-20 18:45:00,J-106,23,37,LOW
2024-01-20 18:45:00,J-107,22,47,MODERATE
2024-01-20 18:45:00,J-108,101,43,MODERATE
2024-01-20 19:00:00,J-101,90,36,LOW
2024-01-20 19:00:00,J-102,87,40,MODERATE
2024-01-20 19:00:00,J-103,54,35,LOW
2024-01-20 19:00:00,J-104,45,32,LOW
2024-01-20 19:00:00,J-105,28,30,LOW
2024-01-20 19:00:00,J-106,23,37,LOW
2024-01-20 19:00:00,J-107,17,36,LOW
2024-01-20 19:00:00,J-108,75,32,LOW
2024-01-20 19:15:00,J-101,101,41,MODERATE
2024-01-20 19:15:00,J-102,86,39,LOW
2024-01-20 19:15:00,J-103,57,37,LOW
2024-01-20 19:15:00,J-104,37,26,LOW
2024-01-20 19:15:00,J-105,34,36,LOW
2024-01-20 19:15:00,J-106,23,37,LOW
2024-01-20 19:15:00,J-107,15,32,LOW
2024-01-20 19:15:00,J-108,87,37,LOW
2024-01-20 19:30:00,J-101,71,28,LOW
2024-01-20 19:30:00,J-102,65,30,LOW
2024-01-20 19:30:00,J-103,44,28,LOW
2024-01-20 19:30:00,J-104,41,29,LOW
2024-01-20 19:30:00,J-105,36,39,LOW
2024-01-20 19:30:00,J-106,16,26,LOW
2024-01-20 19:30:00,J-107,14,30,LOW
2024-01-20 19:30:00,J-108,63,27,LOW
2024-01-20 19:45:00,J-101,60,24,LOW
2024-01-20 19:45:00,J-102,68,31,LOW
2024-01-20 19:45:00,J-103,40,26,LOW
2024-01-20 19:45:00,J-104,40,28,LOW
2024-01-20 19:45:00,J-105,25,27,LOW
2024-01-20 19:45:00,J-106,19,30,LOW
2024-01-20 19:45:00,J-107,13,28,LOW
2024-01-20 19:45:00,J-108,83,35,LOW
2024-01-20 20:00:00,J-101,76,30,LOW
2024-01-20 20:00:00,J-102,47,21,LOW
2024-01-20 20:00:00,J-103,51,33,LOW
2024-01-20 20:00:00,J-104,31,22,LOW
2024-01-20 20:00:00,J-105,35,37,LOW
2024-01-20 20:00:00,J-106,16,26,LOW
2024-01-20 20:00:00,J-107,13,28,LOW
2024-01-20 20:00:00,J-108,77,33,LOW
2024-01-20 20:15:00,J-101,24,9,LOW
2024-01-20 20:15:00,J-102,24,11,LOW
2024-01-20 20:15:00,J-103,20,13,LOW
2024-01-20 20:15:00,J-104,18,13,LOW
2024-01-20 20:15:00,J-105,10,10,LOW
2024-01-20 20:15:00,J-106,9,14,LOW
2024-01-20 20:15:00,J-107,6,13,LOW
2024-01-20 20:15:00,J-108,35,15,LOW
2024-01-20 20:30:00,J-101,29,11,LOW
2024-01-20 20:30:00,J-102,29,13,LOW
2024-01-20 20:30:00,J-103,19,12,LOW
2024-01-20 20:30:00,J-104,20,14,LOW
2024-01-20 20:30:00,J-105,7,7,LOW
2024-01-20 20:30:00,J-106,7,11,LOW
2024-01-20 20:30:00,J-107,5,10,LOW
2024-01-20 20:30:00,J-108,26,11,LOW
2024-01-20 20:45:00,J-101,36,14,LOW
2024-01-20 20:45:00,J-102,25,11,LOW
2024-01-20 20:45:00,J-103,17,11,LOW
2024-01-20 20:45:00,J-104,20,14,LOW
2024-01-20 20:45:00,J-105,11,11,LOW
2024-01-20 20:45:00,J-106,8,13,LOW
2024-01-20 20:45:00,J-107,6,13,LOW
2024-01-20 20:45:00,J-108,31,13,LOW
2024-01-20 21:00:00,J-101,42,17,LOW
2024-01-20 21:00:00,J-102,26,12,LOW
2024-01-20 21:00:00,J-103,25,16,LOW
2024-01-20 21:00:00,J-104,16,11,LOW
2024-01-20 21:00:00,J-105,12,13,LOW
2024-01-20 21:00:00,J-106,7,11,LOW
2024-01-20 21:00:00,J-107,4,8,LOW
2024-01-20 21:00:00,J-108,33,14,LOW
2024-01-20 21:15:00,J-101,29,11,LOW
2024-01-20 21:15:00,J-102,30,13,LOW
2024-01-20 21:15:00,J-103,17,11,LOW
2024-01-20 21:15:00,J-104,11,7,LOW
2024-01-20 21:15:00,J-105,13,14,LOW
2024-01-20 21:15:00,J-106,9,14,LOW
2024-01-20 21:15:00,J-107,5,10,LOW
2024-01-20 21:15:00,J-108,31,13,LOW
2024-01-20 21:30:00,J-101,36,14,LOW
2024-01-20 21:30:00,J-102,31,14,LOW
2024-01-20 21:30:00,J-103,21,13,LOW
2024-01-20 21:30:00,J-104,18,13,LOW
2024-01-20 21:30:00,J-105,11,11,LOW
2024-01-20 21:30:00,J-106,7,11,LOW
2024-01-20 21:30:00,J-107,5,10,LOW
2024-01-20 21:30:00,J-108,27,11,LOW
2024-01-20 21:45:00,J-101,32,13,LOW
2024-01-20 21:45:00,J-102,26,12,LOW
2024-01-20 21:45:00,J-103,19,12,LOW
2024-01-20 21:45:00,J-104,16,11,LOW
2024-01-20 21:45:00,J-105,10,10,LOW
2024-01-20 21:45:00,J-106,8,13,LOW
2024-01-20 21:45:00,J-107,5,10,LOW
2024-01-20 21:45:00,J-108,25,10,LOW
2024-01-20 22:00:00,J-101,23,9,LOW
2024-01-20 22:00:00,J-102,27,12,LOW
2024-01-20 22:00:00,J-103,14,9,LOW
2024-01-20 22:00:00,J-104,14,10,LOW
2024-01-20 22:00:00,J-105,13,14,LOW
2024-01-20 22:00:00,J-106,7,11,LOW
2024-01-20 22:00:00,J-107,5,10,LOW
2024-01-20 22:00:00,J-108,34,14,LOW
2024-01-20 22:15:00,J-101,40,16,LOW
2024-01-20 22:15:00,J-102,28,13,LOW
2024-01-20 22:15:00,J-103,18,11,LOW
2024-01-20 22:15:00,J-104,15,10,LOW
2024-01-20 22:15:00,J-105,13,14,LOW
2024-01-20 22:15:00,J-106,7,11,LOW
2024-01-20 22:15:00,J-107,5,10,LOW
2024-01-20 22:15:00,J-108,30,13,LOW
2024-01-20 22:30:00,J-101,19,7,LOW
2024-01-20 22:30:00,J-102,20,9,LOW
2024-01-20 22:30:00,J-103,12,7,LOW
2024-01-20 22:30:00,J-104,14,10,LOW
2024-01-20 22:30:00,J-105,9,9,LOW
2024-01-20 22:30:00,J-106,5,8,LOW
2024-01-20 22:30:00,J-107,4,,LOW
2024-01-20 22:30:00,J-108,22,9,LOW
2024-01-20 22:45:00,J-101,32,13,LOW
2024-01-20 22:45:00,J-102,26,12,LOW
2024-01-20 22:45:00,J-103,18,11,LOW
2024-01-20 22:45:00,J-104,18,,LOW
2024-01-20 22:45:00,J-105,12,13,LOW
2024-01-20 22:45:00,J-106,7,11,LOW
2024-01-20 22:45:00,J-107,5,10,LOW
2024-01-20 22:45:00,J-108,25,10,LOW
2024-01-20 23:00:00,J-101,32,13,LOW
2024-01-20 23:00:00,J-102,23,10,LOW
2024-01-20 23:00:00,J-103,16,10,LOW
2024-01-20 23:00:00,J-104,17,12,LOW
2024-01-20 23:00:00,J-105,11,11,LOW
2024-01-20 23:00:00,J-106,7,11,LOW
2024-01-20 23:00:00,J-107,5,10,LOW
2024-01-20 23:00:00,J-108,26,11,LOW
2024-01-20 23:15:00,J-101,26,10,LOW
2024-01-20 23:15:00,J-102,26,12,LOW
2024-01-20 23:15:00,J-103,19,12,LOW
2024-01-20 23:15:00,J-104,17,12,LOW
2024-01-20 23:15:00,J-105,10,10,LOW
2024-01-20 23:15:00,J-106,7,11,LOW
2024-01-20 23:15:00,J-107,4,8,LOW
2024-01-20 23:15:00,J-108,26,11,LOW
2024-01-20 23:30:00,J-101,35,14,LOW
2024-01-20 23:30:00,J-102,26,12,LOW
2024-01-20 23:30:00,J-103,16,10,LOW
2024-01-20 23:30:00,J-104,16,11,LOW
2024-01-20 23:30:00,J-105,11,11,LOW
2024-01-20 23:30:00,J-106,8,13,LOW
2024-01-20 23:30:00,J-107,5,10,LOW
2024-01-20 23:30:00,J-108,30,13,LOW
2024-01-20 23:45:00,J-101,30,12,LOW
2024-01-20 23:45:00,J-102,24,11,LOW
2024-01-20 23:45:00,J-103,17,11,LOW
2024-01-20 23:45:00,J-104,18,13,LOW
2024-01-20 23:45:00,J-105,11,11,LOW
2024-01-20 23:45:00,J-106,6,9,LOW
2024-01-20 23:45:00,J-107,6,13,LOW
2024-01-20 23:45:00,J-108,24,10,LOW
2024-01-21 00:00:00,J-101,29,11,LOW
2024-01-21 00:00:00,J-102,27,12,LOW
2024-01-21 00:00:00,J-103,25,16,LOW
2024-01-21 00:00:00,J-104,21,15,LOW
2024-01-21 00:00:00,J-105,12,13,LOW
2024-01-21 00:00:00,J-106,6,9,LOW
2024-01-21 00:00:00,J-107,4,8,LOW
2024-01-21 00:00:00,J-108,28,12,LOW
2024-01-21 00:15:00,J-101,22,8,LOW
2024-01-21 00:15:00,J-102,24,11,LOW
2024-01-21 00:15:00,J-103,15,9,LOW
2024-01-21 00:15:00,J-104,15,10,LOW
2024-01-21 00:15:00,J-105,9,9,LOW
2024-01-21 00:15:00,J-106,6,9,LOW
2024-01-21 00:15:00,J-107,4,8,LOW
2024-01-21 00:15:00,J-108,21,9,LOW
2024-01-21 00:30:00,J-101,26,10,LOW
2024-01-21 00:30:00,J-102,29,13,LOW
2024-01-21 00:30:00,J-103,18,11,LOW
2024-01-21 00:30:00,J-104,16,11,LOW
2024-01-21 00:30:00,J-105,10,10,LOW
2024-01-21 00:30:00,J-106,7,11,LOW
2024-01-21 00:30:00,J-107,5,10,LOW
2024-01-21 00:30:00,J-108,28,12,LOW
2024-01-21 00:45:00,J-101,37,15,LOW
2024-01-21 00:45:00,J-102,27,12,LOW
2024-01-21 00:45:00,J-103,20,13,LOW
2024-01-21 00:45:00,J-104,16,11,LOW
2024-01-21 00:45:00,J-105,11,11,LOW
2024-01-21 00:45:00,J-106,7,11,LOW
2024-01-21 00:45:00,J-107,5,10,LOW
2024-01-21 00:45:00,J-108,31,13,LOW
2024-01-21 01:00:00,J-101,7,2,LOW
2024-01-21 01:00:00,J-102,6,2,LOW
2024-01-21 01:00:00,J-103,3,1,LOW
2024-01-21 01:00:00,J-104,4,2,LOW
2024-01-21 01:00:00,J-105,2,2,LOW
2024-01-21 01:00:00,J-106,1,1,LOW
2024-01-21 01:00:00,J-107,1,2,LOW
2024-01-21 01:00:00,J-108,8,3,LOW
2024-01-21 01:15:00,J-101,6,2,LOW
2024-01-21 01:15:00,J-102,5,2,LOW
2024-01-21 01:15:00,J-103,3,1,LOW
2024-01-21 01:15:00,J-104,2,1,LOW
2024-01-21 01:15:00,J-105,2,2,LOW
2024-01-21 01:15:00,J-106,1,1,LOW
2024-01-21 01:15:00,J-107,1,2,LOW
2024-01-21 01:15:00,J-108,4,1,LOW
2024-01-21 01:30:00,J-101,8,3,LOW
2024-01-21 01:30:00,J-102,6,2,LOW
2024-01-21 01:30:00,J-103,5,3,LOW
2024-01-21 01:30:00,J-104,4,2,LOW
2024-01-21 01:30:00,J-105,3,3,LOW
2024-01-21 01:30:00,J-106,1,1,LOW
2024-01-21 01:30:00,J-107,1,2,LOW
2024-01-21 01:30:00,J-108,6,2,LOW
2024-01-21 01:45:00,J-101,6,2,LOW
2024-01-21 01:45:00,J-102,8,3,LOW
2024-01-21 01:45:00,J-103,3,1,LOW
2024-01-21 01:45:00,J-104,4,2,LOW
2024-01-21 01:45:00,J-105,3,3,LOW
2024-01-21 01:45:00,J-106,2,3,LOW
2024-01-21 01:45:00,J-107,1,2,LOW
2024-01-21 01:45:00,J-108,8,3,LOW
2024-01-21 02:00:00,J-101,8,3,LOW
2024-01-21 02:00:00,J-102,5,2,LOW
2024-01-21 02:00:00,J-103,4,2,LOW
2024-01-21 02:00:00,J-104,4,2,LOW
2024-01-21 02:00:00,J-105,3,3,LOW
2024-01-21 02:00:00,J-106,2,3,LOW
2024-01-21 02:00:00,J-107,1,2,LOW
2024-01-21 02:00:00,J-108,7,3,LOW
2024-01-21 02:15:00,J-101,7,2,LOW
2024-01-21 02:15:00,J-102,6,2,LOW
2024-01-21 02:15:00,J-103,4,2,LOW
2024-01-21 02:15:00,J-104,4,2,LOW
2024-01-21 02:15:00,J-105,2,2,LOW
2024-01-21 02:15:00,J-106,1,1,LOW
2024-01-21 02:15:00,J-107,1,2,LOW
2024-01-21 02:15:00,J-108,7,3,LOW
2024-01-21 02:30:00,J-101,6,2,LOW
2024-01-21 02:30:00,J-102,6,2,LOW
2024-01-21 02:30:00,J-103,4,2,LOW
2024-01-21 02:30:00,J-104,3,2,LOW
2024-01-21 02:30:00,J-105,2,2,LOW
2024-01-21 02:30:00,J-106,1,1,LOW
2024-01-21 02:30:00,J-107,1,2,LOW
2024-01-21 02:30:00,J-108,6,2,LOW
2024-01-21 02:45:00,J-101,9,3,LOW
2024-01-21 02:45:00,J-102,7,3,LOW
2024-01-21 02:45:00,J-103,4,2,LOW
2024-01-21 02:45:00,J-104,4,2,LOW
2024-01-21 02:45:00,J-105,2,2,LOW
2024-01-21 02:45:00,J-106,2,3,LOW
2024-01-21 02:45:00,J-107,1,2,LOW
2024-01-21 02:45:00,J-108,7,3,LOW
2024-01-21 03:00:00,J-101,8,3,LOW
2024-01-21 03:00:00,J-102,6,2,LOW
2024-01-21 03:00:00,J-103,5,3,LOW
2024-01-21 03:00:00,J-104,4,2,LOW
2024-01-21 03:00:00,J-105,3,3,LOW
2024-01-21 03:00:00,J-106,2,3,LOW
2024-01-21 03:00:00,J-107,1,2,LOW
2024-01-21 03:00:00,J-108,7,3,LOW
2024-01-21 03:15:00,J-101,6,2,LOW
2024-01-21 03:15:00,J-102,7,3,LOW
2024-01-21 03:15:00,J-103,3,1,LOW
2024-01-21 03:15:00,J-104,5,3,LOW
2024-01-21 03:15:00,J-105,2,2,LOW
2024-01-21 03:15:00,J-106,1,1,LOW
2024-01-21 03:15:00,J-107,1,2,LOW
2024-01-21 03:15:00,J-108,6,2,LOW
2024-01-21 03:30:00,J-101,8,3,LOW
2024-01-21 03:30:00,J-102,5,2,LOW
2024-01-21 03:30:00,J-103,4,2,LOW
2024-01-21 03:30:00,J-104,3,2,LOW
2024-01-21 03:30:00,J-105,2,2,LOW
2024-01-21 03:30:00,J-106,1,1,LOW
2024-01-21 03:30:00,J-107,1,2,LOW
2024-01-21 03:30:00,J-108,6,2,LOW
2024-01-21 03:45:00,J-101,6,2,LOW
2024-01-21 03:45:00,J-102,5,2,LOW
2024-01-21 03:45:00,J-103,4,2,LOW
2024-01-21 03:45:00,J-104,4,2,LOW
2024-01-21 03:45:00,J-105,3,3,LOW
2024-01-21 03:45:00,J-106,1,1,LOW
2024-01-21 03:45:00,J-107,1,2,LOW
2024-01-21 03:45:00,J-108,7,3,LOW
2024-01-21 04:00:00,J-101,8,3,LOW
2024-01-21 04:00:00,J-102,6,2,LOW
2024-01-21 04:00:00,J-103,6,3,LOW
2024-01-21 04:00:00,J-104,4,2,LOW
2024-01-21 04:00:00,J-105,2,2,LOW
2024-01-21 04:00:00,J-106,2,3,LOW
2024-01-21 04:00:00,J-107,1,2,LOW
2024-01-21 04:00:00,J-108,9,3,LOW
2024-01-21 04:15:00,J-101,5,2,LOW
2024-01-21 04:15:00,J-102,4,1,LOW
2024-01-21 04:15:00,J-103,3,1,LOW
2024-01-21 04:15:00,J-104,2,1,LOW
2024-01-21 04:15:00,J-105,1,1,LOW
2024-01-21 04:15:00,J-106,0,0,LOW
2024-01-21 04:15:00,J-107,0,0,LOW
2024-01-21 04:15:00,J-108,5,2,LOW
2024-01-21 04:30:00,J-101,7,2,LOW
2024-01-21 04:30:00,J-102,6,2,LOW
2024-01-21 04:30:00,J-103,4,2,LOW
2024-01-21 04:30:00,J-104,4,2,LOW
2024-01-21 04:30:00,J-105,2,2,LOW
2024-01-21 04:30:00,J-106,2,3,LOW
2024-01-21 04:30:00,J-107,1,2,LOW
2024-01-21 04:30:00,J-108,6,2,LOW
2024-01-21 04:45:00,J-101,7,2,LOW
2024-01-21 04:45:00,J-102,5,2,LOW
2024-01-21 04:45:00,J-103,4,2,LOW
2024-01-21 04:45:00,J-104,4,2,LOW
2024-01-21 04:45:00,J-105,2,2,LOW
2024-01-21 04:45:00,J-106,1,1,LOW
2024-01-21 04:45:00,J-107,1,2,LOW
2024-01-21 04:45:00,J-108,8,3,LOW
2024-01-21 05:00:00,J-101,7,2,LOW
2024-01-21 05:00:00,J-102,7,3,LOW
2024-01-21 05:00:00,J-103,5,3,LOW
2024-01-21 05:00:00,J-104,4,2,LOW
2024-01-21 05:00:00,J-105,2,2,LOW
2024-01-21 05:00:00,J-106,2,3,LOW
2024-01-21 05:00:00,J-107,1,2,LOW
2024-01-21 05:00:00,J-108,7,3,LOW
2024-01-21 05:15:00,J-101,27,10,LOW
2024-01-21 05:15:00,J-102,27,12,LOW
2024-01-21 05:15:00,J-103,15,9,LOW
2024-01-21 05:15:00,J-104,11,7,LOW
2024-01-21 05:15:00,J-105,9,9,LOW
2024-01-21 05:15:00,J-106,5,8,LOW
2024-01-21 05:15:00,J-107,4,8,LOW
2024-01-21 05:15:00,J-108,21,9,LOW
2024-01-21 05:30:00,J-101,30,12,LOW
2024-01-21 05:30:00,J-102,34,15,LOW
2024-01-21 05:30:00,J-103,19,12,LOW
2024-01-21 05:30:00,J-104,16,11,LOW
2024-01-21 05:30:00,J-105,10,10,LOW
2024-01-21 05:30:00,J-106,8,13,LOW
2024-01-21 05:30:00,J-107,5,10,LOW
2024-01-21 05:30:00,J-108,29,12,LOW
2024-01-21 05:45:00,J-101,38,15,LOW
2024-01-21 05:45:00,J-102,32,14,LOW
2024-01-21 05:45:00,J-103,22,14,LOW
2024-01-21 05:45:00,J-104,18,13,LOW
2024-01-21 05:45:00,J-105,11,11,LOW
2024-01-21 05:45:00,J-106,7,11,LOW
2024-01-21 05:45:00,J-107,4,8,LOW
2024-01-21 05:45:00,J-108,30,13,LOW
2024-01-21 06:00:00,J-101,26,10,LOW
2024-01-21 06:00:00,J-102,29,13,LOW
2024-01-21 06:00:00,J-103,18,11,LOW
2024-01-21 06:00:00,J-104,18,13,LOW
2024-01-21 06:00:00,J-105,12,13,LOW
2024-01-21 06:00:00,J-106,8,13,LOW
2024-01-21 06:00:00,J-107,6,13,LOW
2024-01-21 06:00:00,J-108,32,13,LOW
2024-01-21 06:15:00,J-101,30,12,LOW
2024-01-21 06:15:00,J-102,30,13,LOW
2024-01-21 06:15:00,J-103,15,9,LOW
2024-01-21 06:15:00,J-104,16,11,LOW
2024-01-21 06:15:00,J-105,10,10,LOW
2024-01-21 06:15:00,J-106,8,13,LOW
2024-01-21 06:15:00,J-107,4,8,LOW
2024-01-21 06:15:00,J-108,29,12,LOW
2024-01-21 06:30:00,J-101,31,12,LOW
2024-01-21 06:30:00,J-102,23,10,LOW
2024-01-21 06:30:00,J-103,17,11,LOW
2024-01-21 06:30:00,J-104,,8,LOW
2024-01-21 06:30:00,J-105,12,13,LOW
2024-01-21 06:30:00,J-106,6,9,LOW
2024-01-21 06:30:00,J-107,5,10,LOW
2024-01-21 06:30:00,J-108,25,10,LOW
2024-01-21 06:45:00,J-101,26,10,LOW
2024-01-21 06:45:00,J-102,30,13,LOW
2024-01-21 06:45:00,J-103,14,9,LOW
2024-01-21 06:45:00,J-104,17,12,LOW
2024-01-21 06:45:00,J-105,12,13,LOW
2024-01-21 06:45:00,J-106,7,11,LOW
2024-01-21 06:45:00,J-107,6,13,LOW
2024-01-21 06:45:00,J-108,34,14,LOW
2024-01-21 07:00:00,J-101,36,14,LOW
2024-01-21 07:00:00,J-102,28,13,LOW
2024-01-21 07:00:00,J-103,21,13,LOW
2024-01-21 07:00:00,J-104,14,10,LOW
2024-01-21 07:00:00,J-105,10,10,LOW
2024-01-21 07:00:00,J-106,6,9,LOW
2024-01-21 07:00:00,J-107,6,13,LOW
2024-01-21 07:00:00,J-108,29,12,LOW
2024-01-21 07:15:00,J-101,31,12,LOW
2024-01-21 07:15:00,J-102,33,15,LOW
2024-01-21 07:15:00,J-103,16,10,LOW
2024-01-21 07:15:00,J-104,15,10,LOW
2024-01-21 07:15:00,J-105,15,16,LOW
2024-01-21 07:15:00,J-106,7,11,LOW
2024-01-21 07:15:00,J-107,5,10,LOW
2024-01-21 07:15:00,J-108,30,13,LOW
2024-01-21 07:30:00,J-101,31,12,LOW
2024-01-21 07:30:00,J-102,31,14,LOW
2024-01-21 07:30:00,J-103,18,11,LOW
2024-01-21 07:30:00,J-104,20,14,LOW
2024-01-21 07:30:00,J-105,13,14,LOW
2024-01-21 07:30:00,J-106,8,13,LOW
2024-01-21 07:30:00,J-107,5,10,LOW
2024-01-21 07:30:00,J-108,30,13,LOW
2024-01-21 07:45:00,J-101,27,10,LOW
2024-01-21 07:45:00,J-102,24,11,LOW
2024-01-21 07:45:00,J-103,17,11,LOW
2024-01-21 07:45:00,J-104,18,13,LOW
2024-01-21 07:45:00,J-105,12,13,LOW
2024-01-21 07:45:00,J-106,7,11,LOW
2024-01-21 07:45:00,J-107,5,10,LOW
2024-01-21 07:45:00,J-108,34,14,LOW
2024-01-21 08:00:00,J-101,32,13,LOW
2024-01-21 08:00:00,J-102,25,11,LOW
2024-01-21 08:00:00,J-103,16,10,LOW
2024-01-21 08:00:00,J-104,17,12,LOW
2024-01-21 08:00:00,J-105,11,11,LOW
2024-01-21 08:00:00,J-106,7,11,LOW
2024-01-21 08:00:00,J-107,7,15,LOW
2024-01-21 08:00:00,J-108,27,11,LOW
2024-01-21 08:15:00,J-101,29,11,LOW
2024-01-21 08:15:00,J-102,24,11,LOW
2024-01-21 08:15:00,J-103,22,14,LOW
2024-01-21 08:15:00,J-104,16,11,LOW
2024-01-21 08:15:00,J-105,11,11,LOW
2024-01-21 08:15:00,J-106,6,9,LOW
2024-01-21 08:15:00,J-107,5,10,LOW
2024-01-21 08:15:00,J-108,28,12,LOW
2024-01-21 08:30:00,J-101,33,13,LOW
2024-01-21 08:30:00,J-102,29,13,LOW
2024-01-21 08:30:00,J-103,21,13,LOW
2024-01-21 08:30:00,J-104,15,10,LOW
2024-01-21 08:30:00,J-105,15,16,LOW
2024-01-21 08:30:00,J-106,9,14,LOW
2024-01-21 08:30:00,J-107,5,10,LOW
2024-01-21 08:30:00,J-108,24,10,LOW
2024-01-21 08:45:00,J-101,35,14,LOW
2024-01-21 08:45:00,J-102,28,13,LOW
2024-01-21 08:45:00,J-103,15,9,LOW
2024-01-21 08:45:00,J-104,16,11,LOW
2024-01-21 08:45:00,J-105,12,13,LOW
2024-01-21 08:45:00,J-106,7,11,LOW
2024-01-21 08:45:00,J-107,5,10,LOW
2024-01-21 08:45:00,J-108,26,11,LOW
2024-01-21 09:00:00,J-101,30,12,LOW
2024-01-21 09:00:00,J-102,21,9,LOW
2024-01-21 09:00:00,J-103,19,12,LOW
2024-01-21 09:00:00,J-104,18,13,LOW
2024-01-21 09:00:00,J-105,11,11,LOW
2024-01-21 09:00:00,J-106,8,13,LOW
2024-01-21 09:00:00,J-107,5,10,LOW
2024-01-21 09:00:00,J-108,28,12,LOW
2024-01-21 09:15:00,J-101,37,15,LOW
2024-01-21 09:15:00,J-102,27,12,LOW
2024-01-21 09:15:00,J-103,19,12,LOW
2024-01-21 09:15:00,J-104,17,12,LOW
2024-01-21 09:15:00,J-105,16,17,LOW
2024-01-21 09:15:00,J-106,6,9,LOW
2024-01-21 09:15:00,J-107,6,13,LOW
2024-01-21 09:15:00,J-108,32,13,LOW
2024-01-21 09:30:00,J-101,32,13,LOW
2024-01-21 09:30:00,J-102,23,10,LOW
2024-01-21 09:30:00,J-103,17,11,LOW
2024-01-21 09:30:00,J-104,15,10,LOW
2024-01-21 09:30:00,J-105,12,13,LOW
2024-01-21 09:30:00,J-106,6,9,LOW
2024-01-21 09:30:00,J-107,5,10,LOW
2024-01-21 09:30:00,J-108,28,12,LOW
2024-01-21 09:45:00,J-101,27,10,LOW
2024-01-21 09:45:00,J-102,28,13,LOW
2024-01-21 09:45:00,J-103,19,12,LOW
2024-01-21 09:45:00,J-104,15,10,LOW
2024-01-21 09:45:00,J-105,10,10,LOW
2024-01-21 09:45:00,J-106,6,9,LOW
2024-01-21 09:45:00,J-107,5,10,LOW
2024-01-21 09:45:00,J-108,26,11,LOW
2024-01-21 10:00:00,J-101,89,36,LOW
2024-01-21 10:00:00,J-102,75,34,LOW
2024-01-21 10:00:00,J-103,59,38,LOW
2024-01-21 10:00:00,J-104,48,34,LOW
2024-01-21 10:00:00,J-105,22,23,LOW
2024-01-21 10:00:00,J-106,15,24,LOW
2024-01-21 10:00:00,J-107,18,39,LOW
2024-01-21 10:00:00,J-108,75,32,LOW
2024-01-21 10:15:00,J-101,97,39,LOW
2024-01-21 10:15:00,J-102,78,36,LOW
2024-01-21 10:15:00,J-103,53,34,LOW
2024-01-21 10:15:00,J-104,57,41,MODERATE
2024-01-21 10:15:00,J-105,37,40,MODERATE
2024-01-21 10:15:00,J-106,24,39,LOW
2024-01-21 10:15:00,J-107,17,36,LOW
2024-01-21 10:15:00,J-108,76,32,LOW
2024-01-21 10:30:00,J-101,105,42,MODERATE
2024-01-21 10:30:00,J-102,97,45,MODERATE
2024-01-21 10:30:00,J-103,61,39,LOW
2024-01-21 10:30:00,J-104,61,44,MODERATE
2024-01-21 10:30:00,J-105,38,41,MODERATE
2024-01-21 10:30:00,J-106,27,43,MODERATE
2024-01-21 10:30:00,J-107,18,39,LOW
2024-01-21 10:30:00,J-108,84,36,LOW
2024-01-21 10:45:00,J-101,107,43,MODERATE
2024-01-21 10:45:00,J-102,92,42,MODERATE
2024-01-21 10:45:00,J-103,65,42,MODERATE
2024-01-21 10:45:00,J-104,70,50,MODERATE
2024-01-21 10:45:00,J-105,44,47,MODERATE
2024-01-21 10:45:00,J-106,21,34,LOW
2024-01-21 10:45:00,J-107,21,45,MODERATE
2024-01-21 10:45:00,J-108,72,31,LOW
2024-01-21 11:00:00,J-101,118,47,MODERATE
2024-01-21 11:00:00,J-102,102,47,MODERATE
2024-01-21 11:00:00,J-103,81,52,MODERATE
2024-01-21 11:00:00,J-104,54,39,LOW
2024-01-21 11:00:00,J-105,34,36,LOW
2024-01-21 11:00:00,J-106,24,39,LOW
2024-01-21 11:00:00,J-107,21,45,MODERATE
2024-01-21 11:00:00,J-108,101,43,MODERATE
2024-01-21 11:15:00,J-101,117,47,MODERATE
2024-01-21 11:15:00,J-102,115,53,MODERATE
2024-01-21 11:15:00,J-103,72,46,MODERATE
2024-01-21 11:15:00,J-104,65,46,MODERATE
2024-01-21 11:15:00,J-105,38,41,MODERATE
2024-01-21 11:15:00,J-106,29,47,MODERATE
2024-01-21 11:15:00,J-107,24,52,MODERATE
2024-01-21 11:15:00,J-108,124,53,MODERATE
2024-01-21 11:30:00,J-101,70,28,LOW
2024-01-21 11:30:00,J-102,72,33,LOW
2024-01-21 11:30:00,J-103,50,32,LOW
2024-01-21 11:30:00,J-104,40,28,LOW
2024-01-21 11:30:00,J-105,26,28,LOW
2024-01-21 11:30:00,J-106,19,30,LOW
2024-01-21 11:30:00,J-107,15,32,LOW
2024-01-21 11:30:00,J-108,80,34,LOW
2024-01-21 11:45:00,J-101,53,21,LOW
2024-01-21 11:45:00,J-102,48,22,LOW
2024-01-21 11:45:00,J-103,47,30,LOW
2024-01-21 11:45:00,J-104,47,33,LOW
2024-01-21 11:45:00,J-105,27,29,LOW
2024-01-21 11:45:00,J-106,19,30,LOW
2024-01-21 11:45:00,J-107,17,36,LOW
2024-01-21 11:45:00,J-108,81,35,LOW
2024-01-21 12:00:00,J-101,123,49,MODERATE
2024-01-21 12:00:00,J-102,120,55,MODERATE
2024-01-21 12:00:00,J-103,66,42,MODERATE
2024-01-21 12:00:00,J-104,63,45,MODERATE
2024-01-21 12:00:00,J-105,54,58,MODERATE
2024-01-21 12:00:00,J-106,31,50,MODERATE
2024-01-21 12:00:00,J-107,22,47,MODERATE
2024-01-21 12:00:00,J-108,,45,MODERATE
2024-01-21 12:15:00,J-101,135,54,MODERATE
2024-01-21 12:15:00,J-102,130,60,MODERATE
2024-01-21 12:15:00,J-103,70,45,MODERATE
2024-01-21 12:15:00,J-104,94,67,MODERATE
2024-01-21 12:15:00,J-105,53,57,MODERATE
2024-01-21 12:15:00,J-106,32,52,MODERATE
2024-01-21 12:15:00,J-107,21,45,MODERATE
2024-01-21 12:15:00,J-108,114,49,MODERATE
2024-01-21 12:30:00,J-101,129,52,MODERATE
2024-01-21 12:30:00,J-102,131,60,MODERATE
2024-01-21 12:30:00,J-103,81,52,MODERATE
2024-01-21 12:30:00,J-104,82,59,MODERATE
2024-01-21 12:30:00,J-105,40,43,MODERATE
2024-01-21 12:30:00,J-106,32,52,MODERATE
2024-01-21 12:30:00,J-107,20,43,MODERATE
2024-01-21 12:30:00,J-108,100,43,MODERATE
2024-01-21 12:45:00,J-101,126,51,MODERATE
2024-01-21 12:45:00,J-102,91,42,MODERATE
2024-01-21 12:45:00,J-103,52,33,LOW
2024-01-21 12:45:00,J-104,53,38,LOW
2024-01-21 12:45:00,J-105,45,48,MODERATE
2024-01-21 12:45:00,J-106,26,42,MODERATE
2024-01-21 12:45:00,J-107,23,49,MODERATE
2024-01-21 12:45:00,J-108,107,46,MODERATE
2024-01-21 13:00:00,J-101,82,33,LOW
2024-01-21 13:00:00,J-102,108,50,MODERATE
2024-01-21 13:00:00,J-103,57,37,LOW
2024-01-21 13:00:00,J-104,53,38,LOW
2024-01-21 13:00:00,J-105,38,41,MODERATE
2024-01-21 13:00:00,J-106,26,42,MODERATE
2024-01-21 13:00:00,J-107,19,41,MODERATE
2024-01-21 13:00:00,J-108,75,32,LOW
2024-01-21 13:15:00,J-101,101,41,MODERATE
2024-01-21 13:15:00,J-102,89,41,MODERATE
2024-01-21 13:15:00,J-103,75,48,MODERATE
2024-01-21 13:15:00,J-104,56,40,MODERATE
2024-01-21 13:15:00,J-105,44,47,MODERATE
2024-01-21 13:15:00,J-106,20,32,LOW
2024-01-21 13:15:00,J-107,22,47,MODERATE
2024-01-21 13:15:00,J-108,73,31,LOW
2024-01-21 13:30:00,J-101,112,45,MODERATE
2024-01-21 13:30:00,J-102,89,41,MODERATE
2024-01-21 13:30:00,J-103,61,39,LOW
2024-01-21 13:30:00,J-104,57,41,MODERATE
2024-01-21 13:30:00,J-105,47,50,MODERATE
2024-01-21 13:30:00,J-106,33,53,MODERATE
2024-01-21 13:30:00,J-107,18,39,LOW
2024-01-21 13:30:00,J-108,112,48,MODERATE
2024-01-21 13:45:00,J-101,108,43,MODERATE
2024-01-21 13:45:00,J-102,94,43,MODERATE
2024-01-21 13:45:00,J-103,68,44,MODERATE
2024-01-21 13:45:00,J-104,55,39,LOW
2024-01-21 13:45:00,J-105,25,27,LOW
2024-01-21 13:45:00,J-106,27,43,MODERATE
2024-01-21 13:45:00,J-107,17,36,LOW
2024-01-21 13:45:00,J-108,92,39,LOW
2024-01-21 14:00:00,J-101,77,31,LOW
2024-01-21 14:00:00,J-102,77,35,LOW
2024-01-21 14:00:00,J-103,55,35,LOW
2024-01-21 14:00:00,J-104,57,41,MODERATE
2024-01-21 14:00:00,J-105,27,29,LOW
2024-01-21 14:00:00,J-106,16,26,LOW
2024-01-21 14:00:00,J-107,13,28,LOW
2024-01-21 14:00:00,J-108,76,32,LOW
2024-01-21 14:15:00,J-101,35,14,LOW
2024-01-21 14:15:00,J-102,28,13,LOW
2024-01-21 14:15:00,J-103,23,14,LOW
2024-01-21 14:15:00,J-104,19,13,LOW
2024-01-21 14:15:00,J-105,11,11,LOW
2024-01-21 14:15:00,J-106,7,11,LOW
2024-01-21 14:15:00,J-107,6,13,LOW
2024-01-21 14:15:00,J-108,27,11,LOW
2024-01-21 14:30:00,J-101,15,6,LOW
2024-01-21 14:30:00,J-102,18,8,LOW
2024-01-21 14:30:00,J-103,13,8,LOW
2024-01-21 14:30:00,J-104,12,8,LOW
2024-01-21 14:30:00,J-105,7,7,LOW
2024-01-21 14:30:00,J-106,4,6,LOW
2024-01-21 14:30:00,J-107,3,6,LOW
2024-01-21 14:30:00,J-108,21,9,LOW
2024-01-21 14:45:00,J-101,20,8,LOW
2024-01-21 14:45:00,J-102,17,7,LOW
2024-01-21 14:45:00,J-103,15,9,LOW
2024-01-21 14:45:00,J-104,11,7,LOW
2024-01-21 14:45:00,J-105,8,8,LOW
2024-01-21 14:45:00,J-106,5,8,LOW
2024-01-21 14:45:00,J-107,5,10,LOW
2024-01-21 14:45:00,J-108,25,10,LOW
2024-01-21 15:00:00,J-101,30,12,LOW
2024-01-21 15:00:00,J-102,28,13,LOW
2024-01-21 15:00:00,J-103,15,9,LOW
2024-01-21 15:00:00,J-104,19,13,LOW
2024-01-21 15:00:00,J-105,12,13,LOW
2024-01-21 15:00:00,J-106,7,11,LOW
2024-01-21 15:00:00,J-107,4,8,LOW
2024-01-21 15:00:00,J-108,23,9,LOW
2024-01-21 15:15:00,J-101,32,13,LOW
2024-01-21 15:15:00,J-102,23,10,LOW
2024-01-21 15:15:00,J-103,18,11,LOW
2024-01-21 15:15:00,J-104,17,12,LOW
2024-01-21 15:15:00,J-105,12,13,LOW
2024-01-21 15:15:00,J-106,5,8,LOW
2024-01-21 15:15:00,J-107,6,13,LOW
2024-01-21 15:15:00,J-108,27,11,LOW
2024-01-21 15:30:00,J-101,28,11,LOW
2024-01-21 15:30:00,J-102,28,13,LOW
2024-01-21 15:30:00,J-103,15,9,LOW
2024-01-21 15:30:00,J-104,19,13,LOW
2024-01-21 15:30:00,J-105,12,13,LOW
2024-01-21 15:30:00,J-106,5,8,LOW
2024-01-21 15:30:00,J-107,6,13,LOW
2024-01-21 15:30:00,J-108,34,14,LOW
2024-01-21 15:45:00,J-101,30,12,LOW
2024-01-21 15:45:00,J-102,21,9,LOW
2024-01-21 15:45:00,J-103,20,13,LOW
2024-01-21 15:45:00,J-104,19,13,LOW
2024-01-21 15:45:00,J-105,11,11,LOW
2024-01-21 15:45:00,J-106,7,11,LOW
2024-01-21 15:45:00,J-107,5,10,LOW
2024-01-21 15:45:00,J-108,31,13,LOW
2024-01-21 16:00:00,J-101,83,33,LOW
2024-01-21 16:00:00,J-102,59,27,LOW
2024-01-21 16:00:00,J-103,52,33,LOW
2024-01-21 16:00:00,J-104,45,32,LOW
2024-01-21 16:00:00,J-105,29,31,LOW
2024-01-21 16:00:00,J-106,20,32,LOW
2024-01-21 16:00:00,J-107,14,30,LOW
2024-01-21 16:00:00,J-108,70,30,LOW
2024-01-21 16:15:00,J-101,93,37,LOW
2024-01-21 16:15:00,J-102,70,32,LOW
2024-01-21 16:15:00,J-103,55,35,LOW
2024-01-21 16:15:00,J-104,40,28,LOW
2024-01-21 16:15:00,J-105,29,31,LOW
2024-01-21 16:15:00,J-106,20,32,LOW
2024-01-21 16:15:00,J-107,17,36,LOW
2024-01-21 16:15:00,J-108,85,36,LOW
2024-01-21 16:30:00,J-101,83,33,LOW
2024-01-21 16:30:00,J-102,86,39,LOW
2024-01-21 16:30:00,J-103,58,37,LOW
2024-01-21 16:30:00,J-104,40,28,LOW
2024-01-21 16:30:00,J-105,32,34,LOW
2024-01-21 16:30:00,J-106,18,29,LOW
2024-01-21 16:30:00,J-107,21,45,MODERATE
2024-01-21 16:30:00,J-108,71,30,LOW
2024-01-21 16:45:00,J-101,92,37,LOW
2024-01-21 16:45:00,J-102,78,36,LOW
2024-01-21 16:45:00,J-103,55,35,LOW
2024-01-21 16:45:00,J-104,56,40,MODERATE
2024-01-21 16:45:00,J-105,34,36,LOW
2024-01-21 16:45:00,J-106,24,39,LOW
2024-01-21 16:45:00,J-107,17,36,LOW
2024-01-21 16:45:00,J-108,75,32,LOW
2024-01-21 17:00:00,J-101,88,35,LOW
2024-01-21 17:00:00,J-102,56,26,LOW
2024-01-21 17:00:00,J-103,49,31,LOW
2024-01-21 17:00:00,J-104,54,39,LOW
2024-01-21 17:00:00,J-105,32,34,LOW
2024-01-21 17:00:00,J-106,14,22,LOW
2024-01-21 17:00:00,J-107,17,36,LOW
2024-01-21 17:00:00,J-108,78,33,LOW
2024-01-21 17:15:00,J-101,91,36,LOW
2024-01-21 17:15:00,J-102,95,44,MODERATE
2024-01-21 17:15:00,J-103,67,43,MODERATE
2024-01-21 17:15:00,J-104,66,47,MODERATE
2024-01-21 17:15:00,J-105,35,37,LOW
2024-01-21 17:15:00,J-106,18,29,LOW
2024-01-21 17:15:00,J-107,19,41,MODERATE
2024-01-21 17:15:00,J-108,80,34,LOW
2024-01-21 17:30:00,J-101,103,41,MODERATE
2024-01-21 17:30:00,J-102,72,33,LOW
2024-01-21 17:30:00,J-103,69,44,MODERATE
2024-01-21 17:30:00,J-104,73,52,MODERATE
2024-01-21 17:30:00,J-105,36,39,LOW
2024-01-21 17:30:00,J-106,,42,MODERATE
2024-01-21 17:30:00,J-107,19,41,MODERATE
2024-01-21 17:30:00,J-108,110,47,MODERATE
2024-01-21 17:45:00,J-101,80,32,LOW
2024-01-21 17:45:00,J-102,91,42,MODERATE
2024-01-21 17:45:00,J-103,58,37,LOW
2024-01-21 17:45:00,J-104,49,35,LOW
2024-01-21 17:45:00,J-105,38,41,MODERATE
2024-01-21 17:45:00,J-106,25,40,MODERATE
2024-01-21 17:45:00,J-107,20,43,MODERATE
2024-01-21 17:45:00,J-108,82,35,LOW
2024-01-21 18:00:00,J-101,80,32,LOW
2024-01-21 18:00:00,J-102,74,34,LOW
2024-01-21 18:00:00,J-103,52,33,LOW
2024-01-21 18:00:00,J-104,48,34,LOW
2024-01-21 18:00:00,J-105,33,35,LOW
2024-01-21 18:00:00,J-106,20,32,LOW
2024-01-21 18:00:00,J-107,15,32,LOW
2024-01-21 18:00:00,J-108,73,31,LOW
2024-01-21 18:15:00,J-101,82,33,LOW
2024-01-21 18:15:00,J-102,88,40,MODERATE
2024-01-21 18:15:00,J-103,57,37,LOW
2024-01-21 18:15:00,J-104,40,28,LOW
2024-01-21 18:15:00,J-105,26,28,LOW
2024-01-21 18:15:00,J-106,18,29,LOW
2024-01-21 18:15:00,J-107,17,36,LOW
2024-01-21 18:15:00,J-108,89,38,LOW
2024-01-21 18:30:00,J-101,69,28,LOW
2024-01-21 18:30:00,J-102,83,38,LOW
2024-01-21 18:30:00,J-103,59,38,LOW
2024-01-21 18:30:00,J-104,69,49,MODERATE
2024-01-21 18:30:00,J-105,37,40,MODERATE
2024-01-21 18:30:00,J-106,21,34,LOW
2024-01-21 18:30:00,J-107,18,39,LOW
2024-01-21 18:30:00,J-108,73,31,LOW
2024-01-21 18:45:00,J-101,118,47,MODERATE
2024-01-21 18:45:00,J-102,91,42,MODERATE
2024-01-21 18:45:00,J-103,60,39,LOW
2024-01-21 18:45:00,J-104,65,46,MODERATE
2024-01-21 18:45:00,J-105,42,45,MODERATE
2024-01-21 18:45:00,J-106,23,37,LOW
2024-01-21 18:45:00,J-107,19,41,MODERATE
2024-01-21 18:45:00,J-108,90,39,LOW
2024-01-21 19:00:00,J-101,78,31,LOW
2024-01-21 19:00:00,J-102,91,42,MODERATE
2024-01-21 19:00:00,J-103,70,45,MODERATE
2024-01-21 19:00:00,J-104,57,41,MODERATE
2024-01-21 19:00:00,J-105,34,36,LOW
2024-01-21 19:00:00,J-106,22,35,LOW
2024-01-21 19:00:00,J-107,18,39,LOW
2024-01-21 19:00:00,J-108,59,25,LOW
2024-01-21 19:15:00,J-101,98,39,LOW
2024-01-21 19:15:00,J-102,83,38,LOW
2024-01-21 19:15:00,J-103,63,40,MODERATE
2024-01-21 19:15:00,J-104,46,33,LOW
2024-01-21 19:15:00,J-105,38,41,MODERATE
2024-01-21 19:15:00,J-106,21,34,LOW
2024-01-21 19:15:00,J-107,16,34,LOW
2024-01-21 19:15:00,J-108,93,40,MODERATE
2024-01-21 19:30:00,J-101,79,32,LOW
2024-01-21 19:30:00,J-102,81,37,LOW
2024-01-21 19:30:00,J-103,48,31,LOW
2024-01-21 19:30:00,J-104,43,31,LOW
2024-01-21 19:30:00,J-105,25,27,LOW
2024-01-21 19:30:00,J-106,22,35,LOW
2024-01-21 19:30:00,J-107,15,32,LOW
2024-01-21 19:30:00,J-108,57,24,LOW
2024-01-21 19:45:00,J-101,70,28,LOW
2024-01-21 19:45:00,J-102,60,27,LOW
2024-01-21 19:45:00,J-103,36,23,LOW
2024-01-21 19:45:00,J-104,44,31,LOW
2024-01-21 19:45:00,J-105,25,27,LOW
2024-01-21 19:45:00,J-106,17,27,LOW
2024-01-21 19:45:00,J-107,12,26,LOW
2024-01-21 19:45:00,J-108,68,29,LOW
2024-01-21 20:00:00,J-101,69,28,LOW
2024-01-21 20:00:00,J-102,58,26,LOW
2024-01-21 20:00:00,J-103,48,31,LOW
2024-01-21 20:00:00,J-104,40,28,LOW
2024-01-21 20:00:00,J-105,29,31,LOW
2024-01-21 20:00:00,J-106,16,26,LOW
2024-01-21 20:00:00,J-107,12,26,LOW
2024-01-21 20:00:00,J-108,65,28,LOW
2024-01-21 20:15:00,J-101,29,11,LOW
2024-01-21 20:15:00,J-102,24,11,LOW
2024-01-21 20:15:00,J-103,16,10,LOW
2024-01-21 20:15:00,J-104,21,15,LOW
2024-01-21 20:15:00,J-105,11,11,LOW
2024-01-21 20:15:00,J-106,6,9,LOW
2024-01-21 20:15:00,J-107,6,13,LOW
2024-01-21 20:15:00,J-108,31,13,LOW
2024-01-21 20:30:00,J-101,25,10,LOW
2024-01-21 20:30:00,J-102,19,8,LOW
2024-01-21 20:30:00,J-103,20,13,LOW
2024-01-21 20:30:00,J-104,16,11,LOW
2024-01-21 20:30:00,J-105,11,11,LOW
2024-01-21 20:30:00,J-106,8,13,LOW
2024-01-21 20:30:00,J-107,5,10,LOW
2024-01-21 20:30:00,J-108,36,15,LOW
2024-01-21 20:45:00,J-101,30,12,LOW
2024-01-21 20:45:00,J-102,25,11,LOW
2024-01-21 20:45:00,J-103,19,12,LOW
2024-01-21 20:45:00,J-104,18,13,LOW
2024-01-21 20:45:00,J-105,8,8,LOW
2024-01-21 20:45:00,J-106,6,9,LOW
2024-01-21 20:45:00,J-107,6,13,LOW
2024-01-21 20:45:00,J-108,23,9,LOW
2024-01-21 21:00:00,J-101,34,13,LOW
2024-01-21 21:00:00,J-102,25,11,LOW
2024-01-21 21:00:00,J-103,17,11,LOW
2024-01-21 21:00:00,J-104,19,13,LOW
2024-01-21 21:00:00,J-105,12,13,LOW
2024-01-21 21:00:00,J-106,8,13,LOW
2024-01-21 21:00:00,J-107,4,8,LOW
2024-01-21 21:00:00,J-108,25,10,LOW
2024-01-21 21:15:00,J-101,24,9,LOW
2024-01-21 21:15:00,J-102,29,13,LOW
2024-01-21 21:15:00,J-103,19,12,LOW
2024-01-21 21:15:00,J-104,16,11,LOW
2024-01-21 21:15:00,J-105,11,11,LOW
2024-01-21 21:15:00,J-106,7,11,LOW
2024-01-21 21:15:00,J-107,6,13,LOW
2024-01-21 21:15:00,J-108,31,13,LOW
2024-01-21 21:30:00,J-101,35,14,LOW
2024-01-21 21:30:00,J-102,32,14,LOW
2024-01-21 21:30:00,J-103,21,13,LOW
2024-01-21 21:30:00,J-104,13,9,LOW
2024-01-21 21:30:00,J-105,12,13,LOW
2024-01-21 21:30:00,J-106,7,11,LOW
2024-01-21 21:30:00,J-107,6,13,LOW
2024-01-21 21:30:00,J-108,30,13,LOW
2024-01-21 21:45:00,J-101,29,11,LOW
2024-01-21 21:45:00,J-102,23,10,LOW
2024-01-21 21:45:00,J-103,16,10,LOW
2024-01-21 21:45:00,J-104,14,10,LOW
2024-01-21 21:45:00,J-105,9,9,LOW
2024-01-21 21:45:00,J-106,6,9,LOW
2024-01-21 21:45:00,J-107,4,8,LOW
2024-01-21 21:45:00,J-108,23,9,LOW
2024-01-21 22:00:00,J-101,31,12,LOW
2024-01-21 22:00:00,J-102,27,12,LOW
2024-01-21 22:00:00,J-103,24,15,LOW
2024-01-21 22:00:00,J-104,22,15,LOW
2024-01-21 22:00:00,J-105,12,13,LOW
2024-01-21 22:00:00,J-106,8,13,LOW
2024-01-21 22:00:00,J-107,5,10,LOW
2024-01-21 22:00:00,J-108,36,15,LOW
2024-01-21 22:15:00,J-101,35,14,LOW
2024-01-21 22:15:00,J-102,29,13,LOW
2024-01-21 22:15:00,J-103,22,14,LOW
2024-01-21 22:15:00,J-104,18,13,LOW
2024-01-21 22:15:00,J-105,10,10,LOW
2024-01-21 22:15:00,J-106,7,11,LOW
2024-01-21 22:15:00,J-107,6,13,LOW
2024-01-21 22:15:00,J-108,26,11,LOW
2024-01-21 22:30:00,J-101,37,15,LOW
2024-01-21 22:30:00,J-102,33,15,LOW
2024-01-21 22:30:00,J-103,19,12,LOW
2024-01-21 22:30:00,J-104,17,12,LOW
2024-01-21 22:30:00,J-105,12,13,LOW
2024-01-21 22:30:00,J-106,7,11,LOW
2024-01-21 22:30:00,J-107,6,13,LOW
2024-01-21 22:30:00,J-108,31,13,LOW
2024-01-21 22:45:00,J-101,,12,LOW
2024-01-21 22:45:00,J-102,28,13,LOW
2024-01-21 22:45:00,J-103,18,11,LOW
2024-01-21 22:45:00,J-104,17,12,LOW
2024-01-21 22:45:00,J-105,9,9,LOW
2024-01-21 22:45:00,J-106,8,13,LOW
2024-01-21 22:45:00,J-107,6,13,LOW
2024-01-21 22:45:00,J-108,31,13,LOW
2024-01-21 23:00:00,J-101,33,13,LOW
2024-01-21 23:00:00,J-102,21,9,LOW
2024-01-21 23:00:00,J-103,18,11,LOW
2024-01-21 23:00:00,J-104,16,11,LOW
2024-01-21 23:00:00,J-105,12,13,LOW
2024-01-21 23:00:00,J-106,9,14,LOW
2024-01-21 23:00:00,J-107,5,10,LOW
2024-01-21 23:00:00,J-108,23,9,LOW
2024-01-21 23:15:00,J-101,36,14,LOW
2024-01-21 23:15:00,J-102,25,11,LOW
2024-01-21 23:15:00,J-103,16,10,LOW
2024-01-21 23:15:00,J-104,17,12,LOW
2024-01-21 23:15:00,J-105,10,10,LOW
2024-01-21 23:15:00,J-106,7,11,LOW
2024-01-21 23:15:00,J-107,4,8,LOW
2024-01-21 23:15:00,J-108,34,14,LOW
2024-01-21 23:30:00,J-101,28,11,LOW
2024-01-21 23:30:00,J-102,22,10,LOW
2024-01-21 23:30:00,J-103,16,10,LOW
2024-01-21 23:30:00,J-104,10,7,LOW
2024-01-21 23:30:00,J-105,10,10,LOW
2024-01-21 23:30:00,J-106,6,9,LOW
2024-01-21 23:30:00,J-107,5,10,LOW
2024-01-21 23:30:00,J-108,29,12,LOW
2024-01-21 23:45:00,J-101,25,10,LOW
2024-01-21 23:45:00,J-102,24,11,LOW
2024-01-21 23:45:00,J-103,17,11,LOW
2024-01-21 23:45:00,J-104,16,11,LOW
2024-01-21 23:45:00,J-105,9,9,LOW
2024-01-21 23:45:00,J-106,5,8,LOW
2024-01-21 23:45:00,J-107,4,8,LOW
2024-01-21 23:45:00,J-108,25,10,LOW
2024-01-22 00:00:00,J-101,31,12,LOW
2024-01-22 00:00:00,J-102,25,11,LOW
2024-01-22 00:00:00,J-103,22,14,LOW
2024-01-22 00:00:00,J-104,17,12,LOW
2024-01-22 00:00:00,J-105,12,13,LOW
2024-01-22 00:00:00,J-106,6,9,LOW
2024-01-22 00:00:00,J-107,,10,LOW
2024-01-22 00:00:00,J-108,35,15,LOW
2024-01-22 00:15:00,J-101,29,11,LOW
2024-01-22 00:15:00,J-102,26,12,LOW
2024-01-22 00:15:00,J-103,20,13,LOW
2024-01-22 00:15:00,J-104,19,13,LOW
2024-01-22 00:15:00,J-105,,14,LOW
2024-01-22 00:15:00,J-106,,11,LOW
2024-01-22 00:15:00,J-107,6,13,LOW
2024-01-22 00:15:00,J-108,31,13,LOW
2024-01-22 00:30:00,J-101,27,10,LOW
2024-01-22 00:30:00,J-102,25,11,LOW
2024-01-22 00:30:00,J-103,18,11,LOW
2024-01-22 00:30:00,J-104,17,12,LOW
2024-01-22 00:30:00,J-105,9,9,LOW
2024-01-22 00:30:00,J-106,7,11,LOW
2024-01-22 00:30:00,J-107,5,10,LOW
2024-01-22 00:30:00,J-108,22,9,LOW
2024-01-22 00:45:00,J-101,31,12,LOW
2024-01-22 00:45:00,J-102,23,10,LOW
2024-01-22 00:45:00,J-103,22,14,LOW
2024-01-22 00:45:00,J-104,18,13,LOW
2024-01-22 00:45:00,J-105,11,11,LOW
2024-01-22 00:45:00,J-106,8,13,LOW
2024-01-22 00:45:00,J-107,6,13,LOW
2024-01-22 00:45:00,J-108,29,12,LOW
2024-01-22 01:00:00,J-101,5,2,LOW
2024-01-22 01:00:00,J-102,4,1,LOW
2024-01-22 01:00:00,J-103,2,1,LOW
2024-01-22 01:00:00,J-104,3,2,LOW
2024-01-22 01:00:00,J-105,1,1,LOW
2024-01-22 01:00:00,J-106,1,1,LOW
2024-01-22 01:00:00,J-107,0,0,LOW
2024-01-22 01:00:00,J-108,4,1,LOW
2024-01-22 01:15:00,J-101,3,1,LOW
2024-01-22 01:15:00,J-102,2,0,LOW
2024-01-22 01:15:00,J-103,1,0,LOW
2024-01-22 01:15:00,J-104,1,0,LOW
2024-01-22 01:15:00,J-105,1,1,LOW
2024-01-22 01:15:00,J-106,0,0,LOW
2024-01-22 01:15:00,J-107,0,0,LOW
2024-01-22 01:15:00,J-108,3,1,LOW
2024-01-22 01:30:00,J-101,4,1,LOW
2024-01-22 01:30:00,J-102,3,1,LOW
2024-01-22 01:30:00,J-103,2,1,LOW
2024-01-22 01:30:00,J-104,2,1,LOW
2024-01-22 01:30:00,J-105,1,1,LOW
2024-01-22 01:30:00,J-106,1,1,LOW
2024-01-22 01:30:00,J-107,0,0,LOW
2024-01-22 01:30:00,J-108,4,1,LOW
2024-01-22 01:45:00,J-101,4,1,LOW
2024-01-22 01:45:00,J-102,3,1,LOW
2024-01-22 01:45:00,J-103,2,1,LOW
2024-01-22 01:45:00,J-104,2,1,LOW
2024-01-22 01:45:00,J-105,1,1,LOW
2024-01-22 01:45:00,J-106,1,1,LOW
2024-01-22 01:45:00,J-107,0,0,LOW
2024-01-22 01:45:00,J-108,3,1,LOW
2024-01-22 02:00:00,J-101,4,1,LOW
2024-01-22 02:00:00,J-102,3,1,LOW
2024-01-22 02:00:00,J-103,2,1,LOW
2024-01-22 02:00:00,J-104,3,2,LOW
2024-01-22 02:00:00,J-105,2,2,LOW
2024-01-22 02:00:00,J-106,1,1,LOW
2024-01-22 02:00:00,J-107,0,0,LOW
2024-01-22 02:00:00,J-108,4,1,LOW
2024-01-22 02:15:00,J-101,5,2,LOW
2024-01-22 02:15:00,J-102,4,1,LOW
2024-01-22 02:15:00,J-103,2,1,LOW
2024-01-22 02:15:00,J-104,2,1,LOW
2024-01-22 02:15:00,J-105,1,1,LOW
2024-01-22 02:15:00,J-106,0,0,LOW
2024-01-22 02:15:00,J-107,0,0,LOW
2024-01-22 02:15:00,J-108,4,1,LOW
2024-01-22 02:30:00,J-101,4,1,LOW
2024-01-22 02:30:00,J-102,3,1,LOW
2024-01-22 02:30:00,J-103,2,1,LOW
2024-01-22 02:30:00,J-104,2,1,LOW
2024-01-22 02:30:00,J-105,1,1,LOW
2024-01-22 02:30:00,J-106,0,0,LOW
2024-01-22 02:30:00,J-107,0,0,LOW
2024-01-22 02:30:00,J-108,3,1,LOW
2024-01-22 02:45:00,J-101,4,1,LOW
2024-01-22 02:45:00,J-102,4,1,LOW
2024-01-22 02:45:00,J-103,3,1,LOW
2024-01-22 02:45:00,J-104,2,1,LOW
2024-01-22 02:45:00,J-105,1,1,LOW
2024-01-22 02:45:00,J-106,1,1,LOW
2024-01-22 02:45:00,J-107,0,0,LOW
2024-01-22 02:45:00,J-108,4,1,LOW
2024-01-22 03:00:00,J-101,4,1,LOW
2024-01-22 03:00:00,J-102,3,1,LOW
2024-01-22 03:00:00,J-103,2,1,LOW
2024-01-22 03:00:00,J-104,2,1,LOW
2024-01-22 03:00:00,J-105,1,1,LOW
2024-01-22 03:00:00,J-106,1,1,LOW
2024-01-22 03:00:00,J-107,0,0,LOW
2024-01-22 03:00:00,J-108,3,1,LOW
2024-01-22 03:15:00,J-101,3,1,LOW
2024-01-22 03:15:00,J-102,4,1,LOW
2024-01-22 03:15:00,J-103,3,1,LOW
2024-01-22 03:15:00,J-104,2,1,LOW
2024-01-22 03:15:00,J-105,2,2,LOW
2024-01-22 03:15:00,J-106,0,0,LOW
2024-01-22 03:15:00,J-107,0,0,LOW
2024-01-22 03:15:00,J-108,3,1,LOW
2024-01-22 03:30:00,J-101,4,1,LOW
2024-01-22 03:30:00,J-102,4,1,LOW
2024-01-22 03:30:00,J-103,2,1,LOW
2024-01-22 03:30:00,J-104,2,1,LOW
2024-01-22 03:30:00,J-105,1,1,LOW
2024-01-22 03:30:00,J-106,1,1,LOW
2024-01-22 03:30:00,J-107,0,0,LOW
2024-01-22 03:30:00,J-108,5,2,LOW
2024-01-22 03:45:00,J-101,4,1,LOW
2024-01-22 03:45:00,J-102,5,2,LOW
2024-01-22 03:45:00,J-103,2,1,LOW
2024-01-22 03:45:00,J-104,2,1,LOW
2024-01-22 03:45:00,J-105,1,1,LOW
2024-01-22 03:45:00,J-106,0,0,LOW
2024-01-22 03:45:00,J-107,1,2,LOW
2024-01-22 03:45:00,J-108,4,1,LOW
2024-01-22 04:00:00,J-101,4,1,LOW
2024-01-22 04:00:00,J-102,2,0,LOW
2024-01-22 04:00:00,J-103,3,1,LOW
2024-01-22 04:00:00,J-104,2,1,LOW
2024-01-22 04:00:00,J-105,1,1,LOW
2024-01-22 04:00:00,J-106,1,1,LOW
2024-01-22 04:00:00,J-107,0,0,LOW
2024-01-22 04:00:00,J-108,4,1,LOW
2024-01-22 04:15:00,J-101,3,1,LOW
2024-01-22 04:15:00,J-102,3,1,LOW
2024-01-22 04:15:00,J-103,2,1,LOW
2024-01-22 04:15:00,J-104,2,1,LOW
2024-01-22 04:15:00,J-105,1,1,LOW
2024-01-22 04:15:00,J-106,0,0,LOW
2024-01-22 04:15:00,J-107,0,0,LOW
2024-01-22 04:15:00,J-108,4,1,LOW
2024-01-22 04:30:00,J-101,5,2,LOW
2024-01-22 04:30:00,J-102,4,1,LOW
2024-01-22 04:30:00,J-103,2,1,LOW
2024-01-22 04:30:00,J-104,2,1,LOW
2024-01-22 04:30:00,J-105,2,2,LOW
2024-01-22 04:30:00,J-106,1,1,LOW
2024-01-22 04:30:00,J-107,0,0,LOW
2024-01-22 04:30:00,J-108,3,1,LOW
2024-01-22 04:45:00,J-101,5,2,LOW
2024-01-22 04:45:00,J-102,4,1,LOW
2024-01-22 04:45:00,J-103,2,1,LOW
2024-01-22 04:45:00,J-104,2,1,LOW
2024-01-22 04:45:00,J-105,1,1,LOW
2024-01-22 04:45:00,J-106,1,1,LOW
2024-01-22 04:45:00,J-107,0,0,LOW
2024-01-22 04:45:00,J-108,4,1,LOW
2024-01-22 05:00:00,J-101,3,1,LOW
2024-01-22 05:00:00,J-102,3,1,LOW
2024-01-22 05:00:00,J-103,2,1,LOW
2024-01-22 05:00:00,J-104,,0,LOW
2024-01-22 05:00:00,J-105,1,1,LOW
2024-01-22 05:00:00,J-106,0,0,LOW
2024-01-22 05:00:00,J-107,0,0,LOW
2024-01-22 05:00:00,J-108,3,1,LOW
2024-01-22 05:15:00,J-101,32,13,LOW
2024-01-22 05:15:00,J-102,21,9,LOW
2024-01-22 05:15:00,J-103,20,13,LOW
2024-01-22 05:15:00,J-104,21,15,LOW
2024-01-22 05:15:00,J-105,11,11,LOW
2024-01-22 05:15:00,J-106,6,9,LOW
2024-01-22 05:15:00,J-107,7,15,LOW
2024-01-22 05:15:00,J-108,32,13,LOW
2024-01-22 05:30:00,J-101,33,13,LOW
2024-01-22 05:30:00,J-102,24,11,LOW
2024-01-22 05:30:00,J-103,17,11,LOW
2024-01-22 05:30:00,J-104,17,12,LOW
2024-01-22 05:30:00,J-105,10,10,LOW
2024-01-22 05:30:00,J-106,8,13,LOW
2024-01-22 05:30:00,J-107,5,10,LOW
2024-01-22 05:30:00,J-108,27,11,LOW
2024-01-22 05:45:00,J-101,28,11,LOW
2024-01-22 05:45:00,J-102,16,7,LOW
2024-01-22 05:45:00,J-103,16,10,LOW
2024-01-22 05:45:00,J-104,14,10,LOW
2024-01-22 05:45:00,J-105,10,10,LOW
2024-01-22 05:45:00,J-106,6,9,LOW
2024-01-22 05:45:00,J-107,5,10,LOW
2024-01-22 05:45:00,J-108,26,11,LOW
2024-01-22 06:00:00,J-101,35,14,LOW
2024-01-22 06:00:00,J-102,25,11,LOW
2024-01-22 06:00:00,J-103,21,13,LOW
2024-01-22 06:00:00,J-104,17,12,LOW
2024-01-22 06:00:00,J-105,12,13,LOW
2024-01-22 06:00:00,J-106,8,13,LOW
2024-01-22 06:00:00,J-107,5,10,LOW
2024-01-22 06:00:00,J-108,30,13,LOW
2024-01-22 06:15:00,J-101,33,13,LOW
2024-01-22 06:15:00,J-102,25,11,LOW
2024-01-22 06:15:00,J-103,23,14,LOW
2024-01-22 06:15:00,J-104,14,10,LOW
2024-01-22 06:15:00,J-105,11,11,LOW
2024-01-22 06:15:00,J-106,9,14,LOW
2024-01-22 06:15:00,J-107,5,10,LOW
2024-01-22 06:15:00,J-108,31,13,LOW
2024-01-22 06:30:00,J-101,31,12,LOW
2024-01-22 06:30:00,J-102,30,,LOW
2024-01-22 06:30:00,J-103,21,13,LOW
2024-01-22 06:30:00,J-104,17,12,LOW
2024-01-22 06:30:00,J-105,10,10,LOW
2024-01-22 06:30:00,J-106,6,9,LOW
2024-01-22 06:30:00,J-107,5,10,LOW
2024-01-22 06:30:00,J-108,25,10,LOW
2024-01-22 06:45:00,J-101,21,8,LOW
2024-01-22 06:45:00,J-102,25,11,LOW
2024-01-22 06:45:00,J-103,13,8,LOW
2024-01-22 06:45:00,J-104,12,8,LOW
2024-01-22 06:45:00,J-105,9,9,LOW
2024-01-22 06:45:00,J-106,5,8,LOW
2024-01-22 06:45:00,J-107,3,6,LOW
2024-01-22 06:45:00,J-108,19,8,LOW
2024-01-22 07:00:00,J-101,23,9,LOW
2024-01-22 07:00:00,J-102,19,8,LOW
2024-01-22 07:00:00,J-103,17,11,LOW
2024-01-22 07:00:00,J-104,11,7,LOW
2024-01-22 07:00:00,J-105,8,8,LOW
2024-01-22 07:00:00,J-106,5,8,LOW
2024-01-22 07:00:00,J-107,3,6,LOW
2024-01-22 07:00:00,J-108,25,10,LOW
2024-01-22 07:15:00,J-101,28,11,LOW
2024-01-22 07:15:00,J-102,25,11,LOW
2024-01-22 07:15:00,J-103,18,11,LOW
2024-01-22 07:15:00,J-104,17,12,LOW
2024-01-22 07:15:00,J-105,11,11,LOW
2024-01-22 07:15:00,J-106,5,8,LOW
2024-01-22 07:15:00,J-107,5,10,LOW
2024-01-22 07:15:00,J-108,18,7,LOW
2024-01-22 07:30:00,J-101,72,29,LOW
2024-01-22 07:30:00,J-102,62,28,LOW
2024-01-22 07:30:00,J-103,36,23,LOW
2024-01-22 07:30:00,J-104,41,29,LOW
2024-01-22 07:30:00,J-105,29,31,LOW
2024-01-22 07:30:00,J-106,17,27,LOW
2024-01-22 07:30:00,J-107,13,28,LOW
2024-01-22 07:30:00,J-108,68,29,LOW
2024-01-22 07:45:00,J-101,115,46,MODERATE
2024-01-22 07:45:00,J-102,96,44,MODERATE
2024-01-22 07:45:00,J-103,63,40,MODERATE
2024-01-22 07:45:00,J-104,47,33,LOW
2024-01-22 07:45:00,J-105,36,39,LOW
2024-01-22 07:45:00,J-106,15,24,LOW
2024-01-22 07:45:00,J-107,19,41,MODERATE
2024-01-22 07:45:00,J-108,93,40,MODERATE
2024-01-22 08:00:00,J-101,119,48,MODERATE
2024-01-22 08:00:00,J-102,109,50,MODERATE
2024-01-22 08:00:00,J-103,81,52,MODERATE
2024-01-22 08:00:00,J-104,75,54,MODERATE
2024-01-22 08:00:00,J-105,42,45,MODERATE
2024-01-22 08:00:00,J-106,27,43,MODERATE
2024-01-22 08:00:00,J-107,26,56,MODERATE
2024-01-22 08:00:00,J-108,136,58,MODERATE
2024-01-22 08:15:00,J-101,111,45,MODERATE
2024-01-22 08:15:00,J-102,135,62,MODERATE
2024-01-22 08:15:00,J-103,90,58,MODERATE
2024-01-22 08:15:00,J-104,89,64,MODERATE
2024-01-22 08:15:00,J-105,47,50,MODERATE
2024-01-22 08:15:00,J-106,34,55,MODERATE
2024-01-22 08:15:00,J-107,24,52,MODERATE
2024-01-22 08:15:00,J-108,140,60,MODERATE
2024-01-22 08:30:00,J-101,174,70,HIGH
2024-01-22 08:30:00,J-102,134,62,MODERATE
2024-01-22 08:30:00,J-103,99,64,MODERATE
2024-01-22 08:30:00,J-104,89,64,MODERATE
2024-01-22 08:30:00,J-105,67,72,HIGH
2024-01-22 08:30:00,J-106,44,71,HIGH
2024-01-22 08:30:00,J-107,24,52,MODERATE
2024-01-22 08:30:00,J-108,127,55,MODERATE
2024-01-22 08:45:00,J-101,150,60,MODERATE
2024-01-22 08:45:00,J-102,156,72,HIGH
2024-01-22 08:45:00,J-103,110,71,HIGH
2024-01-22 08:45:00,J-104,96,69,MODERATE
2024-01-22 08:45:00,J-105,56,60,MODERATE
2024-01-22 08:45:00,J-106,40,65,MODERATE
2024-01-22 08:45:00,J-107,25,54,MODERATE
2024-01-22 08:45:00,J-108,147,63,MODERATE
2024-01-22 09:00:00,J-101,144,58,MODERATE
2024-01-22 09:00:00,J-102,114,52,MODERATE
2024-01-22 09:00:00,J-103,102,66,MODERATE
2024-01-22 09:00:00,J-104,72,52,MODERATE
2024-01-22 09:00:00,J-105,56,60,MODERATE
2024-01-22 09:00:00,J-106,33,53,MODERATE
2024-01-22 09:00:00,J-107,,47,MODERATE
2024-01-22 09:00:00,J-108,140,60,MODERATE
2024-01-22 09:15:00,J-101,137,55,MODERATE
2024-01-22 09:15:00,J-102,136,63,MODERATE
2024-01-22 09:15:00,J-103,91,59,MODERATE
2024-01-22 09:15:00,J-104,76,54,MODERATE
2024-01-22 09:15:00,J-105,63,68,MODERATE
2024-01-22 09:15:00,J-106,36,58,MODERATE
2024-01-22 09:15:00,J-107,30,65,MODERATE
2024-01-22 09:15:00,J-108,109,47,MODERATE
2024-01-22 09:30:00,J-101,132,53,MODERATE
2024-01-22 09:30:00,J-102,91,42,MODERATE
2024-01-22 09:30:00,J-103,85,55,MODERATE
2024-01-22 09:30:00,J-104,,52,MODERATE
2024-01-22 09:30:00,J-105,46,49,MODERATE
2024-01-22 09:30:00,J-106,31,50,MODERATE
2024-01-22 09:30:00,J-107,20,43,MODERATE
2024-01-22 09:30:00,J-108,144,62,MODERATE
2024-01-22 09:45:00,J-101,53,21,LOW
2024-01-22 09:45:00,J-102,51,23,LOW
2024-01-22 09:45:00,J-103,42,27,LOW
2024-01-22 09:45:00,J-104,38,27,LOW
2024-01-22 09:45:00,J-105,22,23,LOW
2024-01-22 09:45:00,J-106,16,26,LOW
2024-01-22 09:45:00,J-107,11,23,LOW
2024-01-22 09:45:00,J-108,64,27,LOW
2024-01-22 10:00:00,J-101,48,19,LOW
2024-01-22 10:00:00,J-102,46,21,LOW
2024-01-22 10:00:00,J-103,27,17,LOW
2024-01-22 10:00:00,J-104,31,22,LOW
2024-01-22 10:00:00,J-105,15,16,LOW
2024-01-22 10:00:00,J-106,11,17,LOW
2024-01-22 10:00:00,J-107,11,23,LOW
2024-01-22 10:00:00,J-108,43,18,LOW
2024-01-22 10:15:00,J-101,28,11,LOW
2024-01-22 10:15:00,J-102,35,16,LOW
2024-01-22 10:15:00,J-103,18,11,LOW
2024-01-22 10:15:00,J-104,13,9,LOW
2024-01-22 10:15:00,J-105,12,13,LOW
2024-01-22 10:15:00,J-106,7,11,LOW
2024-01-22 10:15:00,J-107,8,17,LOW
2024-01-22 10:15:00,J-108,32,13,LOW
2024-01-22 10:30:00,J-101,30,12,LOW
2024-01-22 10:30:00,J-102,29,13,LOW
2024-01-22 10:30:00,J-103,21,13,LOW
2024-01-22 10:30:00,J-104,17,12,LOW
2024-01-22 10:30:00,J-105,10,10,LOW
2024-01-22 10:30:00,J-106,10,16,LOW
2024-01-22 10:30:00,J-107,7,15,LOW
2024-01-22 10:30:00,J-108,25,10,LOW
2024-01-22 10:45:00,J-101,30,12,LOW
2024-01-22 10:45:00,J-102,29,13,LOW
2024-01-22 10:45:00,J-103,20,13,LOW
2024-01-22 10:45:00,J-104,14,10,LOW
2024-01-22 10:45:00,J-105,13,14,LOW
2024-01-22 10:45:00,J-106,9,14,LOW
2024-01-22 10:45:00,J-107,5,10,LOW
2024-01-22 10:45:00,J-108,32,13,LOW
2024-01-22 11:00:00,J-101,29,11,LOW
2024-01-22 11:00:00,J-102,36,16,LOW
2024-01-22 11:00:00,J-103,19,12,LOW
2024-01-22 11:00:00,J-104,17,12,LOW
2024-01-22 11:00:00,J-105,11,11,LOW
2024-01-22 11:00:00,J-106,8,13,LOW
2024-01-22 11:00:00,J-107,5,10,LOW
2024-01-22 11:00:00,J-108,33,14,LOW
2024-01-22 11:15:00,J-101,26,10,LOW
2024-01-22 11:15:00,J-102,21,9,LOW
2024-01-22 11:15:00,J-103,19,12,LOW
2024-01-22 11:15:00,J-104,19,13,LOW
2024-01-22 11:15:00,J-105,9,9,LOW
2024-01-22 11:15:00,J-106,8,13,LOW
2024-01-22 11:15:00,J-107,5,10,LOW
2024-01-22 11:15:00,J-108,27,11,LOW
2024-01-22 11:30:00,J-101,26,10,LOW
2024-01-22 11:30:00,J-102,28,13,LOW
2024-01-22 11:30:00,J-103,19,12,LOW
2024-01-22 11:30:00,J-104,16,11,LOW
2024-01-22 11:30:00,J-105,10,10,LOW
2024-01-22 11:30:00,J-106,9,14,LOW
2024-01-22 11:30:00,J-107,5,10,LOW
2024-01-22 11:30:00,J-108,33,14,LOW
2024-01-22 11:45:00,J-101,30,12,LOW
2024-01-22 11:45:00,J-102,29,13,LOW
2024-01-22 11:45:00,J-103,22,14,LOW
2024-01-22 11:45:00,J-104,11,7,LOW
2024-01-22 11:45:00,J-105,12,13,LOW
2024-01-22 11:45:00,J-106,9,14,LOW
2024-01-22 11:45:00,J-107,5,10,LOW
2024-01-22 11:45:00,J-108,29,12,LOW
2024-01-22 12:00:00,J-101,78,31,LOW
2024-01-22 12:00:00,J-102,44,20,LOW
2024-01-22 12:00:00,J-103,40,26,LOW
2024-01-22 12:00:00,J-104,,22,LOW
2024-01-22 12:00:00,J-105,25,27,LOW
2024-01-22 12:00:00,J-106,12,19,LOW
2024-01-22 12:00:00,J-107,12,26,LOW
2024-01-22 12:00:00,J-108,62,26,LOW
2024-01-22 12:15:00,J-101,62,25,LOW
2024-01-22 12:15:00,J-102,54,25,LOW
2024-01-22 12:15:00,J-103,32,20,LOW
2024-01-22 12:15:00,J-104,30,21,LOW
2024-01-22 12:15:00,J-105,20,21,LOW
2024-01-22 12:15:00,J-106,11,17,LOW
2024-01-22 12:15:00,J-107,12,26,LOW
2024-01-22 12:15:00,J-108,50,21,LOW
2024-01-22 12:30:00,J-101,59,23,LOW
2024-01-22 12:30:00,J-102,48,22,LOW
2024-01-22 12:30:00,J-103,36,23,LOW
2024-01-22 12:30:00,J-104,28,20,LOW
2024-01-22 12:30:00,J-105,18,19,LOW
2024-01-22 12:30:00,J-106,18,29,LOW
2024-01-22 12:30:00,J-107,11,23,LOW
2024-01-22 12:30:00,J-108,54,23,LOW
2024-01-22 12:45:00,J-101,59,23,LOW
2024-01-22 12:45:00,J-102,62,28,LOW
2024-01-22 12:45:00,J-103,35,22,LOW
2024-01-22 12:45:00,J-104,39,28,LOW
2024-01-22 12:45:00,J-105,20,21,LOW
2024-01-22 12:45:00,J-106,15,24,LOW
2024-01-22 12:45:00,J-107,11,23,LOW
2024-01-22 12:45:00,J-108,44,19,LOW
2024-01-22 13:00:00,J-101,63,25,LOW
2024-01-22 13:00:00,J-102,48,22,LOW
2024-01-22 13:00:00,J-103,43,27,LOW
2024-01-22 13:00:00,J-104,35,25,LOW
2024-01-22 13:00:00,J-105,30,32,LOW
2024-01-22 13:00:00,J-106,16,26,LOW
2024-01-22 13:00:00,J-107,11,23,LOW
2024-01-22 13:00:00,J-108,61,26,LOW
2024-01-22 13:15:00,J-101,52,21,LOW
2024-01-22 13:15:00,J-102,45,20,LOW
2024-01-22 13:15:00,J-103,43,27,LOW
2024-01-22 13:15:00,J-104,39,28,LOW
2024-01-22 13:15:00,J-105,,20,LOW
2024-01-22 13:15:00,J-106,18,29,LOW
2024-01-22 13:15:00,J-107,12,26,LOW
2024-01-22 13:15:00,J-108,52,22,LOW
2024-01-22 13:30:00,J-101,68,27,LOW
2024-01-22 13:30:00,J-102,65,30,LOW
2024-01-22 13:30:00,J-103,47,30,LOW
2024-01-22 13:30:00,J-104,36,26,LOW
2024-01-22 13:30:00,J-105,24,26,LOW
2024-01-22 13:30:00,J-106,14,22,LOW
2024-01-22 13:30:00,J-107,11,23,LOW
2024-01-22 13:30:00,J-108,58,25,LOW
2024-01-22 13:45:00,J-101,27,10,LOW
2024-01-22 13:45:00,J-102,29,13,LOW
2024-01-22 13:45:00,J-103,20,13,LOW
2024-01-22 13:45:00,J-104,16,11,LOW
2024-01-22 13:45:00,J-105,15,16,LOW
2024-01-22 13:45:00,J-106,7,11,LOW
2024-01-22 13:45:00,J-107,5,10,LOW
2024-01-22 13:45:00,J-108,29,12,LOW
2024-01-22 14:00:00,J-101,35,14,LOW
2024-01-22 14:00:00,J-102,32,14,LOW
2024-01-22 14:00:00,J-103,20,13,LOW
2024-01-22 14:00:00,J-104,15,10,LOW
2024-01-22 14:00:00,J-105,12,13,LOW
2024-01-22 14:00:00,J-106,8,13,LOW
2024-01-22 14:00:00,J-107,6,13,LOW
2024-01-22 14:00:00,J-108,30,13,LOW
2024-01-22 14:15:00,J-101,25,10,LOW
2024-01-22 14:15:00,J-102,25,11,LOW
2024-01-22 14:15:00,J-103,17,11,LOW
2024-01-22 14:15:00,J-104,14,10,LOW
2024-01-22 14:15:00,J-105,9,9,LOW
2024-01-22 14:15:00,J-106,8,13,LOW
2024-01-22 14:15:00,J-107,5,10,LOW
2024-01-22 14:15:00,J-108,30,13,LOW
2024-01-22 14:30:00,J-101,26,10,LOW
2024-01-22 14:30:00,J-102,25,11,LOW
2024-01-22 14:30:00,J-103,16,10,LOW
2024-01-22 14:30:00,J-104,18,13,LOW
2024-01-22 14:30:00,J-105,11,11,LOW
2024-01-22 14:30:00,J-106,7,11,LOW
2024-01-22 14:30:00,J-107,6,13,LOW
2024-01-22 14:30:00,J-108,24,10,LOW
2024-01-22 14:45:00,J-101,33,13,LOW
2024-01-22 14:45:00,J-102,30,13,LOW
2024-01-22 14:45:00,J-103,23,14,LOW
2024-01-22 14:45:00,J-104,17,12,LOW
2024-01-22 14:45:00,J-105,13,14,LOW
2024-01-22 14:45:00,J-106,8,13,LOW
2024-01-22 14:45:00,J-107,6,13,LOW
2024-01-22 14:45:00,J-108,30,13,LOW
2024-01-22 15:00:00,J-101,23,9,LOW
2024-01-22 15:00:00,J-102,20,9,LOW
2024-01-22 15:00:00,J-103,16,10,LOW
2024-01-22 15:00:00,J-104,15,10,LOW
2024-01-22 15:00:00,J-105,8,8,LOW
2024-01-22 15:00:00,J-106,6,9,LOW
2024-01-22 15:00:00,J-107,4,8,LOW
2024-01-22 15:00:00,J-108,24,10,LOW
2024-01-22 15:15:00,J-101,31,12,LOW
2024-01-22 15:15:00,J-102,27,12,LOW
2024-01-22 15:15:00,J-103,18,11,LOW
2024-01-22 15:15:00,J-104,19,13,LOW
2024-01-22 15:15:00,J-105,11,11,LOW
2024-01-22 15:15:00,J-106,7,11,LOW
2024-01-22 15:15:00,J-107,6,13,LOW
2024-01-22 15:15:00,J-108,26,11,LOW
2024-01-22 15:30:00,J-101,22,8,LOW
2024-01-22 15:30:00,J-102,24,11,LOW
2024-01-22 15:30:00,J-103,16,10,LOW
2024-01-22 15:30:00,J-104,17,12,LOW
2024-01-22 15:30:00,J-105,10,10,LOW
2024-01-22 15:30:00,J-106,7,11,LOW
2024-01-22 15:30:00,J-107,6,13,LOW
2024-01-22 15:30:00,J-108,24,10,LOW
2024-01-22 15:45:00,J-101,31,12,LOW
2024-01-22 15:45:00,J-102,25,11,LOW
2024-01-22 15:45:00,J-103,15,9,LOW
2024-01-22 15:45:00,J-104,17,12,LOW
2024-01-22 15:45:00,J-105,11,11,LOW
2024-01-22 15:45:00,J-106,8,13,LOW
2024-01-22 15:45:00,J-107,5,10,LOW
2024-01-22 15:45:00,J-108,24,10,LOW
2024-01-22 16:00:00,J-101,16,6,LOW
2024-01-22 16:00:00,J-102,21,9,LOW
2024-01-22 16:00:00,J-103,13,8,LOW
2024-01-22 16:00:00,J-104,12,8,LOW
2024-01-22 16:00:00,J-105,7,7,LOW
2024-01-22 16:00:00,J-106,5,8,LOW
2024-01-22 16:00:00,J-107,3,6,LOW
2024-01-22 16:00:00,J-108,14,6,LOW
2024-01-22 16:15:00,J-101,26,10,LOW
2024-01-22 16:15:00,J-102,33,15,LOW
2024-01-22 16:15:00,J-103,21,13,LOW
2024-01-22 16:15:00,J-104,18,13,LOW
2024-01-22 16:15:00,J-105,9,9,LOW
2024-01-22 16:15:00,J-106,8,13,LOW
2024-01-22 16:15:00,J-107,7,15,LOW
2024-01-22 16:15:00,J-108,31,13,LOW
2024-01-22 16:30:00,J-101,65,26,LOW
2024-01-22 16:30:00,J-102,87,40,MODERATE
2024-01-22 16:30:00,J-103,54,35,LOW
2024-01-22 16:30:00,J-104,46,33,LOW
2024-01-22 16:30:00,J-105,34,36,LOW
2024-01-22 16:30:00,J-106,23,37,LOW
2024-01-22 16:30:00,J-107,15,32,LOW
2024-01-22 16:30:00,J-108,95,41,MODERATE
2024-01-22 16:45:00,J-101,100,40,MODERATE
2024-01-22 16:45:00,J-102,97,45,MODERATE
2024-01-22 16:45:00,J-103,63,40,MODERATE
2024-01-22 16:45:00,J-104,74,53,MODERATE
2024-01-22 16:45:00,J-105,42,45,MODERATE
2024-01-22 16:45:00,J-106,20,32,LOW
2024-01-22 16:45:00,J-107,19,41,MODERATE
2024-01-22 16:45:00,J-108,105,45,MODERATE
2024-01-22 17:00:00,J-101,138,56,MODERATE
2024-01-22 17:00:00,J-102,112,52,MODERATE
2024-01-22 17:00:00,J-103,78,50,MODERATE
2024-01-22 17:00:00,J-104,67,48,MODERATE
2024-01-22 17:00:00,J-105,42,45,MODERATE
2024-01-22 17:00:00,J-106,29,47,MODERATE
2024-01-22 17:00:00,J-107,20,43,MODERATE
2024-01-22 17:00:00,J-108,93,40,MODERATE
2024-01-22 17:15:00,J-101,157,63,MODERATE
2024-01-22 17:15:00,J-102,104,48,MODERATE
2024-01-22 17:15:00,J-103,91,59,MODERATE
2024-01-22 17:15:00,J-104,73,52,MODERATE
2024-01-22 17:15:00,J-105,45,48,MODERATE
2024-01-22 17:15:00,J-106,23,37,LOW
2024-01-22 17:15:00,J-107,23,49,MODERATE
2024-01-22 17:15:00,J-108,116,50,MODERATE
2024-01-22 17:30:00,J-101,149,60,MODERATE
2024-01-22 17:30:00,J-102,133,61,MODERATE
2024-01-22 17:30:00,J-103,82,53,MODERATE
2024-01-22 17:30:00,J-104,69,49,MODERATE
2024-01-22 17:30:00,J-105,51,55,MODERATE
2024-01-22 17:30:00,J-106,42,68,MODERATE
2024-01-22 17:30:00,J-107,26,56,MODERATE
2024-01-22 17:30:00,J-108,126,54,MODERATE
2024-01-22 17:45:00,J-101,156,63,MODERATE
2024-01-22 17:45:00,J-102,192,89,HIGH
2024-01-22 17:45:00,J-103,111,72,HIGH
2024-01-22 17:45:00,J-104,93,67,MODERATE
2024-01-22 17:45:00,J-105,66,71,HIGH
2024-01-22 17:45:00,J-106,42,68,MODERATE
2024-01-22 17:45:00,J-107,25,54,MODERATE
2024-01-22 17:45:00,J-108,186,80,HIGH
2024-01-22 18:00:00,J-101,161,65,MODERATE
2024-01-22 18:00:00,J-102,147,68,MODERATE
2024-01-22 18:00:00,J-103,102,66,MODERATE
2024-01-22 18:00:00,J-104,76,54,MODERATE
2024-01-22 18:00:00,J-105,64,69,MODERATE
2024-01-22 18:00:00,J-106,34,55,MODERATE
2024-01-22 18:00:00,J-107,29,62,MODERATE
2024-01-22 18:00:00,J-108,144,62,MODERATE
2024-01-22 18:15:00,J-101,172,69,MODERATE
2024-01-22 18:15:00,J-102,126,58,MODERATE
2024-01-22 18:15:00,J-103,90,58,MODERATE
2024-01-22 18:15:00,J-104,74,53,MODERATE
2024-01-22 18:15:00,J-105,52,56,MODERATE
2024-01-22 18:15:00,J-106,34,55,MODERATE
2024-01-22 18:15:00,J-107,33,71,HIGH
2024-01-22 18:15:00,J-108,132,57,MODERATE
2024-01-22 18:30:00,J-101,150,60,MODERATE
2024-01-22 18:30:00,J-102,170,78,HIGH
2024-01-22 18:30:00,J-103,82,53,MODERATE
2024-01-22 18:30:00,J-104,89,64,MODERATE
2024-01-22 18:30:00,J-105,74,80,HIGH
2024-01-22 18:30:00,J-106,41,66,MODERATE
2024-01-22 18:30:00,J-107,,49,MODERATE
2024-01-22 18:30:00,J-108,120,52,MODERATE
2024-01-22 18:45:00,J-101,109,44,MODERATE
2024-01-22 18:45:00,J-102,125,58,MODERATE
2024-01-22 18:45:00,J-103,63,40,MODERATE
2024-01-22 18:45:00,J-104,64,46,MODERATE
2024-01-22 18:45:00,J-105,54,58,MODERATE
2024-01-22 18:45:00,J-106,31,50,MODERATE
2024-01-22 18:45:00,J-107,25,54,MODERATE
2024-01-22 18:45:00,J-108,108,46,MODERATE
2024-01-22 19:00:00,J-101,85,34,LOW
2024-01-22 19:00:00,J-102,100,46,MODERATE
2024-01-22 19:00:00,J-103,59,38,LOW
2024-01-22 19:00:00,J-104,66,47,MODERATE
2024-01-22 19:00:00,J-105,36,39,LOW
2024-01-22 19:00:00,J-106,24,39,LOW
2024-01-22 19:00:00,J-107,19,41,MODERATE
2024-01-22 19:00:00,J-108,115,49,MODERATE
2024-01-22 19:15:00,J-101,89,36,LOW
2024-01-22 19:15:00,J-102,82,38,LOW
2024-01-22 19:15:00,J-103,73,47,MODERATE
2024-01-22 19:15:00,J-104,56,40,MODERATE
2024-01-22 19:15:00,J-105,42,45,MODERATE
2024-01-22 19:15:00,J-106,24,39,LOW
2024-01-22 19:15:00,J-107,19,41,MODERATE
2024-01-22 19:15:00,J-108,85,36,LOW
2024-01-22 19:30:00,J-101,84,34,LOW
2024-01-22 19:30:00,J-102,80,37,LOW
2024-01-22 19:30:00,J-103,62,40,MODERATE
2024-01-22 19:30:00,J-104,54,39,LOW
2024-01-22 19:30:00,J-105,31,33,LOW
2024-01-22 19:30:00,J-106,21,34,LOW
2024-01-22 19:30:00,J-107,16,34,LOW
2024-01-22 19:30:00,J-108,84,36,LOW
2024-01-22 19:45:00,J-101,32,13,LOW
2024-01-22 19:45:00,J-102,27,12,LOW
2024-01-22 19:45:00,J-103,21,13,LOW
2024-01-22 19:45:00,J-104,19,13,LOW
2024-01-22 19:45:00,J-105,11,11,LOW
2024-01-22 19:45:00,J-106,7,11,LOW
2024-01-22 19:45:00,J-107,3,6,LOW
2024-01-22 19:45:00,J-108,25,10,LOW
2024-01-22 20:00:00,J-101,28,11,LOW
2024-01-22 20:00:00,J-102,22,10,LOW
2024-01-22 20:00:00,J-103,17,11,LOW
2024-01-22 20:00:00,J-104,13,9,LOW
2024-01-22 20:00:00,J-105,11,11,LOW
2024-01-22 20:00:00,J-106,6,9,LOW
2024-01-22 20:00:00,J-107,5,10,LOW
2024-01-22 20:00:00,J-108,27,11,LOW
2024-01-22 20:15:00,J-101,32,13,LOW
2024-01-22 20:15:00,J-102,27,12,LOW
2024-01-22 20:15:00,J-103,18,11,LOW
2024-01-22 20:15:00,J-104,19,13,LOW
2024-01-22 20:15:00,J-105,10,10,LOW
2024-01-22 20:15:00,J-106,6,9,LOW
2024-01-22 20:15:00,J-107,5,10,LOW
2024-01-22 20:15:00,J-108,24,10,LOW
2024-01-22 20:30:00,J-101,33,13,LOW
2024-01-22 20:30:00,J-102,25,11,LOW
2024-01-22 20:30:00,J-103,20,13,LOW
2024-01-22 20:30:00,J-104,17,12,LOW
2024-01-22 20:30:00,J-105,7,7,LOW
2024-01-22 20:30:00,J-106,7,11,LOW
2024-01-22 20:30:00,J-107,5,10,LOW
2024-01-22 20:30:00,J-108,28,12,LOW
2024-01-22 20:45:00,J-101,24,9,LOW
2024-01-22 20:45:00,J-102,34,15,LOW
2024-01-22 20:45:00,J-103,23,14,LOW
2024-01-22 20:45:00,J-104,14,10,LOW
2024-01-22 20:45:00,J-105,11,11,LOW
2024-01-22 20:45:00,J-106,8,13,LOW
2024-01-22 20:45:00,J-107,7,15,LOW
2024-01-22 20:45:00,J-108,30,13,LOW
2024-01-22 21:00:00,J-101,35,14,LOW
2024-01-22 21:00:00,J-102,32,14,LOW
2024-01-22 21:00:00,J-103,22,14,LOW
2024-01-22 21:00:00,J-104,17,12,LOW
2024-01-22 21:00:00,J-105,10,10,LOW
2024-01-22 21:00:00,J-106,7,11,LOW
2024-01-22 21:00:00,J-107,5,10,LOW
2024-01-22 21:00:00,J-108,28,12,LOW
2024-01-22 21:15:00,J-101,28,11,LOW
2024-01-22 21:15:00,J-102,17,7,LOW
2024-01-22 21:15:00,J-103,16,10,LOW
2024-01-22 21:15:00,J-104,16,11,LOW
2024-01-22 21:15:00,J-105,10,10,LOW
2024-01-22 21:15:00,J-106,7,11,LOW
2024-01-22 21:15:00,J-107,4,8,LOW
2024-01-22 21:15:00,J-108,23,9,LOW
2024-01-22 21:30:00,J-101,36,14,LOW
2024-01-22 21:30:00,J-102,35,16,LOW
2024-01-22 21:30:00,J-103,17,11,LOW
2024-01-22 21:30:00,J-104,16,11,LOW
2024-01-22 21:30:00,J-105,13,14,LOW
2024-01-22 21:30:00,J-106,9,14,LOW
2024-01-22 21:30:00,J-107,5,10,LOW
2024-01-22 21:30:00,J-108,37,16,LOW
2024-01-22 21:45:00,J-101,27,10,LOW
2024-01-22 21:45:00,J-102,25,11,LOW
2024-01-22 21:45:00,J-103,20,13,LOW
2024-01-22 21:45:00,J-104,13,9,LOW
2024-01-22 21:45:00,J-105,10,10,LOW
2024-01-22 21:45:00,J-106,7,11,LOW
2024-01-22 21:45:00,J-107,4,8,LOW
2024-01-22 21:45:00,J-108,25,10,LOW
2024-01-22 22:00:00,J-101,31,12,LOW
2024-01-22 22:00:00,J-102,30,13,LOW
2024-01-22 22:00:00,J-103,19,12,LOW
2024-01-22 22:00:00,J-104,,13,LOW
2024-01-22 22:00:00,J-105,8,8,LOW
2024-01-22 22:00:00,J-106,8,13,LOW
2024-01-22 22:00:00,J-107,5,10,LOW
2024-01-22 22:00:00,J-108,33,14,LOW
2024-01-22 22:15:00,J-101,33,13,LOW
2024-01-22 22:15:00,J-102,25,11,LOW
2024-01-22 22:15:00,J-103,19,12,LOW
2024-01-22 22:15:00,J-104,17,12,LOW
2024-01-22 22:15:00,J-105,14,15,LOW
2024-01-22 22:15:00,J-106,7,11,LOW
2024-01-22 22:15:00,J-107,4,8,LOW
2024-01-22 22:15:00,J-108,31,13,LOW
2024-01-22 22:30:00,J-101,31,12,LOW
2024-01-22 22:30:00,J-102,20,9,LOW
2024-01-22 22:30:00,J-103,23,14,LOW
2024-01-22 22:30:00,J-104,15,10,LOW
2024-01-22 22:30:00,J-105,11,11,LOW
2024-01-22 22:30:00,J-106,8,13,LOW
2024-01-22 22:30:00,J-107,7,15,LOW
2024-01-22 22:30:00,J-108,33,14,LOW
2024-01-22 22:45:00,J-101,28,11,LOW
2024-01-22 22:45:00,J-102,29,13,LOW
2024-01-22 22:45:00,J-103,20,13,LOW
2024-01-22 22:45:00,J-104,15,10,LOW
2024-01-22 22:45:00,J-105,11,11,LOW
2024-01-22 22:45:00,J-106,6,9,LOW
2024-01-22 22:45:00,J-107,4,8,LOW
2024-01-22 22:45:00,J-108,28,12,LOW
2024-01-22 23:00:00,J-101,36,14,LOW
2024-01-22 23:00:00,J-102,22,10,LOW
2024-01-22 23:00:00,J-103,17,11,LOW
2024-01-22 23:00:00,J-104,15,10,LOW
2024-01-22 23:00:00,J-105,12,13,LOW
2024-01-22 23:00:00,J-106,6,9,LOW
2024-01-22 23:00:00,J-107,4,8,LOW
2024-01-22 23:00:00,J-108,24,10,LOW
2024-01-22 23:15:00,J-101,30,12,LOW
2024-01-22 23:15:00,J-102,29,13,LOW
2024-01-22 23:15:00,J-103,22,14,LOW
2024-01-22 23:15:00,J-104,16,11,LOW
2024-01-22 23:15:00,J-105,9,9,LOW
2024-01-22 23:15:00,J-106,7,11,LOW
2024-01-22 23:15:00,J-107,5,10,LOW
2024-01-22 23:15:00,J-108,25,10,LOW
2024-01-22 23:30:00,J-101,33,13,LOW
2024-01-22 23:30:00,J-102,24,11,LOW
2024-01-22 23:30:00,J-103,20,13,LOW
2024-01-22 23:30:00,J-104,14,10,LOW
2024-01-22 23:30:00,J-105,12,13,LOW
2024-01-22 23:30:00,J-106,7,11,LOW
2024-01-22 23:30:00,J-107,5,10,LOW
2024-01-22 23:30:00,J-108,29,12,LOW
2024-01-22 23:45:00,J-101,30,12,LOW
2024-01-22 23:45:00,J-102,29,13,LOW
2024-01-22 23:45:00,J-103,18,11,LOW
2024-01-22 23:45:00,J-104,13,9,LOW
2024-01-22 23:45:00,J-105,10,10,LOW
2024-01-22 23:45:00,J-106,7,11,LOW
2024-01-22 23:45:00,J-107,5,10,LOW
2024-01-22 23:45:00,J-108,31,13,LOW
2024-01-23 00:00:00,J-101,28,11,LOW
2024-01-23 00:00:00,J-102,28,13,LOW
2024-01-23 00:00:00,J-103,19,12,LOW
2024-01-23 00:00:00,J-104,13,9,LOW
2024-01-23 00:00:00,J-105,13,14,LOW
2024-01-23 00:00:00,J-106,9,14,LOW
2024-01-23 00:00:00,J-107,6,13,LOW
2024-01-23 00:00:00,J-108,27,11,LOW
2024-01-23 00:15:00,J-101,24,9,LOW
2024-01-23 00:15:00,J-102,33,15,LOW
2024-01-23 00:15:00,J-103,20,13,LOW
2024-01-23 00:15:00,J-104,15,10,LOW
2024-01-23 00:15:00,J-105,11,11,LOW
2024-01-23 00:15:00,J-106,8,13,LOW
2024-01-23 00:15:00,J-107,5,10,LOW
2024-01-23 00:15:00,J-108,36,15,LOW
2024-01-23 00:30:00,J-101,30,12,LOW
2024-01-23 00:30:00,J-102,31,14,LOW
2024-01-23 00:30:00,J-103,17,11,LOW
2024-01-23 00:30:00,J-104,17,12,LOW
2024-01-23 00:30:00,J-105,11,11,LOW
2024-01-23 00:30:00,J-106,6,9,LOW
2024-01-23 00:30:00,J-107,4,8,LOW
2024-01-23 00:30:00,J-108,24,10,LOW
2024-01-23 00:45:00,J-101,34,13,LOW
2024-01-23 00:45:00,J-102,24,11,LOW
2024-01-23 00:45:00,J-103,23,14,LOW
2024-01-23 00:45:00,J-104,17,12,LOW
2024-01-23 00:45:00,J-105,11,11,LOW
2024-01-23 00:45:00,J-106,7,11,LOW
2024-01-23 00:45:00,J-107,5,10,LOW
2024-01-23 00:45:00,J-108,28,12,LOW
2024-01-23 01:00:00,J-101,4,1,LOW
2024-01-23 01:00:00,J-102,4,1,LOW
2024-01-23 01:00:00,J-103,3,1,LOW
2024-01-23 01:00:00,J-104,2,1,LOW
2024-01-23 01:00:00,J-105,1,1,LOW
2024-01-23 01:00:00,J-106,0,0,LOW
2024-01-23 01:00:00,J-107,1,2,LOW
2024-01-23 01:00:00,J-108,4,1,LOW
2024-01-23 01:15:00,J-101,5,2,LOW
2024-01-23 01:15:00,J-102,4,1,LOW
2024-01-23 01:15:00,J-103,3,1,LOW
2024-01-23 01:15:00,J-104,3,2,LOW
2024-01-23 01:15:00,J-105,2,2,LOW
2024-01-23 01:15:00,J-106,0,0,LOW
2024-01-23 01:15:00,J-107,0,0,LOW
2024-01-23 01:15:00,J-108,4,1,LOW
2024-01-23 01:30:00,J-101,3,1,LOW
2024-01-23 01:30:00,J-102,2,0,LOW
2024-01-23 01:30:00,J-103,2,1,LOW
2024-01-23 01:30:00,J-104,1,0,LOW
2024-01-23 01:30:00,J-105,1,1,LOW
2024-01-23 01:30:00,J-106,0,0,LOW
2024-01-23 01:30:00,J-107,0,0,LOW
2024-01-23 01:30:00,J-108,2,0,LOW
2024-01-23 01:45:00,J-101,2,0,LOW
2024-01-23 01:45:00,J-102,2,0,LOW
2024-01-23 01:45:00,J-103,1,0,LOW
2024-01-23 01:45:00,J-104,1,0,LOW
2024-01-23 01:45:00,J-105,1,1,LOW
2024-01-23 01:45:00,J-106,0,0,LOW
2024-01-23 01:45:00,J-107,0,0,LOW
2024-01-23 01:45:00,J-108,2,0,LOW
2024-01-23 02:00:00,J-101,4,1,LOW
2024-01-23 02:00:00,J-102,4,1,LOW
2024-01-23 02:00:00,J-103,2,1,LOW
2024-01-23 02:00:00,J-104,2,1,LOW
2024-01-23 02:00:00,J-105,1,1,LOW
2024-01-23 02:00:00,J-106,0,0,LOW
2024-01-23 02:00:00,J-107,0,0,LOW
2024-01-23 02:00:00,J-108,,1,LOW
2024-01-23 02:15:00,J-101,4,1,LOW
2024-01-23 02:15:00,J-102,3,1,LOW
2024-01-23 02:15:00,J-103,3,1,LOW
2024-01-23 02:15:00,J-104,2,1,LOW
2024-01-23 02:15:00,J-105,1,1,LOW
2024-01-23 02:15:00,J-106,1,1,LOW
2024-01-23 02:15:00,J-107,0,0,LOW
2024-01-23 02:15:00,J-108,4,1,LOW
2024-01-23 02:30:00,J-101,5,2,LOW
2024-01-23 02:30:00,J-102,4,1,LOW
2024-01-23 02:30:00,J-103,3,1,LOW
2024-01-23 02:30:00,J-104,3,2,LOW
2024-01-23 02:30:00,J-105,1,1,LOW
2024-01-23 02:30:00,J-106,1,1,LOW
2024-01-23 02:30:00,J-107,0,0,LOW
2024-01-23 02:30:00,J-108,4,1,LOW
2024-01-23 02:45:00,J-101,4,1,LOW
2024-01-23 02:45:00,J-102,4,1,LOW
2024-01-23 02:45:00,J-103,2,1,LOW
2024-01-23 02:45:00,J-104,2,1,LOW
2024-01-23 02:45:00,J-105,1,1,LOW
2024-01-23 02:45:00,J-106,1,1,LOW
2024-01-23 02:45:00,J-107,0,0,LOW
2024-01-23 02:45:00,J-108,4,1,LOW
2024-01-23 03:00:00,J-101,5,2,LOW
2024-01-23 03:00:00,J-102,4,1,LOW
2024-01-23 03:00:00,J-103,2,1,LOW
2024-01-23 03:00:00,J-104,2,1,LOW
2024-01-23 03:00:00,J-105,2,2,LOW
2024-01-23 03:00:00,J-106,1,1,LOW
2024-01-23 03:00:00,J-107,0,0,LOW
2024-01-23 03:00:00,J-108,4,1,LOW
2024-01-23 03:15:00,J-101,4,1,LOW
2024-01-23 03:15:00,J-102,4,1,LOW
2024-01-23 03:15:00,J-103,3,1,LOW
2024-01-23 03:15:00,J-104,2,1,LOW
2024-01-23 03:15:00,J-105,1,1,LOW
2024-01-23 03:15:00,J-106,1,1,LOW
2024-01-23 03:15:00,J-107,,0,LOW
2024-01-23 03:15:00,J-108,4,1,LOW
2024-01-23 03:30:00,J-101,4,1,LOW
2024-01-23 03:30:00,J-102,4,1,LOW
2024-01-23 03:30:00,J-103,2,1,LOW
2024-01-23 03:30:00,J-104,2,1,LOW
2024-01-23 03:30:00,J-105,2,2,LOW
2024-01-23 03:30:00,J-106,1,1,LOW
2024-01-23 03:30:00,J-107,0,0,LOW
2024-01-23 03:30:00,J-108,4,1,LOW
2024-01-23 03:45:00,J-101,4,1,LOW
2024-01-23 03:45:00,J-102,4,1,LOW
2024-01-23 03:45:00,J-103,3,1,LOW
2024-01-23 03:45:00,J-104,2,1,LOW
2024-01-23 03:45:00,J-105,1,1,LOW
2024-01-23 03:45:00,J-106,1,1,LOW
2024-01-23 03:45:00,J-107,0,0,LOW
2024-01-23 03:45:00,J-108,3,1,LOW
2024-01-23 04:00:00,J-101,4,1,LOW
2024-01-23 04:00:00,J-102,4,1,LOW
2024-01-23 04:00:00,J-103,3,1,LOW
2024-01-23 04:00:00,J-104,2,1,LOW
2024-01-23 04:00:00,J-105,1,1,LOW
2024-01-23 04:00:00,J-106,1,1,LOW
2024-01-23 04:00:00,J-107,1,2,LOW
2024-01-23 04:00:00,J-108,3,1,LOW
2024-01-23 04:15:00,J-101,5,2,LOW
2024-01-23 04:15:00,J-102,4,1,LOW
2024-01-23 04:15:00,J-103,2,1,LOW
2024-01-23 04:15:00,J-104,2,1,LOW
2024-01-23 04:15:00,J-105,1,1,LOW
2024-01-23 04:15:00,J-106,1,1,LOW
2024-01-23 04:15:00,J-107,0,0,LOW
2024-01-23 04:15:00,J-108,4,1,LOW
2024-01-23 04:30:00,J-101,4,1,LOW
2024-01-23 04:30:00,J-102,3,1,LOW
2024-01-23 04:30:00,J-103,2,1,LOW
2024-01-23 04:30:00,J-104,2,1,LOW
2024-01-23 04:30:00,J-105,1,1,LOW
2024-01-23 04:30:00,J-106,0,0,LOW
2024-01-23 04:30:00,J-107,0,0,LOW
2024-01-23 04:30:00,J-108,3,1,LOW
2024-01-23 04:45:00,J-101,6,2,LOW
2024-01-23 04:45:00,J-102,4,1,LOW
2024-01-23 04:45:00,J-103,2,1,LOW
2024-01-23 04:45:00,J-104,2,1,LOW
2024-01-23 04:45:00,J-105,1,1,LOW
2024-01-23 04:45:00,J-106,1,1,LOW
2024-01-23 04:45:00,J-107,0,0,LOW
2024-01-23 04:45:00,J-108,4,1,LOW
2024-01-23 05:00:00,J-101,4,1,LOW
2024-01-23 05:00:00,J-102,3,1,LOW
2024-01-23 05:00:00,J-103,2,1,LOW
2024-01-23 05:00:00,J-104,2,1,LOW
2024-01-23 05:00:00,J-105,1,1,LOW
2024-01-23 05:00:00,J-106,1,1,LOW
2024-01-23 05:00:00,J-107,1,2,LOW
2024-01-23 05:00:00,J-108,5,2,LOW
2024-01-23 05:15:00,J-101,22,8,LOW
2024-01-23 05:15:00,J-102,29,13,LOW
2024-01-23 05:15:00,J-103,20,13,LOW
2024-01-23 05:15:00,J-104,19,13,LOW
2024-01-23 05:15:00,J-105,10,10,LOW
2024-01-23 05:15:00,J-106,6,9,LOW
2024-01-23 05:15:00,J-107,6,13,LOW
2024-01-23 05:15:00,J-108,28,12,LOW
2024-01-23 05:30:00,J-101,28,11,LOW
2024-01-23 05:30:00,J-102,26,12,LOW
2024-01-23 05:30:00,J-103,21,13,LOW
2024-01-23 05:30:00,J-104,18,13,LOW
2024-01-23 05:30:00,J-105,11,11,LOW
2024-01-23 05:30:00,J-106,9,14,LOW
2024-01-23 05:30:00,J-107,7,15,LOW
2024-01-23 05:30:00,J-108,22,9,LOW
2024-01-23 05:45:00,J-101,29,11,LOW
2024-01-23 05:45:00,J-102,21,9,LOW
2024-01-23 05:45:00,J-103,17,11,LOW
2024-01-23 05:45:00,J-104,15,10,LOW
2024-01-23 05:45:00,J-105,10,10,LOW
2024-01-23 05:45:00,J-106,7,11,LOW
2024-01-23 05:45:00,J-107,4,8,LOW
2024-01-23 05:45:00,J-108,32,13,LOW
2024-01-23 06:00:00,J-101,28,11,LOW
2024-01-23 06:00:00,J-102,23,10,LOW
2024-01-23 06:00:00,J-103,18,11,LOW
2024-01-23 06:00:00,J-104,17,12,LOW
2024-01-23 06:00:00,J-105,14,15,LOW
2024-01-23 06:00:00,J-106,8,13,LOW
2024-01-23 06:00:00,J-107,6,13,LOW
2024-01-23 06:00:00,J-108,25,10,LOW
2024-01-23 06:15:00,J-101,29,11,LOW
2024-01-23 06:15:00,J-102,33,15,LOW
2024-01-23 06:15:00,J-103,17,11,LOW
2024-01-23 06:15:00,J-104,17,12,LOW
2024-01-23 06:15:00,J-105,13,14,LOW
2024-01-23 06:15:00,J-106,8,13,LOW
2024-01-23 06:15:00,J-107,6,13,LOW
2024-01-23 06:15:00,J-108,30,13,LOW
2024-01-23 06:30:00,J-101,16,6,LOW
2024-01-23 06:30:00,J-102,16,7,LOW
2024-01-23 06:30:00,J-103,9,5,LOW
2024-01-23 06:30:00,J-104,11,7,LOW
2024-01-23 06:30:00,J-105,7,7,LOW
2024-01-23 06:30:00,J-106,4,6,LOW
2024-01-23 06:30:00,J-107,4,8,LOW
2024-01-23 06:30:00,J-108,17,7,LOW
2024-01-23 06:45:00,J-101,23,9,LOW
2024-01-23 06:45:00,J-102,25,11,LOW
2024-01-23 06:45:00,J-103,14,9,LOW
2024-01-23 06:45:00,J-104,15,10,LOW
2024-01-23 06:45:00,J-105,10,10,LOW
2024-01-23 06:45:00,J-106,5,8,LOW
2024-01-23 06:45:00,J-107,5,10,LOW
2024-01-23 06:45:00,J-108,24,10,LOW
2024-01-23 07:00:00,J-101,,12,LOW
2024-01-23 07:00:00,J-102,30,13,LOW
2024-01-23 07:00:00,J-103,20,13,LOW
2024-01-23 07:00:00,J-104,19,13,LOW
2024-01-23 07:00:00,J-105,12,13,LOW
2024-01-23 07:00:00,J-106,8,13,LOW
2024-01-23 07:00:00,J-107,5,10,LOW
2024-01-23 07:00:00,J-108,33,14,LOW
2024-01-23 07:15:00,J-101,26,,LOW
2024-01-23 07:15:00,J-102,17,7,LOW
2024-01-23 07:15:00,J-103,16,10,LOW
2024-01-23 07:15:00,J-104,17,12,LOW
2024-01-23 07:15:00,J-105,9,9,LOW
2024-01-23 07:15:00,J-106,6,9,LOW
2024-01-23 07:15:00,J-107,5,10,LOW
2024-01-23 07:15:00,J-108,27,11,LOW
2024-01-23 07:30:00,J-101,80,32,LOW
2024-01-23 07:30:00,J-102,64,29,LOW
2024-01-23 07:30:00,J-103,38,24,LOW
2024-01-23 07:30:00,J-104,39,28,LOW
2024-01-23 07:30:00,J-105,29,31,LOW
2024-01-23 07:30:00,J-106,19,30,LOW
2024-01-23 07:30:00,J-107,14,30,LOW
2024-01-23 07:30:00,J-108,67,29,LOW
2024-01-23 07:45:00,J-101,76,30,LOW
2024-01-23 07:45:00,J-102,82,38,LOW
2024-01-23 07:45:00,J-103,50,32,LOW
2024-01-23 07:45:00,J-104,65,46,MODERATE
2024-01-23 07:45:00,J-105,35,37,LOW
2024-01-23 07:45:00,J-106,26,42,MODERATE
2024-01-23 07:45:00,J-107,17,36,LOW
2024-01-23 07:45:00,J-108,88,38,LOW
2024-01-23 08:00:00,J-101,81,32,LOW
2024-01-23 08:00:00,J-102,75,34,LOW
2024-01-23 08:00:00,J-103,45,29,LOW
2024-01-23 08:00:00,J-104,51,36,LOW
2024-01-23 08:00:00,J-105,23,24,LOW
2024-01-23 08:00:00,J-106,19,30,LOW
2024-01-23 08:00:00,J-107,10,21,LOW
2024-01-23 08:00:00,J-108,86,37,LOW
2024-01-23 08:15:00,J-101,137,55,MODERATE
2024-01-23 08:15:00,J-102,135,62,MODERATE
2024-01-23 08:15:00,J-103,85,55,MODERATE
2024-01-23 08:15:00,J-104,75,54,MODERATE
2024-01-23 08:15:00,J-105,52,56,MODERATE
2024-01-23 08:15:00,J-106,38,61,MODERATE
2024-01-23 08:15:00,J-107,24,52,MODERATE
2024-01-23 08:15:00,J-108,123,53,MODERATE
2024-01-23 08:30:00,J-101,128,52,MODERATE
2024-01-23 08:30:00,J-102,123,57,MODERATE
2024-01-23 08:30:00,J-103,131,85,HIGH
2024-01-23 08:30:00,J-104,66,47,MODERATE
2024-01-23 08:30:00,J-105,59,63,MODERATE
2024-01-23 08:30:00,J-106,34,55,MODERATE
2024-01-23 08:30:00,J-107,24,52,MODERATE
2024-01-23 08:30:00,J-108,149,64,MODERATE
2024-01-23 08:45:00,J-101,176,71,HIGH
2024-01-23 08:45:00,J-102,133,61,MODERATE
2024-01-23 08:45:00,J-103,95,61,MODERATE
2024-01-23 08:45:00,J-104,103,74,HIGH
2024-01-23 08:45:00,J-105,70,75,HIGH
2024-01-23 08:45:00,J-106,32,52,MODERATE
2024-01-23 08:45:00,J-107,33,71,HIGH
2024-01-23 08:45:00,J-108,159,68,MODERATE
2024-01-23 09:00:00,J-101,146,59,MODERATE
2024-01-23 09:00:00,J-102,104,48,MODERATE
2024-01-23 09:00:00,J-103,82,53,MODERATE
2024-01-23 09:00:00,J-104,77,55,MODERATE
2024-01-23 09:00:00,J-105,41,44,MODERATE
2024-01-23 09:00:00,J-106,37,60,MODERATE
2024-01-23 09:00:00,J-107,25,54,MODERATE
2024-01-23 09:00:00,J-108,95,41,MODERATE
2024-01-23 09:15:00,J-101,157,63,MODERATE
2024-01-23 09:15:00,J-102,105,48,MODERATE
2024-01-23 09:15:00,J-103,93,60,MODERATE
2024-01-23 09:15:00,J-104,90,65,MODERATE
2024-01-23 09:15:00,J-105,47,50,MODERATE
2024-01-23 09:15:00,J-106,38,61,MODERATE
2024-01-23 09:15:00,J-107,34,73,HIGH
2024-01-23 09:15:00,J-108,138,59,MODERATE
2024-01-23 09:30:00,J-101,117,47,MODERATE
2024-01-23 09:30:00,J-102,116,53,MODERATE
2024-01-23 09:30:00,J-103,79,51,MODERATE
2024-01-23 09:30:00,J-104,68,49,MODERATE
2024-01-23 09:30:00,J-105,47,50,MODERATE
2024-01-23 09:30:00,J-106,30,48,MODERATE
2024-01-23 09:30:00,J-107,26,56,MODERATE
2024-01-23 09:30:00,J-108,104,45,MODERATE
2024-01-23 09:45:00,J-101,92,37,LOW
2024-01-23 09:45:00,J-102,114,52,MODERATE
2024-01-23 09:45:00,J-103,71,46,MODERATE
2024-01-23 09:45:00,J-104,62,44,MODERATE
2024-01-23 09:45:00,J-105,42,45,MODERATE
2024-01-23 09:45:00,J-106,31,50,MODERATE
2024-01-23 09:45:00,J-107,19,41,MODERATE
2024-01-23 09:45:00,J-108,99,42,MODERATE
2024-01-23 10:00:00,J-101,80,32,LOW
2024-01-23 10:00:00,J-102,59,27,LOW
2024-01-23 10:00:00,J-103,49,31,LOW
2024-01-23 10:00:00,J-104,44,31,LOW
2024-01-23 10:00:00,J-105,27,29,LOW
2024-01-23 10:00:00,J-106,22,35,LOW
2024-01-23 10:00:00,J-107,12,26,LOW
2024-01-23 10:00:00,J-108,75,32,LOW
2024-01-23 10:15:00,J-101,31,12,LOW
2024-01-23 10:15:00,J-102,29,13,LOW
2024-01-23 10:15:00,J-103,22,14,LOW
2024-01-23 10:15:00,J-104,19,13,LOW
2024-01-23 10:15:00,J-105,12,13,LOW
2024-01-23 10:15:00,J-106,9,14,LOW
2024-01-23 10:15:00,J-107,4,8,LOW
2024-01-23 10:15:00,J-108,36,15,LOW
2024-01-23 10:30:00,J-101,36,14,LOW
2024-01-23 10:30:00,J-102,29,13,LOW
2024-01-23 10:30:00,J-103,18,11,LOW
2024-01-23 10:30:00,J-104,15,10,LOW
2024-01-23 10:30:00,J-105,11,11,LOW
2024-01-23 10:30:00,J-106,8,13,LOW
2024-01-23 10:30:00,J-107,5,10,LOW
2024-01-23 10:30:00,J-108,38,16,LOW
2024-01-23 10:45:00,J-101,32,13,LOW
2024-01-23 10:45:00,J-102,24,11,LOW
2024-01-23 10:45:00,J-103,19,12,LOW
2024-01-23 10:45:00,J-104,15,10,LOW
2024-01-23 10:45:00,J-105,10,10,LOW
2024-01-23 10:45:00,J-106,7,11,LOW
2024-01-23 10:45:00,J-107,5,10,LOW
2024-01-23 10:45:00,J-108,26,11,LOW
2024-01-23 11:00:00,J-101,34,13,LOW
2024-01-23 11:00:00,J-102,26,12,LOW
2024-01-23 11:00:00,J-103,21,13,LOW
2024-01-23 11:00:00,J-104,20,14,LOW
2024-01-23 11:00:00,J-105,11,11,LOW
2024-01-23 11:00:00,J-106,7,11,LOW
2024-01-23 11:00:00,J-107,6,13,LOW
2024-01-23 11:00:00,J-108,34,14,LOW
2024-01-23 11:15:00,J-101,29,11,LOW
2024-01-23 11:15:00,J-102,35,16,LOW
2024-01-23 11:15:00,J-103,22,14,LOW
2024-01-23 11:15:00,J-104,19,13,LOW
2024-01-23 11:15:00,J-105,11,11,LOW
2024-01-23 11:15:00,J-106,9,14,LOW
2024-01-23 11:15:00,J-107,5,10,LOW
2024-01-23 11:15:00,J-108,31,13,LOW
2024-01-23 11:30:00,J-101,33,13,LOW
2024-01-23 11:30:00,J-102,32,14,LOW
2024-01-23 11:30:00,J-103,21,13,LOW
2024-01-23 11:30:00,J-104,19,13,LOW
2024-01-23 11:30:00,J-105,13,14,LOW
2024-01-23 11:30:00,J-106,7,11,LOW
2024-01-23 11:30:00,J-107,5,10,LOW
2024-01-23 11:30:00,J-108,32,13,LOW
2024-01-23 11:45:00,J-101,35,14,LOW
2024-01-23 11:45:00,J-102,29,13,LOW
2024-01-23 11:45:00,J-103,19,12,LOW
2024-01-23 11:45:00,J-104,18,13,LOW
2024-01-23 11:45:00,J-105,14,15,LOW
2024-01-23 11:45:00,J-106,6,9,LOW
2024-01-23 11:45:00,J-107,5,10,LOW
2024-01-23 11:45:00,J-108,34,14,LOW
2024-01-23 12:00:00,J-101,64,26,LOW
2024-01-23 12:00:00,J-102,43,19,LOW
2024-01-23 12:00:00,J-103,36,23,LOW
2024-01-23 12:00:00,J-104,36,26,LOW
2024-01-23 12:00:00,J-105,23,24,LOW
2024-01-23 12:00:00,J-106,16,26,LOW
2024-01-23 12:00:00,J-107,10,21,LOW
2024-01-23 12:00:00,J-108,56,24,LOW
2024-01-23 12:15:00,J-101,58,23,LOW
2024-01-23 12:15:00,J-102,59,27,LOW
2024-01-23 12:15:00,J-103,40,26,LOW
2024-01-23 12:15:00,J-104,34,24,LOW
2024-01-23 12:15:00,J-105,25,27,LOW
2024-01-23 12:15:00,J-106,15,24,LOW
2024-01-23 12:15:00,J-107,11,23,LOW
2024-01-23 12:15:00,J-108,47,20,LOW
2024-01-23 12:30:00,J-101,61,24,LOW
2024-01-23 12:30:00,J-102,64,29,LOW
2024-01-23 12:30:00,J-103,36,23,LOW
2024-01-23 12:30:00,J-104,31,22,LOW
2024-01-23 12:30:00,J-105,20,21,LOW
2024-01-23 12:30:00,J-106,17,27,LOW
2024-01-23 12:30:00,J-107,12,26,LOW
2024-01-23 12:30:00,J-108,52,22,LOW
2024-01-23 12:45:00,J-101,41,16,LOW
2024-01-23 12:45:00,J-102,49,22,LOW
2024-01-23 12:45:00,J-103,42,27,LOW
2024-01-23 12:45:00,J-104,33,23,LOW
2024-01-23 12:45:00,J-105,23,24,LOW
2024-01-23 12:45:00,J-106,12,19,LOW
2024-01-23 12:45:00,J-107,8,17,LOW
2024-01-23 12:45:00,J-108,60,26,LOW
2024-01-23 13:00:00,J-101,55,22,LOW
2024-01-23 13:00:00,J-102,40,18,LOW
2024-01-23 13:00:00,J-103,35,22,LOW
2024-01-23 13:00:00,J-104,23,16,LOW
2024-01-23 13:00:00,J-105,22,23,LOW
2024-01-23 13:00:00,J-106,14,22,LOW
2024-01-23 13:00:00,J-107,9,19,LOW
2024-01-23 13:00:00,J-108,50,21,LOW
2024-01-23 13:15:00,J-101,54,21,LOW
2024-01-23 13:15:00,J-102,58,26,LOW
2024-01-23 13:15:00,J-103,45,29,LOW
2024-01-23 13:15:00,J-104,33,23,LOW
2024-01-23 13:15:00,J-105,25,27,LOW
2024-01-23 13:15:00,J-106,15,24,LOW
2024-01-23 13:15:00,J-107,10,21,LOW
2024-01-23 13:15:00,J-108,58,25,LOW
2024-01-23 13:30:00,J-101,66,26,LOW
2024-01-23 13:30:00,J-102,63,29,LOW
2024-01-23 13:30:00,J-103,33,21,LOW
2024-01-23 13:30:00,J-104,32,23,LOW
2024-01-23 13:30:00,J-105,18,19,LOW
2024-01-23 13:30:00,J-106,13,21,LOW
2024-01-23 13:30:00,J-107,13,28,LOW
2024-01-23 13:30:00,J-108,60,26,LOW
2024-01-23 13:45:00,J-101,33,13,LOW
2024-01-23 13:45:00,J-102,25,11,LOW
2024-01-23 13:45:00,J-103,23,14,LOW
2024-01-23 13:45:00,J-104,19,13,LOW
2024-01-23 13:45:00,J-105,11,11,LOW
2024-01-23 13:45:00,J-106,10,16,LOW
2024-01-23 13:45:00,J-107,5,10,LOW
2024-01-23 13:45:00,J-108,26,11,LOW
2024-01-23 14:00:00,J-101,33,13,LOW
2024-01-23 14:00:00,J-102,30,13,LOW
2024-01-23 14:00:00,J-103,22,14,LOW
2024-01-23 14:00:00,J-104,17,12,LOW
2024-01-23 14:00:00,J-105,13,14,LOW
2024-01-23 14:00:00,J-106,7,11,LOW
2024-01-23 14:00:00,J-107,5,10,LOW
2024-01-23 14:00:00,J-108,33,14,LOW
2024-01-23 14:15:00,J-101,28,11,LOW
2024-01-23 14:15:00,J-102,31,14,LOW
2024-01-23 14:15:00,J-103,18,11,LOW
2024-01-23 14:15:00,J-104,16,11,LOW
2024-01-23 14:15:00,J-105,13,14,LOW
2024-01-23 14:15:00,J-106,7,11,LOW
2024-01-23 14:15:00,J-107,6,13,LOW
2024-01-23 14:15:00,J-108,33,14,LOW
2024-01-23 14:30:00,J-101,37,15,LOW
2024-01-23 14:30:00,J-102,23,10,LOW
2024-01-23 14:30:00,J-103,20,13,LOW
2024-01-23 14:30:00,J-104,12,8,LOW
2024-01-23 14:30:00,J-105,9,9,LOW
2024-01-23 14:30:00,J-106,8,13,LOW
2024-01-23 14:30:00,J-107,5,10,LOW
2024-01-23 14:30:00,J-108,21,9,LOW
2024-01-23 14:45:00,J-101,25,10,LOW
2024-01-23 14:45:00,J-102,27,12,LOW
2024-01-23 14:45:00,J-103,18,11,LOW
2024-01-23 14:45:00,J-104,17,12,LOW
2024-01-23 14:45:00,J-105,10,10,LOW
2024-01-23 14:45:00,J-106,8,13,LOW
2024-01-23 14:45:00,J-107,6,13,LOW
2024-01-23 14:45:00,J-108,27,11,LOW
2024-01-23 15:00:00,J-101,28,11,LOW
2024-01-23 15:00:00,J-102,22,10,LOW
2024-01-23 15:00:00,J-103,17,11,LOW
2024-01-23 15:00:00,J-104,17,12,LOW
2024-01-23 15:00:00,J-105,9,9,LOW
2024-01-23 15:00:00,J-106,7,11,LOW
2024-01-23 15:00:00,J-107,5,10,LOW
2024-01-23 15:00:00,J-108,24,10,LOW
2024-01-23 15:15:00,J-101,27,10,LOW
2024-01-23 15:15:00,J-102,19,8,LOW
2024-01-23 15:15:00,J-103,17,11,LOW
2024-01-23 15:15:00,J-104,16,11,LOW
2024-01-23 15:15:00,J-105,10,10,LOW
2024-01-23 15:15:00,J-106,7,11,LOW
2024-01-23 15:15:00,J-107,4,8,LOW
2024-01-23 15:15:00,J-108,21,9,LOW
2024-01-23 15:30:00,J-101,26,10,LOW
2024-01-23 15:30:00,J-102,22,10,LOW
2024-01-23 15:30:00,J-103,21,13,LOW
2024-01-23 15:30:00,J-104,16,11,LOW
2024-01-23 15:30:00,J-105,12,13,LOW
2024-01-23 15:30:00,J-106,6,9,LOW
2024-01-23 15:30:00,J-107,6,13,LOW
2024-01-23 15:30:00,J-108,32,13,LOW
2024-01-23 15:45:00,J-101,34,13,LOW
2024-01-23 15:45:00,J-102,22,10,LOW
2024-01-23 15:45:00,J-103,16,10,LOW
2024-01-23 15:45:00,J-104,14,10,LOW
2024-01-23 15:45:00,J-105,9,9,LOW
2024-01-23 15:45:00,J-106,6,9,LOW
2024-01-23 15:45:00,J-107,5,10,LOW
2024-01-23 15:45:00,J-108,24,10,LOW
2024-01-23 16:00:00,J-101,33,13,LOW
2024-01-23 16:00:00,J-102,27,12,LOW
2024-01-23 16:00:00,J-103,18,11,LOW
2024-01-23 16:00:00,J-104,20,14,LOW
2024-01-23 16:00:00,J-105,12,13,LOW
2024-01-23 16:00:00,J-106,7,11,LOW
2024-01-23 16:00:00,J-107,6,13,LOW
2024-01-23 16:00:00,J-108,30,13,LOW
2024-01-23 16:15:00,J-101,31,12,LOW
2024-01-23 16:15:00,J-102,24,11,LOW
2024-01-23 16:15:00,J-103,20,13,LOW
2024-01-23 16:15:00,J-104,15,10,LOW
2024-01-23 16:15:00,J-105,12,13,LOW
2024-01-23 16:15:00,J-106,7,11,LOW
2024-01-23 16:15:00,J-107,5,10,LOW
2024-01-23 16:15:00,J-108,34,14,LOW
2024-01-23 16:30:00,J-101,84,34,LOW
2024-01-23 16:30:00,J-102,77,35,LOW
2024-01-23 16:30:00,J-103,68,44,MODERATE
2024-01-23 16:30:00,J-104,49,35,LOW
2024-01-23 16:30:00,J-105,36,39,LOW
2024-01-23 16:30:00,J-106,19,30,LOW
2024-01-23 16:30:00,J-107,21,45,MODERATE
2024-01-23 16:30:00,J-108,93,40,MODERATE
2024-01-23 16:45:00,J-101,102,41,MODERATE
2024-01-23 16:45:00,J-102,96,44,MODERATE
2024-01-23 16:45:00,J-103,66,42,MODERATE
2024-01-23 16:45:00,J-104,62,44,MODERATE
2024-01-23 16:45:00,J-105,37,40,MODERATE
2024-01-23 16:45:00,J-106,23,37,LOW
2024-01-23 16:45:00,J-107,18,39,LOW
2024-01-23 16:45:00,J-108,103,44,MODERATE
2024-01-23 17:00:00,J-101,85,34,LOW
2024-01-23 17:00:00,J-102,96,44,MODERATE
2024-01-23 17:00:00,J-103,70,45,MODERATE
2024-01-23 17:00:00,J-104,59,42,MODERATE
2024-01-23 17:00:00,J-105,38,41,MODERATE
2024-01-23 17:00:00,J-106,26,42,MODERATE
2024-01-23 17:00:00,J-107,22,47,MODERATE
2024-01-23 17:00:00,J-108,121,52,MODERATE
2024-01-23 17:15:00,J-101,138,56,MODERATE
2024-01-23 17:15:00,J-102,118,54,MODERATE
2024-01-23 17:15:00,J-103,81,52,MODERATE
2024-01-23 17:15:00,J-104,76,54,MODERATE
2024-01-23 17:15:00,J-105,37,40,MODERATE
2024-01-23 17:15:00,J-106,48,78,HIGH
2024-01-23 17:15:00,J-107,27,58,MODERATE
2024-01-23 17:15:00,J-108,129,55,MODERATE
2024-01-23 17:30:00,J-101,106,43,MODERATE
2024-01-23 17:30:00,J-102,138,64,MODERATE
2024-01-23 17:30:00,J-103,89,57,MODERATE
2024-01-23 17:30:00,J-104,85,61,MODERATE
2024-01-23 17:30:00,J-105,60,65,MODERATE
2024-01-23 17:30:00,J-106,44,71,HIGH
2024-01-23 17:30:00,J-107,27,58,MODERATE
2024-01-23 17:30:00,J-108,146,63,MODERATE
2024-01-23 17:45:00,J-101,130,52,MODERATE
2024-01-23 17:45:00,J-102,142,65,MODERATE
2024-01-23 17:45:00,J-103,120,78,HIGH
2024-01-23 17:45:00,J-104,73,52,MODERATE
2024-01-23 17:45:00,J-105,62,67,MODERATE
2024-01-23 17:45:00,J-106,36,58,MODERATE
2024-01-23 17:45:00,J-107,30,65,MODERATE
2024-01-23 17:45:00,J-108,133,57,MODERATE
2024-01-23 18:00:00,J-101,153,62,MODERATE
2024-01-23 18:00:00,J-102,154,71,HIGH
2024-01-23 18:00:00,J-103,98,63,MODERATE
2024-01-23 18:00:00,J-104,82,59,MODERATE
2024-01-23 18:00:00,J-105,70,75,HIGH
2024-01-23 18:00:00,J-106,41,66,MODERATE
2024-01-23 18:00:00,J-107,27,58,MODERATE
2024-01-23 18:00:00,J-108,166,71,HIGH
2024-01-23 18:15:00,J-101,127,51,MODERATE
2024-01-23 18:15:00,J-102,154,71,HIGH
2024-01-23 18:15:00,J-103,71,46,MODERATE
2024-01-23 18:15:00,J-104,67,48,MODERATE
2024-01-23 18:15:00,J-105,57,61,MODERATE
2024-01-23 18:15:00,J-106,40,65,MODERATE
2024-01-23 18:15:00,J-107,22,47,MODERATE
2024-01-23 18:15:00,J-108,135,58,MODERATE
2024-01-23 18:30:00,J-101,166,67,MODERATE
2024-01-23 18:30:00,J-102,100,46,MODERATE
2024-01-23 18:30:00,J-103,86,55,MODERATE
2024-01-23 18:30:00,J-104,91,65,MODERATE
2024-01-23 18:30:00,J-105,51,55,MODERATE
2024-01-23 18:30:00,J-106,35,56,MODERATE
2024-01-23 18:30:00,J-107,28,60,MODERATE
2024-01-23 18:30:00,J-108,139,60,MODERATE
2024-01-23 18:45:00,J-101,159,64,MODERATE
2024-01-23 18:45:00,J-102,123,57,MODERATE
2024-01-23 18:45:00,J-103,83,53,MODERATE
2024-01-23 18:45:00,J-104,76,54,MODERATE
2024-01-23 18:45:00,J-105,48,52,MODERATE
2024-01-23 18:45:00,J-106,32,52,MODERATE
2024-01-23 18:45:00,J-107,27,58,MODERATE
2024-01-23 18:45:00,J-108,112,48,MODERATE
2024-01-23 19:00:00,J-101,120,48,MODERATE
2024-01-23 19:00:00,J-102,119,55,MODERATE
2024-01-23 19:00:00,J-103,78,50,MODERATE
2024-01-23 19:00:00,J-104,75,54,MODERATE
2024-01-23 19:00:00,J-105,40,43,MODERATE
2024-01-23 19:00:00,J-106,36,58,MODERATE
2024-01-23 19:00:00,J-107,23,49,MODERATE
2024-01-23 19:00:00,J-108,116,50,MODERATE
2024-01-23 19:15:00,J-101,72,29,LOW
2024-01-23 19:15:00,J-102,61,28,LOW
2024-01-23 19:15:00,J-103,42,27,LOW
2024-01-23 19:15:00,J-104,37,26,LOW
2024-01-23 19:15:00,J-105,28,30,LOW
2024-01-23 19:15:00,J-106,16,26,LOW
2024-01-23 19:15:00,J-107,10,21,LOW
2024-01-23 19:15:00,J-108,59,25,LOW
2024-01-23 19:30:00,J-101,72,29,LOW
2024-01-23 19:30:00,J-102,69,32,LOW
2024-01-23 19:30:00,J-103,61,39,LOW
2024-01-23 19:30:00,J-104,48,34,LOW
2024-01-23 19:30:00,J-105,31,33,LOW
2024-01-23 19:30:00,J-106,20,32,LOW
2024-01-23 19:30:00,J-107,17,36,LOW
2024-01-23 19:30:00,J-108,80,34,LOW
2024-01-23 19:45:00,J-101,21,8,LOW
2024-01-23 19:45:00,J-102,24,11,LOW
2024-01-23 19:45:00,J-103,18,11,LOW
2024-01-23 19:45:00,J-104,15,10,LOW
2024-01-23 19:45:00,J-105,12,13,LOW
2024-01-23 19:45:00,J-106,6,9,LOW
2024-01-23 19:45:00,J-107,4,8,LOW
2024-01-23 19:45:00,J-108,19,8,LOW
2024-01-23 20:00:00,J-101,30,12,LOW
2024-01-23 20:00:00,J-102,27,12,LOW
2024-01-23 20:00:00,J-103,19,12,LOW
2024-01-23 20:00:00,J-104,17,12,LOW
2024-01-23 20:00:00,J-105,9,9,LOW
2024-01-23 20:00:00,J-106,7,11,LOW
2024-01-23 20:00:00,J-107,5,10,LOW
2024-01-23 20:00:00,J-108,20,8,LOW
2024-01-23 20:15:00,J-101,20,8,LOW
2024-01-23 20:15:00,J-102,17,7,LOW
2024-01-23 20:15:00,J-103,14,9,LOW
2024-01-23 20:15:00,J-104,13,9,LOW
2024-01-23 20:15:00,J-105,9,9,LOW
2024-01-23 20:15:00,J-106,5,8,LOW
2024-01-23 20:15:00,J-107,4,8,LOW
2024-01-23 20:15:00,J-108,21,9,LOW
2024-01-23 20:30:00,J-101,30,12,LOW
2024-01-23 20:30:00,J-102,29,13,LOW
2024-01-23 20:30:00,J-103,23,14,LOW
2024-01-23 20:30:00,J-104,16,11,LOW
2024-01-23 20:30:00,J-105,12,13,LOW
2024-01-23 20:30:00,J-106,7,11,LOW
2024-01-23 20:30:00,J-107,5,10,LOW
2024-01-23 20:30:00,J-108,28,12,LOW
2024-01-23 20:45:00,J-101,30,12,LOW
2024-01-23 20:45:00,J-102,30,13,LOW
2024-01-23 20:45:00,J-103,19,12,LOW
2024-01-23 20:45:00,J-104,16,11,LOW
2024-01-23 20:45:00,J-105,11,11,LOW
2024-01-23 20:45:00,J-106,7,11,LOW
2024-01-23 20:45:00,J-107,4,8,LOW
2024-01-23 20:45:00,J-108,29,12,LOW
2024-01-23 21:00:00,J-101,27,10,LOW
2024-01-23 21:00:00,J-102,25,11,LOW
2024-01-23 21:00:00,J-103,15,9,LOW
2024-01-23 21:00:00,J-104,13,9,LOW
2024-01-23 21:00:00,J-105,11,11,LOW
2024-01-23 21:00:00,J-106,6,9,LOW
2024-01-23 21:00:00,J-107,5,10,LOW
2024-01-23 21:00:00,J-108,31,13,LOW
2024-01-23 21:15:00,J-101,24,9,LOW
2024-01-23 21:15:00,J-102,28,13,LOW
2024-01-23 21:15:00,J-103,17,11,LOW
2024-01-23 21:15:00,J-104,14,10,LOW
2024-01-23 21:15:00,J-105,10,10,LOW
2024-01-23 21:15:00,J-106,6,9,LOW
2024-01-23 21:15:00,J-107,3,6,LOW
2024-01-23 21:15:00,J-108,18,7,LOW
2024-01-23 21:30:00,J-101,28,,LOW
2024-01-23 21:30:00,J-102,22,10,LOW
2024-01-23 21:30:00,J-103,19,12,LOW
2024-01-23 21:30:00,J-104,14,10,LOW
2024-01-23 21:30:00,J-105,12,13,LOW
2024-01-23 21:30:00,J-106,6,9,LOW
2024-01-23 21:30:00,J-107,5,10,LOW
2024-01-23 21:30:00,J-108,30,13,LOW
2024-01-23 21:45:00,J-101,32,13,LOW
2024-01-23 21:45:00,J-102,25,11,LOW
2024-01-23 21:45:00,J-103,24,15,LOW
2024-01-23 21:45:00,J-104,19,13,LOW
2024-01-23 21:45:00,J-105,13,14,LOW
2024-01-23 21:45:00,J-106,9,14,LOW
2024-01-23 21:45:00,J-107,6,13,LOW
2024-01-23 21:45:00,J-108,31,13,LOW
2024-01-23 22:00:00,J-101,27,10,LOW
2024-01-23 22:00:00,J-102,24,11,LOW
2024-01-23 22:00:00,J-103,17,11,LOW
2024-01-23 22:00:00,J-104,16,11,LOW
2024-01-23 22:00:00,J-105,11,11,LOW
2024-01-23 22:00:00,J-106,6,9,LOW
2024-01-23 22:00:00,J-107,4,8,LOW
2024-01-23 22:00:00,J-108,23,9,LOW
2024-01-23 22:15:00,J-101,26,10,LOW
2024-01-23 22:15:00,J-102,23,10,LOW
2024-01-23 22:15:00,J-103,19,12,LOW
2024-01-23 22:15:00,J-104,21,15,LOW
2024-01-23 22:15:00,J-105,10,10,LOW
2024-01-23 22:15:00,J-106,7,11,LOW
2024-01-23 22:15:00,J-107,6,13,LOW
2024-01-23 22:15:00,J-108,32,13,LOW
2024-01-23 22:30:00,J-101,30,12,LOW
2024-01-23 22:30:00,J-102,23,10,LOW
2024-01-23 22:30:00,J-103,20,13,LOW
2024-01-23 22:30:00,J-104,16,11,LOW
2024-01-23 22:30:00,J-105,12,13,LOW
2024-01-23 22:30:00,J-106,8,13,LOW
2024-01-23 22:30:00,J-107,5,10,LOW
2024-01-23 22:30:00,J-108,30,13,LOW
2024-01-23 22:45:00,J-101,24,9,LOW
2024-01-23 22:45:00,J-102,31,14,LOW
2024-01-23 22:45:00,J-103,14,9,LOW
2024-01-23 22:45:00,J-104,16,11,LOW
2024-01-23 22:45:00,J-105,11,11,LOW
2024-01-23 22:45:00,J-106,7,11,LOW
2024-01-23 22:45:00,J-107,5,10,LOW
2024-01-23 22:45:00,J-108,32,13,LOW
2024-01-23 23:00:00,J-101,29,11,LOW
2024-01-23 23:00:00,J-102,30,13,LOW
2024-01-23 23:00:00,J-103,19,12,LOW
2024-01-23 23:00:00,J-104,16,11,LOW
2024-01-23 23:00:00,J-105,10,10,LOW
2024-01-23 23:00:00,J-106,8,13,LOW
2024-01-23 23:00:00,J-107,6,13,LOW
2024-01-23 23:00:00,J-108,30,13,LOW
2024-01-23 23:15:00,J-101,24,9,LOW
2024-01-23 23:15:00,J-102,23,10,LOW
2024-01-23 23:15:00,J-103,21,13,LOW
2024-01-23 23:15:00,J-104,13,9,LOW
2024-01-23 23:15:00,J-105,8,8,LOW
2024-01-23 23:15:00,J-106,8,13,LOW
2024-01-23 23:15:00,J-107,4,8,LOW
2024-01-23 23:15:00,J-108,22,9,LOW
2024-01-23 23:30:00,J-101,32,13,LOW
2024-01-23 23:30:00,J-102,31,14,LOW
2024-01-23 23:30:00,J-103,19,12,LOW
2024-01-23 23:30:00,J-104,18,13,LOW
2024-01-23 23:30:00,J-105,9,9,LOW
2024-01-23 23:30:00,J-106,7,11,LOW
2024-01-23 23:30:00,J-107,,13,LOW
2024-01-23 23:30:00,J-108,25,10,LOW
2024-01-23 23:45:00,J-101,23,9,LOW
2024-01-23 23:45:00,J-102,25,11,LOW
2024-01-23 23:45:00,J-103,19,12,LOW
2024-01-23 23:45:00,J-104,17,12,LOW
2024-01-23 23:45:00,J-105,,13,LOW
2024-01-23 23:45:00,J-106,6,9,LOW
2024-01-23 23:45:00,J-107,5,10,LOW
2024-01-23 23:45:00,J-108,25,10,LOW
2024-01-24 00:00:00,J-101,36,14,LOW
2024-01-24 00:00:00,J-102,30,13,LOW
2024-01-24 00:00:00,J-103,14,9,LOW
2024-01-24 00:00:00,J-104,21,15,LOW
2024-01-24 00:00:00,J-105,12,13,LOW
2024-01-24 00:00:00,J-106,9,14,LOW
2024-01-24 00:00:00,J-107,6,13,LOW
2024-01-24 00:00:00,J-108,30,13,LOW
2024-01-24 00:15:00,J-101,31,12,LOW
2024-01-24 00:15:00,J-102,32,14,LOW
2024-01-24 00:15:00,J-103,21,13,LOW
2024-01-24 00:15:00,J-104,15,10,LOW
2024-01-24 00:15:00,J-105,12,13,LOW
2024-01-24 00:15:00,J-106,7,11,LOW
2024-01-24 00:15:00,J-107,5,10,LOW
2024-01-24 00:15:00,J-108,27,11,LOW
2024-01-24 00:30:00,J-101,24,9,LOW
2024-01-24 00:30:00,J-102,26,12,LOW
2024-01-24 00:30:00,J-103,20,13,LOW
2024-01-24 00:30:00,J-104,17,12,LOW
2024-01-24 00:30:00,J-105,11,11,LOW
2024-01-24 00:30:00,J-106,7,11,LOW
2024-01-24 00:30:00,J-107,5,10,LOW
2024-01-24 00:30:00,J-108,26,11,LOW
2024-01-24 00:45:00,J-101,26,10,LOW
2024-01-24 00:45:00,J-102,25,11,LOW
2024-01-24 00:45:00,J-103,18,11,LOW
2024-01-24 00:45:00,J-104,15,10,LOW
2024-01-24 00:45:00,J-105,10,10,LOW
2024-01-24 00:45:00,J-106,7,11,LOW
2024-01-24 00:45:00,J-107,5,10,LOW
2024-01-24 00:45:00,J-108,25,10,LOW
2024-01-24 01:00:00,J-101,3,1,LOW
2024-01-24 01:00:00,J-102,3,1,LOW
2024-01-24 01:00:00,J-103,2,1,LOW
2024-01-24 01:00:00,J-104,2,1,LOW
2024-01-24 01:00:00,J-105,1,1,LOW
2024-01-24 01:00:00,J-106,0,0,LOW
2024-01-24 01:00:00,J-107,0,0,LOW
2024-01-24 01:00:00,J-108,4,1,LOW
2024-01-24 01:15:00,J-101,2,0,LOW
2024-01-24 01:15:00,J-102,2,0,LOW
2024-01-24 01:15:00,J-103,1,0,LOW
2024-01-24 01:15:00,J-104,1,0,LOW
2024-01-24 01:15:00,J-105,0,0,LOW
2024-01-24 01:15:00,J-106,0,0,LOW
2024-01-24 01:15:00,J-107,0,0,LOW
2024-01-24 01:15:00,J-108,2,0,LOW
2024-01-24 01:30:00,J-101,4,1,LOW
2024-01-24 01:30:00,J-102,3,1,LOW
2024-01-24 01:30:00,J-103,3,1,LOW
2024-01-24 01:30:00,J-104,2,1,LOW
2024-01-24 01:30:00,J-105,1,1,LOW
2024-01-24 01:30:00,J-106,1,1,LOW
2024-01-24 01:30:00,J-107,0,0,LOW
2024-01-24 01:30:00,J-108,4,1,LOW
2024-01-24 01:45:00,J-101,4,1,LOW
2024-01-24 01:45:00,J-102,3,1,LOW
2024-01-24 01:45:00,J-103,2,1,LOW
2024-01-24 01:45:00,J-104,2,1,LOW
2024-01-24 01:45:00,J-105,1,1,LOW
2024-01-24 01:45:00,J-106,1,1,LOW
2024-01-24 01:45:00,J-107,0,0,LOW
2024-01-24 01:45:00,J-108,3,1,LOW
2024-01-24 02:00:00,J-101,5,2,LOW
2024-01-24 02:00:00,J-102,,1,LOW
2024-01-24 02:00:00,J-103,3,1,LOW
2024-01-24 02:00:00,J-104,2,1,LOW
2024-01-24 02:00:00,J-105,1,1,LOW
2024-01-24 02:00:00,J-106,0,0,LOW
2024-01-24 02:00:00,J-107,0,0,LOW
2024-01-24 02:00:00,J-108,4,1,LOW
2024-01-24 02:15:00,J-101,3,1,LOW
2024-01-24 02:15:00,J-102,2,0,LOW
2024-01-24 02:15:00,J-103,1,0,LOW
2024-01-24 02:15:00,J-104,1,0,LOW
2024-01-24 02:15:00,J-105,1,1,LOW
2024-01-24 02:15:00,J-106,0,0,LOW
2024-01-24 02:15:00,J-107,0,0,LOW
2024-01-24 02:15:00,J-108,2,0,LOW
2024-01-24 02:30:00,J-101,4,1,LOW
2024-01-24 02:30:00,J-102,3,1,LOW
2024-01-24 02:30:00,J-103,2,1,LOW
2024-01-24 02:30:00,J-104,2,1,LOW
2024-01-24 02:30:00,J-105,1,1,LOW
2024-01-24 02:30:00,J-106,1,1,LOW
2024-01-24 02:30:00,J-107,0,0,LOW
2024-01-24 02:30:00,J-108,4,1,LOW
2024-01-24 02:45:00,J-101,3,1,LOW
2024-01-24 02:45:00,J-102,2,0,LOW
2024-01-24 02:45:00,J-103,1,0,LOW
2024-01-24 02:45:00,J-104,1,0,LOW
2024-01-24 02:45:00,J-105,1,1,LOW
2024-01-24 02:45:00,J-106,1,1,LOW
2024-01-24 02:45:00,J-107,0,0,LOW
2024-01-24 02:45:00,J-108,2,0,LOW
2024-01-24 03:00:00,J-101,4,1,LOW
2024-01-24 03:00:00,J-102,4,1,LOW
2024-01-24 03:00:00,J-103,2,1,LOW
2024-01-24 03:00:00,J-104,2,1,LOW
2024-01-24 03:00:00,J-105,1,1,LOW
2024-01-24 03:00:00,J-106,1,1,LOW
2024-01-24 03:00:00,J-107,0,0,LOW
2024-01-24 03:00:00,J-108,4,1,LOW
2024-01-24 03:15:00,J-101,5,2,LOW
2024-01-24 03:15:00,J-102,3,1,LOW
2024-01-24 03:15:00,J-103,3,1,LOW
2024-01-24 03:15:00,J-104,2,1,LOW
2024-01-24 03:15:00,J-105,1,1,LOW
2024-01-24 03:15:00,J-106,1,1,LOW
2024-01-24 03:15:00,J-107,0,0,LOW
2024-01-24 03:15:00,J-108,4,1,LOW
2024-01-24 03:30:00,J-101,4,1,LOW
2024-01-24 03:30:00,J-102,3,1,LOW
2024-01-24 03:30:00,J-103,2,1,LOW
2024-01-24 03:30:00,J-104,2,1,LOW
2024-01-24 03:30:00,J-105,1,1,LOW
2024-01-24 03:30:00,J-106,1,1,LOW
2024-01-24 03:30:00,J-107,0,0,LOW
2024-01-24 03:30:00,J-108,5,2,LOW
2024-01-24 03:45:00,J-101,2,0,LOW
2024-01-24 03:45:00,J-102,2,0,LOW
2024-01-24 03:45:00,J-103,1,0,LOW
2024-01-24 03:45:00,J-104,1,0,LOW
2024-01-24 03:45:00,J-105,1,1,LOW
2024-01-24 03:45:00,J-106,0,0,LOW
2024-01-24 03:45:00,J-107,0,0,LOW
2024-01-24 03:45:00,J-108,2,0,LOW
2024-01-24 04:00:00,J-101,4,1,LOW
2024-01-24 04:00:00,J-102,3,1,LOW
2024-01-24 04:00:00,J-103,2,,LOW
2024-01-24 04:00:00,J-104,2,1,LOW
2024-01-24 04:00:00,J-105,1,1,LOW
2024-01-24 04:00:00,J-106,1,1,LOW
2024-01-24 04:00:00,J-107,0,0,LOW
2024-01-24 04:00:00,J-108,4,1,LOW
2024-01-24 04:15:00,J-101,4,1,LOW
2024-01-24 04:15:00,J-102,3,1,LOW
2024-01-24 04:15:00,J-103,3,1,LOW
2024-01-24 04:15:00,J-104,2,1,LOW
2024-01-24 04:15:00,J-105,1,1,LOW
2024-01-24 04:15:00,J-106,1,1,LOW
2024-01-24 04:15:00,J-107,0,0,LOW
2024-01-24 04:15:00,J-108,3,1,LOW
2024-01-24 04:30:00,J-101,5,2,LOW
2024-01-24 04:30:00,J-102,4,1,LOW
2024-01-24 04:30:00,J-103,2,1,LOW
2024-01-24 04:30:00,J-104,2,1,LOW
2024-01-24 04:30:00,J-105,1,1,LOW
2024-01-24 04:30:00,J-106,1,1,LOW
2024-01-24 04:30:00,J-107,0,0,LOW
2024-01-24 04:30:00,J-108,4,1,LOW
2024-01-24 04:45:00,J-101,4,1,LOW
2024-01-24 04:45:00,J-102,4,1,LOW
2024-01-24 04:45:00,J-103,2,1,LOW
2024-01-24 04:45:00,J-104,2,1,LOW
2024-01-24 04:45:00,J-105,1,1,LOW
2024-01-24 04:45:00,J-106,1,1,LOW
2024-01-24 04:45:00,J-107,0,0,LOW
2024-01-24 04:45:00,J-108,3,1,LOW
2024-01-24 05:00:00,J-101,3,1,LOW
2024-01-24 05:00:00,J-102,2,0,LOW
2024-01-24 05:00:00,J-103,1,0,LOW
2024-01-24 05:00:00,J-104,1,0,LOW
2024-01-24 05:00:00,J-105,0,0,LOW
2024-01-24 05:00:00,J-106,0,0,LOW
2024-01-24 05:00:00,J-107,0,0,LOW
2024-01-24 05:00:00,J-108,2,0,LOW
2024-01-24 05:15:00,J-101,31,12,LOW
2024-01-24 05:15:00,J-102,25,11,LOW
2024-01-24 05:15:00,J-103,21,,LOW
2024-01-24 05:15:00,J-104,13,9,LOW
2024-01-24 05:15:00,J-105,10,10,LOW
2024-01-24 05:15:00,J-106,6,9,LOW
2024-01-24 05:15:00,J-107,6,13,LOW
2024-01-24 05:15:00,J-108,28,12,LOW
2024-01-24 05:30:00,J-101,28,11,LOW
2024-01-24 05:30:00,J-102,30,13,LOW
2024-01-24 05:30:00,J-103,22,14,LOW
2024-01-24 05:30:00,J-104,21,15,LOW
2024-01-24 05:30:00,J-105,11,11,LOW
2024-01-24 05:30:00,J-106,8,13,LOW
2024-01-24 05:30:00,J-107,7,15,LOW
2024-01-24 05:30:00,J-108,29,12,LOW
2024-01-24 05:45:00,J-101,35,14,LOW
2024-01-24 05:45:00,J-102,24,11,LOW
2024-01-24 05:45:00,J-103,23,14,LOW
2024-01-24 05:45:00,J-104,22,15,LOW
2024-01-24 05:45:00,J-105,11,11,LOW
2024-01-24 05:45:00,J-106,8,13,LOW
2024-01-24 05:45:00,J-107,6,13,LOW
2024-01-24 05:45:00,J-108,29,12,LOW
2024-01-24 06:00:00,J-101,38,15,LOW
2024-01-24 06:00:00,J-102,31,14,LOW
2024-01-24 06:00:00,J-103,17,11,LOW
2024-01-24 06:00:00,J-104,16,11,LOW
2024-01-24 06:00:00,J-105,13,14,LOW
2024-01-24 06:00:00,J-106,9,14,LOW
2024-01-24 06:00:00,J-107,5,10,LOW
2024-01-24 06:00:00,J-108,32,13,LOW
2024-01-24 06:15:00,J-101,29,11,LOW
2024-01-24 06:15:00,J-102,30,13,LOW
2024-01-24 06:15:00,J-103,20,13,LOW
2024-01-24 06:15:00,J-104,17,12,LOW
2024-01-24 06:15:00,J-105,10,10,LOW
2024-01-24 06:15:00,J-106,5,8,LOW
2024-01-24 06:15:00,J-107,5,10,LOW
2024-01-24 06:15:00,J-108,24,10,LOW
2024-01-24 06:30:00,J-101,31,12,LOW
2024-01-24 06:30:00,J-102,30,13,LOW
2024-01-24 06:30:00,J-103,20,13,LOW
2024-01-24 06:30:00,J-104,16,11,LOW
2024-01-24 06:30:00,J-105,10,10,LOW
2024-01-24 06:30:00,J-106,6,9,LOW
2024-01-24 06:30:00,J-107,4,8,LOW
2024-01-24 06:30:00,J-108,28,12,LOW
2024-01-24 06:45:00,J-101,22,8,LOW
2024-01-24 06:45:00,J-102,24,11,LOW
2024-01-24 06:45:00,J-103,18,11,LOW
2024-01-24 06:45:00,J-104,16,11,LOW
2024-01-24 06:45:00,J-105,9,9,LOW
2024-01-24 06:45:00,J-106,7,11,LOW
2024-01-24 06:45:00,J-107,3,6,LOW
2024-01-24 06:45:00,J-108,27,11,LOW
2024-01-24 07:00:00,J-101,35,14,LOW
2024-01-24 07:00:00,J-102,29,13,LOW
2024-01-24 07:00:00,J-103,22,14,LOW
2024-01-24 07:00:00,J-104,16,11,LOW
2024-01-24 07:00:00,J-105,10,10,LOW
2024-01-24 07:00:00,J-106,8,13,LOW
2024-01-24 07:00:00,J-107,6,13,LOW
2024-01-24 07:00:00,J-108,30,13,LOW
2024-01-24 07:15:00,J-101,37,15,LOW
2024-01-24 07:15:00,J-102,31,14,LOW
2024-01-24 07:15:00,J-103,18,11,LOW
2024-01-24 07:15:00,J-104,15,10,LOW
2024-01-24 07:15:00,J-105,11,11,LOW
2024-01-24 07:15:00,J-106,7,11,LOW
2024-01-24 07:15:00,J-107,5,10,LOW
2024-01-24 07:15:00,J-108,30,13,LOW
2024-01-24 07:30:00,J-101,84,34,LOW
2024-01-24 07:30:00,J-102,67,31,LOW
2024-01-24 07:30:00,J-103,54,35,LOW
2024-01-24 07:30:00,J-104,32,23,LOW
2024-01-24 07:30:00,J-105,34,36,LOW
2024-01-24 07:30:00,J-106,20,32,LOW
2024-01-24 07:30:00,J-107,12,26,LOW
2024-01-24 07:30:00,J-108,59,25,LOW
2024-01-24 07:45:00,J-101,103,41,MODERATE
2024-01-24 07:45:00,J-102,106,49,MODERATE
2024-01-24 07:45:00,J-103,60,39,LOW
2024-01-24 07:45:00,J-104,58,41,MODERATE
2024-01-24 07:45:00,J-105,32,34,LOW
2024-01-24 07:45:00,J-106,28,45,MODERATE
2024-01-24 07:45:00,J-107,15,32,LOW
2024-01-24 07:45:00,J-108,80,34,LOW
2024-01-24 08:00:00,J-101,146,59,MODERATE
2024-01-24 08:00:00,J-102,91,42,MODERATE
2024-01-24 08:00:00,J-103,71,46,MODERATE
2024-01-24 08:00:00,J-104,68,49,MODERATE
2024-01-24 08:00:00,J-105,45,48,MODERATE
2024-01-24 08:00:00,J-106,24,39,LOW
2024-01-24 08:00:00,J-107,22,47,MODERATE
2024-01-24 08:00:00,J-108,122,52,MODERATE
2024-01-24 08:15:00,J-101,151,61,MODERATE
2024-01-24 08:15:00,J-102,142,65,MODERATE
2024-01-24 08:15:00,J-103,101,65,MODERATE
2024-01-24 08:15:00,J-104,77,55,MODERATE
2024-01-24 08:15:00,J-105,52,56,MODERATE
2024-01-24 08:15:00,J-106,27,43,MODERATE
2024-01-24 08:15:00,J-107,,65,MODERATE
2024-01-24 08:15:00,J-108,143,61,MODERATE
2024-01-24 08:30:00,J-101,136,55,MODERATE
2024-01-24 08:30:00,J-102,137,63,MODERATE
2024-01-24 08:30:00,J-103,80,52,MODERATE
2024-01-24 08:30:00,J-104,83,59,MODERATE
2024-01-24 08:30:00,J-105,55,59,MODERATE
2024-01-24 08:30:00,J-106,36,58,MODERATE
2024-01-24 08:30:00,J-107,24,52,MODERATE
2024-01-24 08:30:00,J-108,129,55,MODERATE
2024-01-24 08:45:00,J-101,137,55,MODERATE
2024-01-24 08:45:00,J-102,127,58,MODERATE
2024-01-24 08:45:00,J-103,106,68,MODERATE
2024-01-24 08:45:00,J-104,71,51,MODERATE
2024-01-24 08:45:00,J-105,45,48,MODERATE
2024-01-24 08:45:00,J-106,36,58,MODERATE
2024-01-24 08:45:00,J-107,29,62,MODERATE
2024-01-24 08:45:00,J-108,164,71,HIGH
2024-01-24 09:00:00,J-101,164,66,MODERATE
2024-01-24 09:00:00,J-102,122,56,MODERATE
2024-01-24 09:00:00,J-103,111,72,HIGH
2024-01-24 09:00:00,J-104,73,52,MODERATE
2024-01-24 09:00:00,J-105,56,60,MODERATE
2024-01-24 09:00:00,J-106,33,53,MODERATE
2024-01-24 09:00:00,J-107,30,65,MODERATE
2024-01-24 09:00:00,J-108,143,61,MODERATE
2024-01-24 09:15:00,J-101,100,40,MODERATE
2024-01-24 09:15:00,J-102,131,60,MODERATE
2024-01-24 09:15:00,J-103,76,49,MODERATE
2024-01-24 09:15:00,J-104,69,49,MODERATE
2024-01-24 09:15:00,J-105,44,47,MODERATE
2024-01-24 09:15:00,J-106,35,56,MODERATE
2024-01-24 09:15:00,J-107,23,49,MODERATE
2024-01-24 09:15:00,J-108,135,58,MODERATE
2024-01-24 09:30:00,J-101,120,48,MODERATE
2024-01-24 09:30:00,J-102,108,50,MODERATE
2024-01-24 09:30:00,J-103,81,52,MODERATE
2024-01-24 09:30:00,J-104,67,48,MODERATE
2024-01-24 09:30:00,J-105,46,49,MODERATE
2024-01-24 09:30:00,J-106,34,55,MODERATE
2024-01-24 09:30:00,J-107,20,43,MODERATE
2024-01-24 09:30:00,J-108,135,58,MODERATE
2024-01-24 09:45:00,J-101,101,41,MODERATE
2024-01-24 09:45:00,J-102,75,34,LOW
2024-01-24 09:45:00,J-103,68,44,MODERATE
2024-01-24 09:45:00,J-104,66,47,MODERATE
2024-01-24 09:45:00,J-105,32,34,LOW
2024-01-24 09:45:00,J-106,26,42,MODERATE
2024-01-24 09:45:00,J-107,19,41,MODERATE
2024-01-24 09:45:00,J-108,95,41,MODERATE
2024-01-24 10:00:00,J-101,99,40,MODERATE
2024-01-24 10:00:00,J-102,65,30,LOW
2024-01-24 10:00:00,J-103,49,31,LOW
2024-01-24 10:00:00,J-104,42,30,LOW
2024-01-24 10:00:00,J-105,23,24,LOW
2024-01-24 10:00:00,J-106,16,26,LOW
2024-01-24 10:00:00,J-107,12,26,LOW
2024-01-24 10:00:00,J-108,77,33,LOW
2024-01-24 10:15:00,J-101,36,14,LOW
2024-01-24 10:15:00,J-102,25,11,LOW
2024-01-24 10:15:00,J-103,19,12,LOW
2024-01-24 10:15:00,J-104,15,10,LOW
2024-01-24 10:15:00,J-105,12,13,LOW
2024-01-24 10:15:00,J-106,8,13,LOW
2024-01-24 10:15:00,J-107,5,10,LOW
2024-01-24 10:15:00,J-108,34,14,LOW
2024-01-24 10:30:00,J-101,30,,LOW
2024-01-24 10:30:00,J-102,26,12,LOW
2024-01-24 10:30:00,J-103,22,14,LOW
2024-01-24 10:30:00,J-104,18,13,LOW
2024-01-24 10:30:00,J-105,12,13,LOW
2024-01-24 10:30:00,J-106,7,11,LOW
2024-01-24 10:30:00,J-107,6,13,LOW
2024-01-24 10:30:00,J-108,21,9,LOW
2024-01-24 10:45:00,J-101,31,12,LOW
2024-01-24 10:45:00,J-102,27,12,LOW
2024-01-24 10:45:00,J-103,18,11,LOW
2024-01-24 10:45:00,J-104,14,10,LOW
2024-01-24 10:45:00,J-105,13,14,LOW
2024-01-24 10:45:00,J-106,7,11,LOW
2024-01-24 10:45:00,J-107,5,10,LOW
2024-01-24 10:45:00,J-108,27,11,LOW
2024-01-24 11:00:00,J-101,35,14,LOW
2024-01-24 11:00:00,J-102,23,10,LOW
2024-01-24 11:00:00,J-103,21,13,LOW
2024-01-24 11:00:00,J-104,18,13,LOW
2024-01-24 11:00:00,J-105,11,11,LOW
2024-01-24 11:00:00,J-106,6,9,LOW
2024-01-24 11:00:00,J-107,,10,LOW
2024-01-24 11:00:00,J-108,28,12,LOW
2024-01-24 11:15:00,J-101,26,10,LOW
2024-01-24 11:15:00,J-102,35,16,LOW
2024-01-24 11:15:00,J-103,17,11,LOW
2024-01-24 11:15:00,J-104,20,14,LOW
2024-01-24 11:15:00,J-105,9,9,LOW
2024-01-24 11:15:00,J-106,8,13,LOW
2024-01-24 11:15:00,J-107,5,10,LOW
2024-01-24 11:15:00,J-108,36,15,LOW
2024-01-24 11:30:00,J-101,30,12,LOW
2024-01-24 11:30:00,J-102,25,11,LOW
2024-01-24 11:30:00,J-103,20,13,LOW
2024-01-24 11:30:00,J-104,14,10,LOW
2024-01-24 11:30:00,J-105,13,14,LOW
2024-01-24 11:30:00,J-106,7,11,LOW
2024-01-24 11:30:00,J-107,4,8,LOW
2024-01-24 11:30:00,J-108,26,11,LOW
2024-01-24 11:45:00,J-101,37,15,LOW
2024-01-24 11:45:00,J-102,24,11,LOW
2024-01-24 11:45:00,J-103,24,15,LOW
2024-01-24 11:45:00,J-104,22,15,LOW
2024-01-24 11:45:00,J-105,12,13,LOW
2024-01-24 11:45:00,J-106,8,13,LOW
2024-01-24 11:45:00,J-107,4,8,LOW
2024-01-24 11:45:00,J-108,34,14,LOW
2024-01-24 12:00:00,J-101,49,19,LOW
2024-01-24 12:00:00,J-102,33,15,LOW
2024-01-24 12:00:00,J-103,28,18,LOW
2024-01-24 12:00:00,J-104,36,26,LOW
2024-01-24 12:00:00,J-105,17,18,LOW
2024-01-24 12:00:00,J-106,12,19,LOW
2024-01-24 12:00:00,J-107,7,15,LOW
2024-01-24 12:00:00,J-108,59,25,LOW
2024-01-24 12:15:00,J-101,73,29,LOW
2024-01-24 12:15:00,J-102,58,26,LOW
2024-01-24 12:15:00,J-103,42,27,LOW
2024-01-24 12:15:00,J-104,37,26,LOW
2024-01-24 12:15:00,J-105,21,22,LOW
2024-01-24 12:15:00,J-106,15,24,LOW
2024-01-24 12:15:00,J-107,11,23,LOW
2024-01-24 12:15:00,J-108,66,28,LOW
2024-01-24 12:30:00,J-101,57,23,LOW
2024-01-24 12:30:00,J-102,,24,LOW
2024-01-24 12:30:00,J-103,41,26,LOW
2024-01-24 12:30:00,J-104,36,26,LOW
2024-01-24 12:30:00,J-105,24,26,LOW
2024-01-24 12:30:00,J-106,15,24,LOW
2024-01-24 12:30:00,J-107,11,23,LOW
2024-01-24 12:30:00,J-108,49,21,LOW
2024-01-24 12:45:00,J-101,66,26,LOW
2024-01-24 12:45:00,J-102,65,,LOW
2024-01-24 12:45:00,J-103,37,24,LOW
2024-01-24 12:45:00,J-104,38,27,LOW
2024-01-24 12:45:00,J-105,27,29,LOW
2024-01-24 12:45:00,J-106,13,21,LOW
2024-01-24 12:45:00,J-107,10,21,LOW
2024-01-24 12:45:00,J-108,53,22,LOW
2024-01-24 13:00:00,J-101,71,28,LOW
2024-01-24 13:00:00,J-102,51,23,LOW
2024-01-24 13:00:00,J-103,42,27,LOW
2024-01-24 13:00:00,J-104,36,26,LOW
2024-01-24 13:00:00,J-105,24,26,LOW
2024-01-24 13:00:00,J-106,15,24,LOW
2024-01-24 13:00:00,J-107,10,21,LOW
2024-01-24 13:00:00,J-108,49,21,LOW
2024-01-24 13:15:00,J-101,55,22,LOW
2024-01-24 13:15:00,J-102,43,19,LOW
2024-01-24 13:15:00,J-103,34,22,LOW
2024-01-24 13:15:00,J-104,34,24,LOW
2024-01-24 13:15:00,J-105,15,16,LOW
2024-01-24 13:15:00,J-106,13,21,LOW
2024-01-24 13:15:00,J-107,10,21,LOW
2024-01-24 13:15:00,J-108,50,21,LOW
2024-01-24 13:30:00,J-101,38,15,LOW
2024-01-24 13:30:00,J-102,33,15,LOW
2024-01-24 13:30:00,J-103,22,14,LOW
2024-01-24 13:30:00,J-104,22,15,LOW
2024-01-24 13:30:00,J-105,12,13,LOW
2024-01-24 13:30:00,J-106,9,14,LOW
2024-01-24 13:30:00,J-107,8,17,LOW
2024-01-24 13:30:00,J-108,39,16,LOW
2024-01-24 13:45:00,J-101,25,10,LOW
2024-01-24 13:45:00,J-102,22,10,LOW
2024-01-24 13:45:00,J-103,15,9,LOW
2024-01-24 13:45:00,J-104,14,10,LOW
2024-01-24 13:45:00,J-105,11,11,LOW
2024-01-24 13:45:00,J-106,7,11,LOW
2024-01-24 13:45:00,J-107,5,10,LOW
2024-01-24 13:45:00,J-108,25,10,LOW
2024-01-24 14:00:00,J-101,18,7,LOW
2024-01-24 14:00:00,J-102,15,6,LOW
2024-01-24 14:00:00,J-103,12,7,LOW
2024-01-24 14:00:00,J-104,8,5,LOW
2024-01-24 14:00:00,J-105,7,7,LOW
2024-01-24 14:00:00,J-106,3,4,LOW
2024-01-24 14:00:00,J-107,3,6,LOW
2024-01-24 14:00:00,J-108,18,7,LOW
2024-01-24 14:15:00,J-101,32,13,LOW
2024-01-24 14:15:00,J-102,30,13,LOW
2024-01-24 14:15:00,J-103,25,16,LOW
2024-01-24 14:15:00,J-104,18,13,LOW
2024-01-24 14:15:00,J-105,9,9,LOW
2024-01-24 14:15:00,J-106,7,11,LOW
2024-01-24 14:15:00,J-107,6,13,LOW
2024-01-24 14:15:00,J-108,29,12,LOW
2024-01-24 14:30:00,J-101,29,11,LOW
2024-01-24 14:30:00,J-102,25,11,LOW
2024-01-24 14:30:00,J-103,15,9,LOW
2024-01-24 14:30:00,J-104,13,9,LOW
2024-01-24 14:30:00,J-105,12,13,LOW
2024-01-24 14:30:00,J-106,7,11,LOW
2024-01-24 14:30:00,J-107,5,10,LOW
2024-01-24 14:30:00,J-108,28,12,LOW
2024-01-24 14:45:00,J-101,30,12,LOW
2024-01-24 14:45:00,J-102,27,12,LOW
2024-01-24 14:45:00,J-103,17,11,LOW
2024-01-24 14:45:00,J-104,15,10,LOW
2024-01-24 14:45:00,J-105,9,9,LOW
2024-01-24 14:45:00,J-106,7,11,LOW
2024-01-24 14:45:00,J-107,4,8,LOW
2024-01-24 14:45:00,J-108,26,11,LOW
2024-01-24 15:00:00,J-101,35,14,LOW
2024-01-24 15:00:00,J-102,23,10,LOW
2024-01-24 15:00:00,J-103,19,12,LOW
2024-01-24 15:00:00,J-104,21,15,LOW
2024-01-24 15:00:00,J-105,11,11,LOW
2024-01-24 15:00:00,J-106,8,13,LOW
2024-01-24 15:00:00,J-107,4,8,LOW
2024-01-24 15:00:00,J-108,28,12,LOW
2024-01-24 15:15:00,J-101,27,10,LOW
2024-01-24 15:15:00,J-102,21,9,LOW
2024-01-24 15:15:00,J-103,15,9,LOW
2024-01-24 15:15:00,J-104,14,10,LOW
2024-01-24 15:15:00,J-105,9,9,LOW
2024-01-24 15:15:00,J-106,7,11,LOW
2024-01-24 15:15:00,J-107,5,10,LOW
2024-01-24 15:15:00,J-108,27,11,LOW
2024-01-24 15:30:00,J-101,31,12,LOW
2024-01-24 15:30:00,J-102,22,10,LOW
2024-01-24 15:30:00,J-103,16,10,LOW
2024-01-24 15:30:00,J-104,16,11,LOW
2024-01-24 15:30:00,J-105,12,13,LOW
2024-01-24 15:30:00,J-106,9,14,LOW
2024-01-24 15:30:00,J-107,5,10,LOW
2024-01-24 15:30:00,J-108,29,12,LOW
2024-01-24 15:45:00,J-101,23,9,LOW
2024-01-24 15:45:00,J-102,19,8,LOW
2024-01-24 15:45:00,J-103,15,9,LOW
2024-01-24 15:45:00,J-104,10,7,LOW
2024-01-24 15:45:00,J-105,7,7,LOW
2024-01-24 15:45:00,J-106,5,8,LOW
2024-01-24 15:45:00,J-107,4,8,LOW
2024-01-24 15:45:00,J-108,16,6,LOW
2024-01-24 16:00:00,J-101,23,9,LOW
2024-01-24 16:00:00,J-102,22,10,LOW
2024-01-24 16:00:00,J-103,19,12,LOW
2024-01-24 16:00:00,J-104,16,11,LOW
2024-01-24 16:00:00,J-105,11,11,LOW
2024-01-24 16:00:00,J-106,6,9,LOW
2024-01-24 16:00:00,J-107,5,10,LOW
2024-01-24 16:00:00,J-108,30,13,LOW
2024-01-24 16:15:00,J-101,27,10,LOW
2024-01-24 16:15:00,J-102,26,12,LOW
2024-01-24 16:15:00,J-103,17,11,LOW
2024-01-24 16:15:00,J-104,16,11,LOW
2024-01-24 16:15:00,J-105,11,11,LOW
2024-01-24 16:15:00,J-106,8,13,LOW
2024-01-24 16:15:00,J-107,5,10,LOW
2024-01-24 16:15:00,J-108,31,13,LOW
2024-01-24 16:30:00,J-101,92,37,LOW
2024-01-24 16:30:00,J-102,80,37,LOW
2024-01-24 16:30:00,J-103,58,37,LOW
2024-01-24 16:30:00,J-104,47,33,LOW
2024-01-24 16:30:00,J-105,27,29,LOW
2024-01-24 16:30:00,J-106,21,34,LOW
2024-01-24 16:30:00,J-107,17,36,LOW
2024-01-24 16:30:00,J-108,98,42,MODERATE
2024-01-24 16:45:00,J-101,106,43,MODERATE
2024-01-24 16:45:00,J-102,109,50,MODERATE
2024-01-24 16:45:00,J-103,72,46,MODERATE
2024-01-24 16:45:00,J-104,62,44,MODERATE
2024-01-24 16:45:00,J-105,43,46,MODERATE
2024-01-24 16:45:00,J-106,26,42,MODERATE
2024-01-24 16:45:00,J-107,24,52,MODERATE
2024-01-24 16:45:00,J-108,74,32,LOW
2024-01-24 17:00:00,J-101,122,49,MODERATE
2024-01-24 17:00:00,J-102,106,49,MODERATE
2024-01-24 17:00:00,J-103,75,48,MODERATE
2024-01-24 17:00:00,J-104,64,46,MODERATE
2024-01-24 17:00:00,J-105,40,43,MODERATE
2024-01-24 17:00:00,J-106,32,52,MODERATE
2024-01-24 17:00:00,J-107,21,45,MODERATE
2024-01-24 17:00:00,J-108,95,41,MODERATE
2024-01-24 17:15:00,J-101,132,53,MODERATE
2024-01-24 17:15:00,J-102,131,60,MODERATE
2024-01-24 17:15:00,J-103,95,61,MODERATE
2024-01-24 17:15:00,J-104,89,64,MODERATE
2024-01-24 17:15:00,J-105,59,63,MODERATE
2024-01-24 17:15:00,J-106,37,60,MODERATE
2024-01-24 17:15:00,J-107,27,58,MODERATE
2024-01-24 17:15:00,J-108,128,55,MODERATE
2024-01-24 17:30:00,J-101,144,58,MODERATE
2024-01-24 17:30:00,J-102,151,70,HIGH
2024-01-24 17:30:00,J-103,89,57,MODERATE
2024-01-24 17:30:00,J-104,96,69,MODERATE
2024-01-24 17:30:00,J-105,51,55,MODERATE
2024-01-24 17:30:00,J-106,40,65,MODERATE
2024-01-24 17:30:00,J-107,27,58,MODERATE
2024-01-24 17:30:00,J-108,120,52,MODERATE
2024-01-24 17:45:00,J-101,141,57,MODERATE
2024-01-24 17:45:00,J-102,127,58,MODERATE
2024-01-24 17:45:00,J-103,68,44,MODERATE
2024-01-24 17:45:00,J-104,63,45,MODERATE
2024-01-24 17:45:00,J-105,41,44,MODERATE
2024-01-24 17:45:00,J-106,29,47,MODERATE
2024-01-24 17:45:00,J-107,25,54,MODERATE
2024-01-24 17:45:00,J-108,121,52,MODERATE
2024-01-24 18:00:00,J-101,223,90,CRITICAL
2024-01-24 18:00:00,J-102,127,58,MODERATE
2024-01-24 18:00:00,J-103,91,59,MODERATE
2024-01-24 18:00:00,J-104,89,64,MODERATE
2024-01-24 18:00:00,J-105,70,75,HIGH
2024-01-24 18:00:00,J-106,41,66,MODERATE
2024-01-24 18:00:00,J-107,33,71,HIGH
2024-01-24 18:00:00,J-108,158,68,MODERATE
2024-01-24 18:15:00,J-101,177,71,HIGH
2024-01-24 18:15:00,J-102,119,55,MODERATE
2024-01-24 18:15:00,J-103,102,66,MODERATE
2024-01-24 18:15:00,J-104,79,57,MODERATE
2024-01-24 18:15:00,J-105,64,69,MODERATE
2024-01-24 18:15:00,J-106,38,61,MODERATE
2024-01-24 18:15:00,J-107,29,62,MODERATE
2024-01-24 18:15:00,J-108,149,64,MODERATE
2024-01-24 18:30:00,J-101,150,60,MODERATE
2024-01-24 18:30:00,J-102,140,65,MODERATE
2024-01-24 18:30:00,J-103,97,63,MODERATE
2024-01-24 18:30:00,J-104,83,59,MODERATE
2024-01-24 18:30:00,J-105,52,56,MODERATE
2024-01-24 18:30:00,J-106,42,68,MODERATE
2024-01-24 18:30:00,J-107,28,60,MODERATE
2024-01-24 18:30:00,J-108,141,61,MODERATE
2024-01-24 18:45:00,J-101,116,47,MODERATE
2024-01-24 18:45:00,J-102,100,46,MODERATE
2024-01-24 18:45:00,J-103,88,57,MODERATE
2024-01-24 18:45:00,J-104,82,59,MODERATE
2024-01-24 18:45:00,J-105,60,65,MODERATE
2024-01-24 18:45:00,J-106,37,60,MODERATE
2024-01-24 18:45:00,J-107,22,47,MODERATE
2024-01-24 18:45:00,J-108,155,67,MODERATE
2024-01-24 19:00:00,J-101,112,45,MODERATE
2024-01-24 19:00:00,J-102,96,44,MODERATE
2024-01-24 19:00:00,J-103,93,60,MODERATE
2024-01-24 19:00:00,J-104,73,52,MODERATE
2024-01-24 19:00:00,J-105,49,53,MODERATE
2024-01-24 19:00:00,J-106,33,53,MODERATE
2024-01-24 19:00:00,J-107,20,43,MODERATE
2024-01-24 19:00:00,J-108,100,43,MODERATE
2024-01-24 19:15:00,J-101,74,30,LOW
2024-01-24 19:15:00,J-102,64,29,LOW
2024-01-24 19:15:00,J-103,48,31,LOW
2024-01-24 19:15:00,J-104,46,33,LOW
2024-01-24 19:15:00,J-105,36,39,LOW
2024-01-24 19:15:00,J-106,18,29,LOW
2024-01-24 19:15:00,J-107,13,28,LOW
2024-01-24 19:15:00,J-108,76,32,LOW
2024-01-24 19:30:00,J-101,90,36,LOW
2024-01-24 19:30:00,J-102,69,32,LOW
2024-01-24 19:30:00,J-103,68,44,MODERATE
2024-01-24 19:30:00,J-104,56,40,MODERATE
2024-01-24 19:30:00,J-105,37,40,MODERATE
2024-01-24 19:30:00,J-106,24,39,LOW
2024-01-24 19:30:00,J-107,18,39,LOW
2024-01-24 19:30:00,J-108,85,36,LOW
2024-01-24 19:45:00,J-101,38,15,LOW
2024-01-24 19:45:00,J-102,24,11,LOW
2024-01-24 19:45:00,J-103,22,14,LOW
2024-01-24 19:45:00,J-104,13,9,LOW
2024-01-24 19:45:00,J-105,9,9,LOW
2024-01-24 19:45:00,J-106,7,11,LOW
2024-01-24 19:45:00,J-107,6,13,LOW
2024-01-24 19:45:00,J-108,27,11,LOW
2024-01-24 20:00:00,J-101,24,9,LOW
2024-01-24 20:00:00,J-102,24,11,LOW
2024-01-24 20:00:00,J-103,17,11,LOW
2024-01-24 20:00:00,J-104,17,12,LOW
2024-01-24 20:00:00,J-105,11,11,LOW
2024-01-24 20:00:00,J-106,6,9,LOW
2024-01-24 20:00:00,J-107,5,10,LOW
2024-01-24 20:00:00,J-108,27,11,LOW
2024-01-24 20:15:00,J-101,20,8,LOW
2024-01-24 20:15:00,J-102,18,8,LOW
2024-01-24 20:15:00,J-103,12,7,LOW
2024-01-24 20:15:00,J-104,12,8,LOW
2024-01-24 20:15:00,J-105,8,8,LOW
2024-01-24 20:15:00,J-106,5,8,LOW
2024-01-24 20:15:00,J-107,4,8,LOW
2024-01-24 20:15:00,J-108,20,8,LOW
2024-01-24 20:30:00,J-101,26,10,LOW
2024-01-24 20:30:00,J-102,28,13,LOW
2024-01-24 20:30:00,J-103,19,12,LOW
2024-01-24 20:30:00,J-104,17,12,LOW
2024-01-24 20:30:00,J-105,14,15,LOW
2024-01-24 20:30:00,J-106,9,14,LOW
2024-01-24 20:30:00,J-107,4,8,LOW
2024-01-24 20:30:00,J-108,25,10,LOW
2024-01-24 20:45:00,J-101,26,10,LOW
2024-01-24 20:45:00,J-102,28,13,LOW
2024-01-24 20:45:00,J-103,18,11,LOW
2024-01-24 20:45:00,J-104,19,13,LOW
2024-01-24 20:45:00,J-105,13,14,LOW
2024-01-24 20:45:00,J-106,7,11,LOW
2024-01-24 20:45:00,J-107,6,13,LOW
2024-01-24 20:45:00,J-108,21,9,LOW
2024-01-24 21:00:00,J-101,25,10,LOW
2024-01-24 21:00:00,J-102,29,13,LOW
2024-01-24 21:00:00,J-103,14,9,LOW
2024-01-24 21:00:00,J-104,15,10,LOW
2024-01-24 21:00:00,J-105,11,11,LOW
2024-01-24 21:00:00,J-106,7,11,LOW
2024-01-24 21:00:00,J-107,6,13,LOW
2024-01-24 21:00:00,J-108,27,11,LOW
2024-01-24 21:15:00,J-101,27,10,LOW
2024-01-24 21:15:00,J-102,22,10,LOW
2024-01-24 21:15:00,J-103,19,12,LOW
2024-01-24 21:15:00,J-104,16,11,LOW
2024-01-24 21:15:00,J-105,11,11,LOW
2024-01-24 21:15:00,J-106,9,14,LOW
2024-01-24 21:15:00,J-107,6,13,LOW
2024-01-24 21:15:00,J-108,30,13,LOW
2024-01-24 21:30:00,J-101,18,7,LOW
2024-01-24 21:30:00,J-102,,8,LOW
2024-01-24 21:30:00,J-103,12,7,LOW
2024-01-24 21:30:00,J-104,10,7,LOW
2024-01-24 21:30:00,J-105,7,7,LOW
2024-01-24 21:30:00,J-106,4,6,LOW
2024-01-24 21:30:00,J-107,3,6,LOW
2024-01-24 21:30:00,J-108,15,6,LOW
2024-01-24 21:45:00,J-101,24,9,LOW
2024-01-24 21:45:00,J-102,18,8,LOW
2024-01-24 21:45:00,J-103,11,7,LOW
2024-01-24 21:45:00,J-104,11,7,LOW
2024-01-24 21:45:00,J-105,8,8,LOW
2024-01-24 21:45:00,J-106,5,8,LOW
2024-01-24 21:45:00,J-107,3,6,LOW
2024-01-24 21:45:00,J-108,24,10,LOW
2024-01-24 22:00:00,J-101,26,10,LOW
2024-01-24 22:00:00,J-102,20,9,LOW
2024-01-24 22:00:00,J-103,19,12,LOW
2024-01-24 22:00:00,J-104,18,13,LOW
2024-01-24 22:00:00,J-105,11,11,LOW
2024-01-24 22:00:00,J-106,7,11,LOW
2024-01-24 22:00:00,J-107,5,10,LOW
2024-01-24 22:00:00,J-108,26,11,LOW
2024-01-24 22:15:00,J-101,27,10,LOW
2024-01-24 22:15:00,J-102,25,11,LOW
2024-01-24 22:15:00,J-103,16,10,LOW
2024-01-24 22:15:00,J-104,16,11,LOW
2024-01-24 22:15:00,J-105,9,9,LOW
2024-01-24 22:15:00,J-106,7,11,LOW
2024-01-24 22:15:00,J-107,3,6,LOW
2024-01-24 22:15:00,J-108,28,12,LOW
2024-01-24 22:30:00,J-101,30,12,LOW
2024-01-24 22:30:00,J-102,22,10,LOW
2024-01-24 22:30:00,J-103,15,9,LOW
2024-01-24 22:30:00,J-104,15,10,LOW
2024-01-24 22:30:00,J-105,10,10,LOW
2024-01-24 22:30:00,J-106,6,9,LOW
2024-01-24 22:30:00,J-107,5,10,LOW
2024-01-24 22:30:00,J-108,23,9,LOW
2024-01-24 22:45:00,J-101,26,10,LOW
2024-01-24 22:45:00,J-102,24,11,LOW
2024-01-24 22:45:00,J-103,14,9,LOW
2024-01-24 22:45:00,J-104,11,7,LOW
2024-01-24 22:45:00,J-105,7,7,LOW
2024-01-24 22:45:00,J-106,6,9,LOW
2024-01-24 22:45:00,J-107,4,8,LOW
2024-01-24 22:45:00,J-108,21,9,LOW
2024-01-24 23:00:00,J-101,30,12,LOW
2024-01-24 23:00:00,J-102,25,11,LOW
2024-01-24 23:00:00,J-103,19,12,LOW
2024-01-24 23:00:00,J-104,18,13,LOW
2024-01-24 23:00:00,J-105,10,10,LOW
2024-01-24 23:00:00,J-106,7,11,LOW
2024-01-24 23:00:00,J-107,5,10,LOW
2024-01-24 23:00:00,J-108,28,12,LOW
2024-01-24 23:15:00,J-101,29,11,LOW
2024-01-24 23:15:00,J-102,28,13,LOW
2024-01-24 23:15:00,J-103,18,11,LOW
2024-01-24 23:15:00,J-104,18,13,LOW
2024-01-24 23:15:00,J-105,9,9,LOW
2024-01-24 23:15:00,J-106,8,13,LOW
2024-01-24 23:15:00,J-107,6,13,LOW
2024-01-24 23:15:00,J-108,34,14,LOW
2024-01-24 23:30:00,J-101,30,12,LOW
2024-01-24 23:30:00,J-102,25,11,LOW
2024-01-24 23:30:00,J-103,16,10,LOW
2024-01-24 23:30:00,J-104,12,8,LOW
2024-01-24 23:30:00,J-105,9,9,LOW
2024-01-24 23:30:00,J-106,7,11,LOW
2024-01-24 23:30:00,J-107,6,13,LOW
2024-01-24 23:30:00,J-108,25,10,LOW
2024-01-24 23:45:00,J-101,27,10,LOW
2024-01-24 23:45:00,J-102,24,11,LOW
2024-01-24 23:45:00,J-103,17,11,LOW
2024-01-24 23:45:00,J-104,18,13,LOW
2024-01-24 23:45:00,J-105,11,11,LOW
2024-01-24 23:45:00,J-106,6,9,LOW
2024-01-24 23:45:00,J-107,5,10,LOW
2024-01-24 23:45:00,J-108,24,10,LOW
2024-01-25 00:00:00,J-101,32,13,LOW
2024-01-25 00:00:00,J-102,23,10,LOW
2024-01-25 00:00:00,J-103,18,11,LOW
2024-01-25 00:00:00,J-104,16,11,LOW
2024-01-25 00:00:00,J-105,11,11,LOW
2024-01-25 00:00:00,J-106,5,8,LOW
2024-01-25 00:00:00,J-107,6,13,LOW
2024-01-25 00:00:00,J-108,30,,LOW
2024-01-25 00:15:00,J-101,31,12,LOW
2024-01-25 00:15:00,J-102,25,11,LOW
2024-01-25 00:15:00,J-103,16,10,LOW
2024-01-25 00:15:00,J-104,22,15,LOW
2024-01-25 00:15:00,J-105,12,13,LOW
2024-01-25 00:15:00,J-106,8,13,LOW
2024-01-25 00:15:00,J-107,6,13,LOW
2024-01-25 00:15:00,J-108,34,14,LOW
2024-01-25 00:30:00,J-101,31,12,LOW
2024-01-25 00:30:00,J-102,27,12,LOW
2024-01-25 00:30:00,J-103,19,12,LOW
2024-01-25 00:30:00,J-104,19,13,LOW
2024-01-25 00:30:00,J-105,13,14,LOW
2024-01-25 00:30:00,J-106,8,13,LOW
2024-01-25 00:30:00,J-107,6,13,LOW
2024-01-25 00:30:00,J-108,32,13,LOW
2024-01-25 00:45:00,J-101,28,11,LOW
2024-01-25 00:45:00,J-102,27,12,LOW
2024-01-25 00:45:00,J-103,18,11,LOW
2024-01-25 00:45:00,J-104,16,11,LOW
2024-01-25 00:45:00,J-105,8,8,LOW
2024-01-25 00:45:00,J-106,7,,LOW
2024-01-25 00:45:00,J-107,5,10,LOW
2024-01-25 00:45:00,J-108,24,10,LOW
2024-01-25 01:00:00,J-101,4,1,LOW
2024-01-25 01:00:00,J-102,3,1,LOW
2024-01-25 01:00:00,J-103,3,1,LOW
2024-01-25 01:00:00,J-104,2,1,LOW
2024-01-25 01:00:00,J-105,1,1,LOW
2024-01-25 01:00:00,J-106,1,1,LOW
2024-01-25 01:00:00,J-107,0,0,LOW
2024-01-25 01:00:00,J-108,4,1,LOW
2024-01-25 01:15:00,J-101,5,2,LOW
2024-01-25 01:15:00,J-102,3,1,LOW
2024-01-25 01:15:00,J-103,2,1,LOW
2024-01-25 01:15:00,J-104,2,1,LOW
2024-01-25 01:15:00,J-105,1,1,LOW
2024-01-25 01:15:00,J-106,1,1,LOW
2024-01-25 01:15:00,J-107,0,0,LOW
2024-01-25 01:15:00,J-108,4,1,LOW
2024-01-25 01:30:00,J-101,4,1,LOW
2024-01-25 01:30:00,J-102,3,1,LOW
2024-01-25 01:30:00,J-103,2,1,LOW
2024-01-25 01:30:00,J-104,1,0,LOW
2024-01-25 01:30:00,J-105,1,1,LOW
2024-01-25 01:30:00,J-106,0,0,LOW
2024-01-25 01:30:00,J-107,0,0,LOW
2024-01-25 01:30:00,J-108,4,1,LOW
2024-01-25 01:45:00,J-101,3,1,LOW
2024-01-25 01:45:00,J-102,4,1,LOW
2024-01-25 01:45:00,J-103,2,1,LOW
2024-01-25 01:45:00,J-104,2,1,LOW
2024-01-25 01:45:00,J-105,2,2,LOW
2024-01-25 01:45:00,J-106,1,1,LOW
2024-01-25 01:45:00,J-107,0,0,LOW
2024-01-25 01:45:00,J-108,4,1,LOW
2024-01-25 02:00:00,J-101,5,2,LOW
2024-01-25 02:00:00,J-102,3,1,LOW
2024-01-25 02:00:00,J-103,2,1,LOW
2024-01-25 02:00:00,J-104,2,1,LOW
2024-01-25 02:00:00,J-105,1,1,LOW
2024-01-25 02:00:00,J-106,1,1,LOW
2024-01-25 02:00:00,J-107,0,0,LOW
2024-01-25 02:00:00,J-108,3,1,LOW
2024-01-25 02:15:00,J-101,4,1,LOW
2024-01-25 02:15:00,J-102,,1,LOW
2024-01-25 02:15:00,J-103,2,1,LOW
2024-01-25 02:15:00,J-104,2,1,LOW
2024-01-25 02:15:00,J-105,2,2,LOW
2024-01-25 02:15:00,J-106,1,1,LOW
2024-01-25 02:15:00,J-107,0,0,LOW
2024-01-25 02:15:00,J-108,3,1,LOW
2024-01-25 02:30:00,J-101,5,2,LOW
2024-01-25 02:30:00,J-102,3,1,LOW
2024-01-25 02:30:00,J-103,2,1,LOW
2024-01-25 02:30:00,J-104,2,1,LOW
2024-01-25 02:30:00,J-105,1,1,LOW
2024-01-25 02:30:00,J-106,1,1,LOW
2024-01-25 02:30:00,J-107,1,2,LOW
2024-01-25 02:30:00,J-108,4,1,LOW
2024-01-25 02:45:00,J-101,3,1,LOW
2024-01-25 02:45:00,J-102,3,1,LOW
2024-01-25 02:45:00,J-103,2,1,LOW
2024-01-25 02:45:00,J-104,2,1,LOW
2024-01-25 02:45:00,J-105,1,1,LOW
2024-01-25 02:45:00,J-106,1,1,LOW
2024-01-25 02:45:00,J-107,0,0,LOW
2024-01-25 02:45:00,J-108,4,1,LOW
2024-01-25 03:00:00,J-101,5,2,LOW
2024-01-25 03:00:00,J-102,4,1,LOW
2024-01-25 03:00:00,J-103,3,1,LOW
2024-01-25 03:00:00,J-104,2,1,LOW
2024-01-25 03:00:00,J-105,1,1,LOW
2024-01-25 03:00:00,J-106,1,1,LOW
2024-01-25 03:00:00,J-107,0,0,LOW
2024-01-25 03:00:00,J-108,4,1,LOW
2024-01-25 03:15:00,J-101,4,1,LOW
2024-01-25 03:15:00,J-102,3,1,LOW
2024-01-25 03:15:00,J-103,2,1,LOW
2024-01-25 03:15:00,J-104,2,1,LOW
2024-01-25 03:15:00,J-105,1,1,LOW
2024-01-25 03:15:00,J-106,0,0,LOW
2024-01-25 03:15:00,J-107,1,2,LOW
2024-01-25 03:15:00,J-108,3,1,LOW
2024-01-25 03:30:00,J-101,4,1,LOW
2024-01-25 03:30:00,J-102,4,1,LOW
2024-01-25 03:30:00,J-103,3,1,LOW
2024-01-25 03:30:00,J-104,2,1,LOW
2024-01-25 03:30:00,J-105,1,1,LOW
2024-01-25 03:30:00,J-106,1,1,LOW
2024-01-25 03:30:00,J-107,1,2,LOW
2024-01-25 03:30:00,J-108,4,1,LOW
2024-01-25 03:45:00,J-101,4,1,LOW
2024-01-25 03:45:00,J-102,4,1,LOW
2024-01-25 03:45:00,J-103,2,1,LOW
2024-01-25 03:45:00,J-104,2,1,LOW
2024-01-25 03:45:00,J-105,1,1,LOW
2024-01-25 03:45:00,J-106,1,1,LOW
2024-01-25 03:45:00,J-107,0,0,LOW
2024-01-25 03:45:00,J-108,4,1,LOW
2024-01-25 04:00:00,J-101,5,2,LOW
2024-01-25 04:00:00,J-102,4,1,LOW
2024-01-25 04:00:00,J-103,2,1,LOW
2024-01-25 04:00:00,J-104,3,2,LOW
2024-01-25 04:00:00,J-105,1,1,LOW
2024-01-25 04:00:00,J-106,1,1,LOW
2024-01-25 04:00:00,J-107,0,0,LOW
2024-01-25 04:00:00,J-108,3,1,LOW
2024-01-25 04:15:00,J-101,5,2,LOW
2024-01-25 04:15:00,J-102,3,1,LOW
2024-01-25 04:15:00,J-103,2,1,LOW
2024-01-25 04:15:00,J-104,3,2,LOW
2024-01-25 04:15:00,J-105,1,1,LOW
2024-01-25 04:15:00,J-106,1,1,LOW
2024-01-25 04:15:00,J-107,0,0,LOW
2024-01-25 04:15:00,J-108,4,1,LOW
2024-01-25 04:30:00,J-101,4,1,LOW
2024-01-25 04:30:00,J-102,4,1,LOW
2024-01-25 04:30:00,J-103,3,1,LOW
2024-01-25 04:30:00,J-104,2,1,LOW
2024-01-25 04:30:00,J-105,1,1,LOW
2024-01-25 04:30:00,J-106,1,1,LOW
2024-01-25 04:30:00,J-107,0,0,LOW
2024-01-25 04:30:00,J-108,4,1,LOW
2024-01-25 04:45:00,J-101,4,1,LOW
2024-01-25 04:45:00,J-102,4,1,LOW
2024-01-25 04:45:00,J-103,3,1,LOW
2024-01-25 04:45:00,J-104,2,1,LOW
2024-01-25 04:45:00,J-105,1,1,LOW
2024-01-25 04:45:00,J-106,1,1,LOW
2024-01-25 04:45:00,J-107,0,0,LOW
2024-01-25 04:45:00,J-108,3,1,LOW
2024-01-25 05:00:00,J-101,4,1,LOW
2024-01-25 05:00:00,J-102,5,2,LOW
2024-01-25 05:00:00,J-103,2,1,LOW
2024-01-25 05:00:00,J-104,2,1,LOW
2024-01-25 05:00:00,J-105,1,1,LOW
2024-01-25 05:00:00,J-106,1,1,LOW
2024-01-25 05:00:00,J-107,0,0,LOW
2024-01-25 05:00:00,J-108,4,1,LOW
2024-01-25 05:15:00,J-101,28,11,LOW
2024-01-25 05:15:00,J-102,20,9,LOW
2024-01-25 05:15:00,J-103,16,10,LOW
2024-01-25 05:15:00,J-104,17,12,LOW
2024-01-25 05:15:00,J-105,13,14,LOW
2024-01-25 05:15:00,J-106,7,11,LOW
2024-01-25 05:15:00,J-107,7,15,LOW
2024-01-25 05:15:00,J-108,26,11,LOW
2024-01-25 05:30:00,J-101,,9,LOW
2024-01-25 05:30:00,J-102,22,10,LOW
2024-01-25 05:30:00,J-103,23,14,LOW
2024-01-25 05:30:00,J-104,18,13,LOW
2024-01-25 05:30:00,J-105,12,13,LOW
2024-01-25 05:30:00,J-106,7,11,LOW
2024-01-25 05:30:00,J-107,5,10,LOW
2024-01-25 05:30:00,J-108,22,9,LOW
2024-01-25 05:45:00,J-101,28,11,LOW
2024-01-25 05:45:00,J-102,29,13,LOW
2024-01-25 05:45:00,J-103,18,11,LOW
2024-01-25 05:45:00,J-104,14,10,LOW
2024-01-25 05:45:00,J-105,12,13,LOW
2024-01-25 05:45:00,J-106,8,13,LOW
2024-01-25 05:45:00,J-107,4,8,LOW
2024-01-25 05:45:00,J-108,27,11,LOW
2024-01-25 06:00:00,J-101,28,11,LOW
2024-01-25 06:00:00,J-102,23,10,LOW
2024-01-25 06:00:00,J-103,18,11,LOW
2024-01-25 06:00:00,J-104,15,10,LOW
2024-01-25 06:00:00,J-105,11,11,LOW
2024-01-25 06:00:00,J-106,8,13,LOW
2024-01-25 06:00:00,J-107,5,10,LOW
2024-01-25 06:00:00,J-108,28,12,LOW
2024-01-25 06:15:00,J-101,33,13,LOW
2024-01-25 06:15:00,J-102,23,10,LOW
2024-01-25 06:15:00,J-103,21,13,LOW
2024-01-25 06:15:00,J-104,19,13,LOW
2024-01-25 06:15:00,J-105,10,10,LOW
2024-01-25 06:15:00,J-106,7,11,LOW
2024-01-25 06:15:00,J-107,6,13,LOW
2024-01-25 06:15:00,J-108,23,9,LOW
2024-01-25 06:30:00,J-101,26,10,LOW
2024-01-25 06:30:00,J-102,21,9,LOW
2024-01-25 06:30:00,J-103,20,13,LOW
2024-01-25 06:30:00,J-104,19,13,LOW
2024-01-25 06:30:00,J-105,12,13,LOW
2024-01-25 06:30:00,J-106,8,13,LOW
2024-01-25 06:30:00,J-107,6,13,LOW
2024-01-25 06:30:00,J-108,26,11,LOW
2024-01-25 06:45:00,J-101,26,10,LOW
2024-01-25 06:45:00,J-102,23,10,LOW
2024-01-25 06:45:00,J-103,17,11,LOW
2024-01-25 06:45:00,J-104,17,12,LOW
2024-01-25 06:45:00,J-105,13,14,LOW
2024-01-25 06:45:00,J-106,8,13,LOW
2024-01-25 06:45:00,J-107,5,10,LOW
2024-01-25 06:45:00,J-108,28,12,LOW
2024-01-25 07:00:00,J-101,25,10,LOW
2024-01-25 07:00:00,J-102,25,11,LOW
2024-01-25 07:00:00,J-103,17,11,LOW
2024-01-25 07:00:00,J-104,17,12,LOW
2024-01-25 07:00:00,J-105,14,15,LOW
2024-01-25 07:00:00,J-106,6,9,LOW
2024-01-25 07:00:00,J-107,6,13,LOW
2024-01-25 07:00:00,J-108,32,13,LOW
2024-01-25 07:15:00,J-101,24,9,LOW
2024-01-25 07:15:00,J-102,14,6,LOW
2024-01-25 07:15:00,J-103,15,9,LOW
2024-01-25 07:15:00,J-104,13,9,LOW
2024-01-25 07:15:00,J-105,9,9,LOW
2024-01-25 07:15:00,J-106,6,9,LOW
2024-01-25 07:15:00,J-107,4,8,LOW
2024-01-25 07:15:00,J-108,19,8,LOW
2024-01-25 07:30:00,J-101,46,18,LOW
2024-01-25 07:30:00,J-102,43,19,LOW
2024-01-25 07:30:00,J-103,34,22,LOW
2024-01-25 07:30:00,J-104,26,18,LOW
2024-01-25 07:30:00,J-105,20,21,LOW
2024-01-25 07:30:00,J-106,11,17,LOW
2024-01-25 07:30:00,J-107,7,15,LOW
2024-01-25 07:30:00,J-108,44,19,LOW
2024-01-25 07:45:00,J-101,92,37,LOW
2024-01-25 07:45:00,J-102,76,35,LOW
2024-01-25 07:45:00,J-103,64,41,MODERATE
2024-01-25 07:45:00,J-104,59,42,MODERATE
2024-01-25 07:45:00,J-105,38,41,MODERATE
2024-01-25 07:45:00,J-106,22,35,LOW
2024-01-25 07:45:00,J-107,18,39,LOW
2024-01-25 07:45:00,J-108,95,41,MODERATE
2024-01-25 08:00:00,J-101,132,53,MODERATE
2024-01-25 08:00:00,J-102,87,40,MODERATE
2024-01-25 08:00:00,J-103,69,44,MODERATE
2024-01-25 08:00:00,J-104,67,48,MODERATE
2024-01-25 08:00:00,J-105,55,59,MODERATE
2024-01-25 08:00:00,J-106,32,52,MODERATE
2024-01-25 08:00:00,J-107,20,43,MODERATE
2024-01-25 08:00:00,J-108,126,54,MODERATE
2024-01-25 08:15:00,J-101,129,52,MODERATE
2024-01-25 08:15:00,J-102,123,57,MODERATE
2024-01-25 08:15:00,J-103,100,65,MODERATE
2024-01-25 08:15:00,J-104,90,65,MODERATE
2024-01-25 08:15:00,J-105,45,48,MODERATE
2024-01-25 08:15:00,J-106,32,52,MODERATE
2024-01-25 08:15:00,J-107,26,56,MODERATE
2024-01-25 08:15:00,J-108,143,61,MODERATE
2024-01-25 08:30:00,J-101,121,49,MODERATE
2024-01-25 08:30:00,J-102,134,62,MODERATE
2024-01-25 08:30:00,J-103,105,68,MODERATE
2024-01-25 08:30:00,J-104,88,63,MODERATE
2024-01-25 08:30:00,J-105,56,60,MODERATE
2024-01-25 08:30:00,J-106,41,66,MODERATE
2024-01-25 08:30:00,J-107,22,47,MODERATE
2024-01-25 08:30:00,J-108,154,,MODERATE
2024-01-25 08:45:00,J-101,128,52,MODERATE
2024-01-25 08:45:00,J-102,128,59,MODERATE
2024-01-25 08:45:00,J-103,104,67,MODERATE
2024-01-25 08:45:00,J-104,92,66,MODERATE
2024-01-25 08:45:00,J-105,52,56,MODERATE
2024-01-25 08:45:00,J-106,47,76,HIGH
2024-01-25 08:45:00,J-107,28,60,MODERATE
2024-01-25 08:45:00,J-108,138,59,MODERATE
2024-01-25 09:00:00,J-101,141,57,MODERATE
2024-01-25 09:00:00,J-102,163,75,HIGH
2024-01-25 09:00:00,J-103,92,59,MODERATE
2024-01-25 09:00:00,J-104,83,59,MODERATE
2024-01-25 09:00:00,J-105,48,52,MODERATE
2024-01-25 09:00:00,J-106,36,58,MODERATE
2024-01-25 09:00:00,J-107,35,75,HIGH
2024-01-25 09:00:00,J-108,129,55,MODERATE
2024-01-25 09:15:00,J-101,122,49,MODERATE
2024-01-25 09:15:00,J-102,135,62,MODERATE
2024-01-25 09:15:00,J-103,101,65,MODERATE
2024-01-25 09:15:00,J-104,94,67,MODERATE
2024-01-25 09:15:00,J-105,57,61,MODERATE
2024-01-25 09:15:00,J-106,31,50,MODERATE
2024-01-25 09:15:00,J-107,27,58,MODERATE
2024-01-25 09:15:00,J-108,124,53,MODERATE
2024-01-25 09:30:00,J-101,115,46,MODERATE
2024-01-25 09:30:00,J-102,103,47,MODERATE
2024-01-25 09:30:00,J-103,84,54,MODERATE
2024-01-25 09:30:00,J-104,71,51,MODERATE
2024-01-25 09:30:00,J-105,45,48,MODERATE
2024-01-25 09:30:00,J-106,29,47,MODERATE
2024-01-25 09:30:00,J-107,22,47,MODERATE
2024-01-25 09:30:00,J-108,113,48,MODERATE
2024-01-25 09:45:00,J-101,106,43,MODERATE
2024-01-25 09:45:00,J-102,103,47,MODERATE
2024-01-25 09:45:00,J-103,63,40,MODERATE
2024-01-25 09:45:00,J-104,55,39,LOW
2024-01-25 09:45:00,J-105,47,50,MODERATE
2024-01-25 09:45:00,J-106,29,47,MODERATE
2024-01-25 09:45:00,J-107,22,47,MODERATE
2024-01-25 09:45:00,J-108,114,49,MODERATE
2024-01-25 10:00:00,J-101,58,23,LOW
2024-01-25 10:00:00,J-102,62,28,LOW
2024-01-25 10:00:00,J-103,46,29,LOW
2024-01-25 10:00:00,J-104,43,31,LOW
2024-01-25 10:00:00,J-105,28,30,LOW
2024-01-25 10:00:00,J-106,16,26,LOW
2024-01-25 10:00:00,J-107,15,32,LOW
2024-01-25 10:00:00,J-108,63,27,LOW
2024-01-25 10:15:00,J-101,28,11,LOW
2024-01-25 10:15:00,J-102,24,11,LOW
2024-01-25 10:15:00,J-103,21,13,LOW
2024-01-25 10:15:00,J-104,17,12,LOW
2024-01-25 10:15:00,J-105,9,9,LOW
2024-01-25 10:15:00,J-106,8,13,LOW
2024-01-25 10:15:00,J-107,6,13,LOW
2024-01-25 10:15:00,J-108,35,15,LOW
2024-01-25 10:30:00,J-101,23,9,LOW
2024-01-25 10:30:00,J-102,19,8,LOW
2024-01-25 10:30:00,J-103,16,10,LOW
2024-01-25 10:30:00,J-104,15,10,LOW
2024-01-25 10:30:00,J-105,9,9,LOW
2024-01-25 10:30:00,J-106,6,9,LOW
2024-01-25 10:30:00,J-107,4,8,LOW
2024-01-25 10:30:00,J-108,24,10,LOW
2024-01-25 10:45:00,J-101,37,15,LOW
2024-01-25 10:45:00,J-102,28,13,LOW
2024-01-25 10:45:00,J-103,22,14,LOW
2024-01-25 10:45:00,J-104,15,10,LOW
2024-01-25 10:45:00,J-105,15,16,LOW
2024-01-25 10:45:00,J-106,7,11,LOW
2024-01-25 10:45:00,J-107,6,13,LOW
2024-01-25 10:45:00,J-108,32,13,LOW
2024-01-25 11:00:00,J-101,13,5,LOW
2024-01-25 11:00:00,J-102,16,7,LOW
2024-01-25 11:00:00,J-103,13,,LOW
2024-01-25 11:00:00,J-104,13,9,LOW
2024-01-25 11:00:00,J-105,7,7,LOW
2024-01-25 11:00:00,J-106,3,4,LOW
2024-01-25 11:00:00,J-107,3,6,LOW
2024-01-25 11:00:00,J-108,20,8,LOW
2024-01-25 11:15:00,J-101,30,12,LOW
2024-01-25 11:15:00,J-102,17,7,LOW
2024-01-25 11:15:00,J-103,16,10,LOW
2024-01-25 11:15:00,J-104,18,13,LOW
2024-01-25 11:15:00,J-105,8,8,LOW
2024-01-25 11:15:00,J-106,7,11,LOW
2024-01-25 11:15:00,J-107,5,10,LOW
2024-01-25 11:15:00,J-108,24,10,LOW
2024-01-25 11:30:00,J-101,34,13,LOW
2024-01-25 11:30:00,J-102,23,10,LOW
2024-01-25 11:30:00,J-103,18,11,LOW
2024-01-25 11:30:00,J-104,17,12,LOW
2024-01-25 11:30:00,J-105,13,14,LOW
2024-01-25 11:30:00,J-106,8,13,LOW
2024-01-25 11:30:00,J-107,4,8,LOW
2024-01-25 11:30:00,J-108,32,13,LOW
2024-01-25 11:45:00,J-101,15,6,LOW
2024-01-25 11:45:00,J-102,18,8,LOW
2024-01-25 11:45:00,J-103,13,8,LOW
2024-01-25 11:45:00,J-104,12,8,LOW
2024-01-25 11:45:00,J-105,9,9,LOW
2024-01-25 11:45:00,J-106,5,8,LOW
2024-01-25 11:45:00,J-107,3,6,LOW
2024-01-25 11:45:00,J-108,21,9,LOW
2024-01-25 12:00:00,J-101,62,25,LOW
2024-01-25 12:00:00,J-102,49,22,LOW
2024-01-25 12:00:00,J-103,39,25,LOW
2024-01-25 12:00:00,J-104,,26,LOW
2024-01-25 12:00:00,J-105,17,18,LOW
2024-01-25 12:00:00,J-106,16,26,LOW
2024-01-25 12:00:00,J-107,8,17,LOW
2024-01-25 12:00:00,J-108,65,28,LOW
2024-01-25 12:15:00,J-101,57,23,LOW
2024-01-25 12:15:00,J-102,52,24,LOW
2024-01-25 12:15:00,J-103,34,22,LOW
2024-01-25 12:15:00,J-104,32,23,LOW
2024-01-25 12:15:00,J-105,16,17,LOW
2024-01-25 12:15:00,J-106,,19,LOW
2024-01-25 12:15:00,J-107,9,19,LOW
2024-01-25 12:15:00,J-108,42,18,LOW
2024-01-25 12:30:00,J-101,61,24,LOW
2024-01-25 12:30:00,J-102,48,22,LOW
2024-01-25 12:30:00,J-103,38,24,LOW
2024-01-25 12:30:00,J-104,40,28,LOW
2024-01-25 12:30:00,J-105,25,27,LOW
2024-01-25 12:30:00,J-106,15,24,LOW
2024-01-25 12:30:00,J-107,11,23,LOW
2024-01-25 12:30:00,J-108,51,22,LOW
2024-01-25 12:45:00,J-101,59,23,LOW
2024-01-25 12:45:00,J-102,45,20,LOW
2024-01-25 12:45:00,J-103,30,19,LOW
2024-01-25 12:45:00,J-104,25,18,LOW
2024-01-25 12:45:00,J-105,22,23,LOW
2024-01-25 12:45:00,J-106,13,21,LOW
2024-01-25 12:45:00,J-107,10,21,LOW
2024-01-25 12:45:00,J-108,54,23,LOW
2024-01-25 13:00:00,J-101,55,22,LOW
2024-01-25 13:00:00,J-102,63,29,LOW
2024-01-25 13:00:00,J-103,39,25,LOW
2024-01-25 13:00:00,J-104,35,25,LOW
2024-01-25 13:00:00,J-105,29,31,LOW
2024-01-25 13:00:00,J-106,17,27,LOW
2024-01-25 13:00:00,J-107,13,28,LOW
2024-01-25 13:00:00,J-108,62,26,LOW
2024-01-25 13:15:00,J-101,68,27,LOW
2024-01-25 13:15:00,J-102,63,29,LOW
2024-01-25 13:15:00,J-103,37,24,LOW
2024-01-25 13:15:00,J-104,37,26,LOW
2024-01-25 13:15:00,J-105,24,26,LOW
2024-01-25 13:15:00,J-106,16,26,LOW
2024-01-25 13:15:00,J-107,11,23,LOW
2024-01-25 13:15:00,J-108,59,25,LOW
2024-01-25 13:30:00,J-101,40,16,LOW
2024-01-25 13:30:00,J-102,40,18,LOW
2024-01-25 13:30:00,J-103,35,22,LOW
2024-01-25 13:30:00,J-104,31,22,LOW
2024-01-25 13:30:00,J-105,15,16,LOW
2024-01-25 13:30:00,J-106,13,21,LOW
2024-01-25 13:30:00,J-107,11,23,LOW
2024-01-25 13:30:00,J-108,53,22,LOW
2024-01-25 13:45:00,J-101,34,13,LOW
2024-01-25 13:45:00,J-102,30,13,LOW
2024-01-25 13:45:00,J-103,21,13,LOW
2024-01-25 13:45:00,J-104,16,11,LOW
2024-01-25 13:45:00,J-105,11,11,LOW
2024-01-25 13:45:00,J-106,8,13,LOW
2024-01-25 13:45:00,J-107,6,13,LOW
2024-01-25 13:45:00,J-108,35,15,LOW
2024-01-25 14:00:00,J-101,30,12,LOW
2024-01-25 14:00:00,J-102,25,11,LOW
2024-01-25 14:00:00,J-103,16,10,LOW
2024-01-25 14:00:00,J-104,15,10,LOW
2024-01-25 14:00:00,J-105,9,9,LOW
2024-01-25 14:00:00,J-106,5,8,LOW
2024-01-25 14:00:00,J-107,4,8,LOW
2024-01-25 14:00:00,J-108,22,9,LOW
2024-01-25 14:15:00,J-101,29,11,LOW
2024-01-25 14:15:00,J-102,22,10,LOW
2024-01-25 14:15:00,J-103,17,11,LOW
2024-01-25 14:15:00,J-104,16,11,LOW
2024-01-25 14:15:00,J-105,10,10,LOW
2024-01-25 14:15:00,J-106,6,9,LOW
2024-01-25 14:15:00,J-107,5,10,LOW
2024-01-25 14:15:00,J-108,27,11,LOW
2024-01-25 14:30:00,J-101,29,11,LOW
2024-01-25 14:30:00,J-102,32,14,LOW
2024-01-25 14:30:00,J-103,20,13,LOW
2024-01-25 14:30:00,J-104,21,15,LOW
2024-01-25 14:30:00,J-105,12,13,LOW
2024-01-25 14:30:00,J-106,6,9,LOW
2024-01-25 14:30:00,J-107,6,13,LOW
2024-01-25 14:30:00,J-108,29,12,LOW
2024-01-25 14:45:00,J-101,22,8,LOW
2024-01-25 14:45:00,J-102,14,6,LOW
2024-01-25 14:45:00,J-103,13,8,LOW
2024-01-25 14:45:00,J-104,13,9,LOW
2024-01-25 14:45:00,J-105,8,8,LOW
2024-01-25 14:45:00,J-106,5,8,LOW
2024-01-25 14:45:00,J-107,4,8,LOW
2024-01-25 14:45:00,J-108,21,9,LOW
2024-01-25 15:00:00,J-101,31,12,LOW
2024-01-25 15:00:00,J-102,26,12,LOW
2024-01-25 15:00:00,J-103,20,13,LOW
2024-01-25 15:00:00,J-104,16,11,LOW
2024-01-25 15:00:00,J-105,12,13,LOW
2024-01-25 15:00:00,J-106,8,13,LOW
2024-01-25 15:00:00,J-107,6,13,LOW
2024-01-25 15:00:00,J-108,27,11,LOW
2024-01-25 15:15:00,J-101,38,15,LOW
2024-01-25 15:15:00,J-102,23,10,LOW
2024-01-25 15:15:00,J-103,21,13,LOW
2024-01-25 15:15:00,J-104,19,13,LOW
2024-01-25 15:15:00,J-105,12,13,LOW
2024-01-25 15:15:00,J-106,8,13,LOW
2024-01-25 15:15:00,J-107,5,10,LOW
2024-01-25 15:15:00,J-108,25,10,LOW
2024-01-25 15:30:00,J-101,29,11,LOW
2024-01-25 15:30:00,J-102,26,12,LOW
2024-01-25 15:30:00,J-103,20,13,LOW
2024-01-25 15:30:00,J-104,18,13,LOW
2024-01-25 15:30:00,J-105,13,14,LOW
2024-01-25 15:30:00,J-106,8,13,LOW
2024-01-25 15:30:00,J-107,6,13,LOW
2024-01-25 15:30:00,J-108,36,15,LOW
2024-01-25 15:45:00,J-101,21,8,LOW
2024-01-25 15:45:00,J-102,16,7,LOW
2024-01-25 15:45:00,J-103,17,11,LOW
2024-01-25 15:45:00,J-104,12,8,LOW
2024-01-25 15:45:00,J-105,9,9,LOW
2024-01-25 15:45:00,J-106,5,8,LOW
2024-01-25 15:45:00,J-107,3,6,LOW
2024-01-25 15:45:00,J-108,22,9,LOW
2024-01-25 16:00:00,J-101,33,13,LOW
2024-01-25 16:00:00,J-102,27,12,LOW
2024-01-25 16:00:00,J-103,21,13,LOW
2024-01-25 16:00:00,J-104,16,11,LOW
2024-01-25 16:00:00,J-105,10,10,LOW
2024-01-25 16:00:00,J-106,5,8,LOW
2024-01-25 16:00:00,J-107,4,8,LOW
2024-01-25 16:00:00,J-108,25,10,LOW
2024-01-25 16:15:00,J-101,34,13,LOW
2024-01-25 16:15:00,J-102,26,12,LOW
2024-01-25 16:15:00,J-103,16,10,LOW
2024-01-25 16:15:00,J-104,16,11,LOW
2024-01-25 16:15:00,J-105,12,13,LOW
2024-01-25 16:15:00,J-106,7,11,LOW
2024-01-25 16:15:00,J-107,4,8,LOW
2024-01-25 16:15:00,J-108,28,12,LOW
2024-01-25 16:30:00,J-101,91,36,LOW
2024-01-25 16:30:00,J-102,90,41,MODERATE
2024-01-25 16:30:00,J-103,57,37,LOW
2024-01-25 16:30:00,J-104,50,36,LOW
2024-01-25 16:30:00,J-105,34,36,LOW
2024-01-25 16:30:00,J-106,23,37,LOW
2024-01-25 16:30:00,J-107,17,36,LOW
2024-01-25 16:30:00,J-108,92,39,LOW
2024-01-25 16:45:00,J-101,111,45,MODERATE
2024-01-25 16:45:00,J-102,92,42,MODERATE
2024-01-25 16:45:00,J-103,69,44,MODERATE
2024-01-25 16:45:00,J-104,60,43,MODERATE
2024-01-25 16:45:00,J-105,35,37,LOW
2024-01-25 16:45:00,J-106,21,34,LOW
2024-01-25 16:45:00,J-107,22,47,MODERATE
2024-01-25 16:45:00,J-108,93,40,MODERATE
2024-01-25 17:00:00,J-101,97,39,LOW
2024-01-25 17:00:00,J-102,106,49,MODERATE
2024-01-25 17:00:00,J-103,53,34,LOW
2024-01-25 17:00:00,J-104,58,41,MODERATE
2024-01-25 17:00:00,J-105,41,44,MODERATE
2024-01-25 17:00:00,J-106,23,37,LOW
2024-01-25 17:00:00,J-107,19,41,MODERATE
2024-01-25 17:00:00,J-108,101,43,MODERATE
2024-01-25 17:15:00,J-101,152,61,MODERATE
2024-01-25 17:15:00,J-102,107,49,MODERATE
2024-01-25 17:15:00,J-103,85,55,MODERATE
2024-01-25 17:15:00,J-104,83,59,MODERATE
2024-01-25 17:15:00,J-105,40,43,MODERATE
2024-01-25 17:15:00,J-106,36,58,MODERATE
2024-01-25 17:15:00,J-107,24,52,MODERATE
2024-01-25 17:15:00,J-108,121,52,MODERATE
2024-01-25 17:30:00,J-101,136,55,MODERATE
2024-01-25 17:30:00,J-102,136,63,MODERATE
2024-01-25 17:30:00,J-103,94,61,MODERATE
2024-01-25 17:30:00,J-104,80,57,MODERATE
2024-01-25 17:30:00,J-105,56,60,MODERATE
2024-01-25 17:30:00,J-106,30,48,MODERATE
2024-01-25 17:30:00,J-107,25,54,MODERATE
2024-01-25 17:30:00,J-108,121,52,MODERATE
2024-01-25 17:45:00,J-101,134,54,MODERATE
2024-01-25 17:45:00,J-102,159,73,HIGH
2024-01-25 17:45:00,J-103,67,43,MODERATE
2024-01-25 17:45:00,J-104,92,66,MODERATE
2024-01-25 17:45:00,J-105,47,50,MODERATE
2024-01-25 17:45:00,J-106,36,58,MODERATE
2024-01-25 17:45:00,J-107,33,71,HIGH
2024-01-25 17:45:00,J-108,143,61,MODERATE
2024-01-25 18:00:00,J-101,162,65,MODERATE
2024-01-25 18:00:00,J-102,154,71,HIGH
2024-01-25 18:00:00,J-103,104,67,MODERATE
2024-01-25 18:00:00,J-104,79,57,MODERATE
2024-01-25 18:00:00,J-105,65,70,HIGH
2024-01-25 18:00:00,J-106,36,58,MODERATE
2024-01-25 18:00:00,J-107,30,65,MODERATE
2024-01-25 18:00:00,J-108,120,52,MODERATE
2024-01-25 18:15:00,J-101,146,59,MODERATE
2024-01-25 18:15:00,J-102,144,66,MODERATE
2024-01-25 18:15:00,J-103,97,63,MODERATE
2024-01-25 18:15:00,J-104,75,54,MODERATE
2024-01-25 18:15:00,J-105,56,60,MODERATE
2024-01-25 18:15:00,J-106,42,68,MODERATE
2024-01-25 18:15:00,J-107,27,58,MODERATE
2024-01-25 18:15:00,J-108,173,74,HIGH
2024-01-25 18:30:00,J-101,151,61,MODERATE
2024-01-25 18:30:00,J-102,122,56,MODERATE
2024-01-25 18:30:00,J-103,94,61,MODERATE
2024-01-25 18:30:00,J-104,85,61,MODERATE
2024-01-25 18:30:00,J-105,44,47,MODERATE
2024-01-25 18:30:00,J-106,44,71,HIGH
2024-01-25 18:30:00,J-107,23,49,MODERATE
2024-01-25 18:30:00,J-108,125,54,MODERATE
2024-01-25 18:45:00,J-101,135,54,MODERATE
2024-01-25 18:45:00,J-102,97,45,MODERATE
2024-01-25 18:45:00,J-103,75,48,MODERATE
2024-01-25 18:45:00,J-104,77,55,MODERATE
2024-01-25 18:45:00,J-105,39,42,MODERATE
2024-01-25 18:45:00,J-106,29,47,MODERATE
2024-01-25 18:45:00,J-107,22,47,MODERATE
2024-01-25 18:45:00,J-108,113,48,MODERATE
2024-01-25 19:00:00,J-101,99,40,MODERATE
2024-01-25 19:00:00,J-102,108,50,MODERATE
2024-01-25 19:00:00,J-103,62,40,MODERATE
2024-01-25 19:00:00,J-104,62,44,MODERATE
2024-01-25 19:00:00,J-105,48,52,MODERATE
2024-01-25 19:00:00,J-106,26,42,MODERATE
2024-01-25 19:00:00,J-107,22,47,MODERATE
2024-01-25 19:00:00,J-108,111,48,MODERATE
2024-01-25 19:15:00,J-101,121,49,MODERATE
2024-01-25 19:15:00,J-102,87,40,MODERATE
2024-01-25 19:15:00,J-103,82,53,MODERATE
2024-01-25 19:15:00,J-104,64,46,MODERATE
2024-01-25 19:15:00,J-105,42,45,MODERATE
2024-01-25 19:15:00,J-106,29,47,MODERATE
2024-01-25 19:15:00,J-107,20,43,MODERATE
2024-01-25 19:15:00,J-108,120,52,MODERATE
2024-01-25 19:30:00,J-101,73,29,LOW
2024-01-25 19:30:00,J-102,86,39,LOW
2024-01-25 19:30:00,J-103,61,39,LOW
2024-01-25 19:30:00,J-104,42,30,LOW
2024-01-25 19:30:00,J-105,35,37,LOW
2024-01-25 19:30:00,J-106,21,34,LOW
2024-01-25 19:30:00,J-107,15,32,LOW
2024-01-25 19:30:00,J-108,100,43,MODERATE
2024-01-25 19:45:00,J-101,,12,LOW
2024-01-25 19:45:00,J-102,29,13,LOW
2024-01-25 19:45:00,J-103,19,12,LOW
2024-01-25 19:45:00,J-104,20,14,LOW
2024-01-25 19:45:00,J-105,13,14,LOW
2024-01-25 19:45:00,J-106,6,9,LOW
2024-01-25 19:45:00,J-107,6,13,LOW
2024-01-25 19:45:00,J-108,33,14,LOW
2024-01-25 20:00:00,J-101,34,13,LOW
2024-01-25 20:00:00,J-102,22,10,LOW
2024-01-25 20:00:00,J-103,18,11,LOW
2024-01-25 20:00:00,J-104,18,13,LOW
2024-01-25 20:00:00,J-105,12,13,LOW
2024-01-25 20:00:00,J-106,7,11,LOW
2024-01-25 20:00:00,J-107,5,10,LOW
2024-01-25 20:00:00,J-108,23,9,LOW
2024-01-25 20:15:00,J-101,31,12,LOW
2024-01-25 20:15:00,J-102,32,14,LOW
2024-01-25 20:15:00,J-103,20,13,LOW
2024-01-25 20:15:00,J-104,14,10,LOW
2024-01-25 20:15:00,J-105,11,11,LOW
2024-01-25 20:15:00,J-106,7,11,LOW
2024-01-25 20:15:00,J-107,6,13,LOW
2024-01-25 20:15:00,J-108,38,16,LOW
2024-01-25 20:30:00,J-101,38,15,LOW
2024-01-25 20:30:00,J-102,27,12,LOW
2024-01-25 20:30:00,J-103,20,13,LOW
2024-01-25 20:30:00,J-104,16,11,LOW
2024-01-25 20:30:00,J-105,11,11,LOW
2024-01-25 20:30:00,J-106,8,13,LOW
2024-01-25 20:30:00,J-107,6,13,LOW
2024-01-25 20:30:00,J-108,31,13,LOW
2024-01-25 20:45:00,J-101,37,15,LOW
2024-01-25 20:45:00,J-102,20,9,LOW
2024-01-25 20:45:00,J-103,17,11,LOW
2024-01-25 20:45:00,J-104,14,10,LOW
2024-01-25 20:45:00,J-105,12,13,LOW
2024-01-25 20:45:00,J-106,8,13,LOW
2024-01-25 20:45:00,J-107,5,10,LOW
2024-01-25 20:45:00,J-108,27,11,LOW
2024-01-25 21:00:00,J-101,37,15,LOW
2024-01-25 21:00:00,J-102,32,14,LOW
2024-01-25 21:00:00,J-103,18,11,LOW
2024-01-25 21:00:00,J-104,21,15,LOW
2024-01-25 21:00:00,J-105,13,14,LOW
2024-01-25 21:00:00,J-106,8,13,LOW
2024-01-25 21:00:00,J-107,5,10,LOW
2024-01-25 21:00:00,J-108,31,13,LOW
2024-01-25 21:15:00,J-101,18,7,LOW
2024-01-25 21:15:00,J-102,16,7,LOW
2024-01-25 21:15:00,J-103,13,8,LOW
2024-01-25 21:15:00,J-104,12,8,LOW
2024-01-25 21:15:00,J-105,6,6,LOW
2024-01-25 21:15:00,J-106,4,6,LOW
2024-01-25 21:15:00,J-107,4,8,LOW
2024-01-25 21:15:00,J-108,20,8,LOW
2024-01-25 21:30:00,J-101,27,10,LOW
2024-01-25 21:30:00,J-102,25,11,LOW
2024-01-25 21:30:00,J-103,20,13,LOW
2024-01-25 21:30:00,J-104,17,12,LOW
2024-01-25 21:30:00,J-105,9,9,LOW
2024-01-25 21:30:00,J-106,6,9,LOW
2024-01-25 21:30:00,J-107,5,10,LOW
2024-01-25 21:30:00,J-108,24,10,LOW
2024-01-25 21:45:00,J-101,32,13,LOW
2024-01-25 21:45:00,J-102,26,12,LOW
2024-01-25 21:45:00,J-103,17,11,LOW
2024-01-25 21:45:00,J-104,20,14,LOW
2024-01-25 21:45:00,J-105,10,10,LOW
2024-01-25 21:45:00,J-106,9,14,LOW
2024-01-25 21:45:00,J-107,6,13,LOW
2024-01-25 21:45:00,J-108,29,12,LOW
2024-01-25 22:00:00,J-101,31,12,LOW
2024-01-25 22:00:00,J-102,28,13,LOW
2024-01-25 22:00:00,J-103,20,13,LOW
2024-01-25 22:00:00,J-104,16,11,LOW
2024-01-25 22:00:00,J-105,14,15,LOW
2024-01-25 22:00:00,J-106,8,13,LOW
2024-01-25 22:00:00,J-107,7,15,LOW
2024-01-25 22:00:00,J-108,28,12,LOW
2024-01-25 22:15:00,J-101,28,11,LOW
2024-01-25 22:15:00,J-102,23,10,LOW
2024-01-25 22:15:00,J-103,19,12,LOW
2024-01-25 22:15:00,J-104,15,10,LOW
2024-01-25 22:15:00,J-105,10,10,LOW
2024-01-25 22:15:00,J-106,8,13,LOW
2024-01-25 22:15:00,J-107,4,8,LOW
2024-01-25 22:15:00,J-108,28,12,LOW
2024-01-25 22:30:00,J-101,28,11,LOW
2024-01-25 22:30:00,J-102,24,11,LOW
2024-01-25 22:30:00,J-103,22,14,LOW
2024-01-25 22:30:00,J-104,17,12,LOW
2024-01-25 22:30:00,J-105,12,13,LOW
2024-01-25 22:30:00,J-106,7,11,LOW
2024-01-25 22:30:00,J-107,6,13,LOW
2024-01-25 22:30:00,J-108,32,13,LOW
2024-01-25 22:45:00,J-101,29,11,LOW
2024-01-25 22:45:00,J-102,25,11,LOW
2024-01-25 22:45:00,J-103,21,13,LOW
2024-01-25 22:45:00,J-104,17,12,LOW
2024-01-25 22:45:00,J-105,11,11,LOW
2024-01-25 22:45:00,J-106,7,11,LOW
2024-01-25 22:45:00,J-107,6,13,LOW
2024-01-25 22:45:00,J-108,31,13,LOW
2024-01-25 23:00:00,J-101,27,10,LOW
2024-01-25 23:00:00,J-102,27,12,LOW
2024-01-25 23:00:00,J-103,20,13,LOW
2024-01-25 23:00:00,J-104,16,11,LOW
2024-01-25 23:00:00,J-105,10,10,LOW
2024-01-25 23:00:00,J-106,6,9,LOW
2024-01-25 23:00:00,J-107,5,10,LOW
2024-01-25 23:00:00,J-108,30,13,LOW
2024-01-25 23:15:00,J-101,35,14,LOW
2024-01-25 23:15:00,J-102,30,13,LOW
2024-01-25 23:15:00,J-103,24,15,LOW
2024-01-25 23:15:00,J-104,15,10,LOW
2024-01-25 23:15:00,J-105,11,11,LOW
2024-01-25 23:15:00,J-106,8,13,LOW
2024-01-25 23:15:00,J-107,7,15,LOW
2024-01-25 23:15:00,J-108,25,10,LOW
2024-01-25 23:30:00,J-101,28,11,LOW
2024-01-25 23:30:00,J-102,30,13,LOW
2024-01-25 23:30:00,J-103,15,9,LOW
2024-01-25 23:30:00,J-104,16,11,LOW
2024-01-25 23:30:00,J-105,12,13,LOW
2024-01-25 23:30:00,J-106,6,9,LOW
2024-01-25 23:30:00,J-107,6,13,LOW
2024-01-25 23:30:00,J-108,23,9,LOW
2024-01-25 23:45:00,J-101,32,13,LOW
2024-01-25 23:45:00,J-102,24,11,LOW
2024-01-25 23:45:00,J-103,15,9,LOW
2024-01-25 23:45:00,J-104,19,13,LOW
2024-01-25 23:45:00,J-105,11,11,LOW
2024-01-25 23:45:00,J-106,7,11,LOW
2024-01-25 23:45:00,J-107,4,8,LOW
2024-01-25 23:45:00,J-108,25,10,LOW
2024-01-26 00:00:00,J-101,14,5,LOW
2024-01-26 00:00:00,J-102,21,9,LOW
2024-01-26 00:00:00,J-103,15,9,LOW
2024-01-26 00:00:00,J-104,9,6,LOW
2024-01-26 00:00:00,J-105,7,7,LOW
2024-01-26 00:00:00,J-106,5,8,LOW
2024-01-26 00:00:00,J-107,3,6,LOW
2024-01-26 00:00:00,J-108,13,5,LOW
2024-01-26 00:15:00,J-101,21,8,LOW
2024-01-26 00:15:00,J-102,15,6,LOW
2024-01-26 00:15:00,J-103,12,7,LOW
2024-01-26 00:15:00,J-104,10,7,LOW
2024-01-26 00:15:00,J-105,7,7,LOW
2024-01-26 00:15:00,J-106,5,8,LOW
2024-01-26 00:15:00,J-107,3,6,LOW
2024-01-26 00:15:00,J-108,17,7,LOW
2024-01-26 00:30:00,J-101,24,9,LOW
2024-01-26 00:30:00,J-102,31,14,LOW
2024-01-26 00:30:00,J-103,11,7,LOW
2024-01-26 00:30:00,J-104,16,11,LOW
2024-01-26 00:30:00,J-105,10,10,LOW
2024-01-26 00:30:00,J-106,8,13,LOW
2024-01-26 00:30:00,J-107,7,15,LOW
2024-01-26 00:30:00,J-108,27,11,LOW
2024-01-26 00:45:00,J-101,31,12,LOW
2024-01-26 00:45:00,J-102,24,11,LOW
2024-01-26 00:45:00,J-103,22,14,LOW
2024-01-26 00:45:00,J-104,19,13,LOW
2024-01-26 00:45:00,J-105,13,14,LOW
2024-01-26 00:45:00,J-106,7,11,LOW
2024-01-26 00:45:00,J-107,5,10,LOW
2024-01-26 00:45:00,J-108,,13,LOW
2024-01-26 01:00:00,J-101,5,2,LOW
2024-01-26 01:00:00,J-102,3,1,LOW
2024-01-26 01:00:00,J-103,2,1,LOW
2024-01-26 01:00:00,J-104,2,1,LOW
2024-01-26 01:00:00,J-105,1,1,LOW
2024-01-26 01:00:00,J-106,1,1,LOW
2024-01-26 01:00:00,J-107,0,0,LOW
2024-01-26 01:00:00,J-108,4,1,LOW
2024-01-26 01:15:00,J-101,5,2,LOW
2024-01-26 01:15:00,J-102,3,1,LOW
2024-01-26 01:15:00,J-103,3,1,LOW
2024-01-26 01:15:00,J-104,1,0,LOW
2024-01-26 01:15:00,J-105,2,2,LOW
2024-01-26 01:15:00,J-106,1,1,LOW
2024-01-26 01:15:00,J-107,0,0,LOW
2024-01-26 01:15:00,J-108,4,1,LOW
2024-01-26 01:30:00,J-101,4,1,LOW
2024-01-26 01:30:00,J-102,3,1,LOW
2024-01-26 01:30:00,J-103,2,1,LOW
2024-01-26 01:30:00,J-104,2,1,LOW
2024-01-26 01:30:00,J-105,1,1,LOW
2024-01-26 01:30:00,J-106,1,1,LOW
2024-01-26 01:30:00,J-107,0,0,LOW
2024-01-26 01:30:00,J-108,4,1,LOW
2024-01-26 01:45:00,J-101,4,1,LOW
2024-01-26 01:45:00,J-102,4,1,LOW
2024-01-26 01:45:00,J-103,3,1,LOW
2024-01-26 01:45:00,J-104,2,1,LOW
2024-01-26 01:45:00,J-105,1,1,LOW
2024-01-26 01:45:00,J-106,1,1,LOW
2024-01-26 01:45:00,J-107,0,0,LOW
2024-01-26 01:45:00,J-108,4,1,LOW
2024-01-26 02:00:00,J-101,3,1,LOW
2024-01-26 02:00:00,J-102,3,1,LOW
2024-01-26 02:00:00,J-103,3,1,LOW
2024-01-26 02:00:00,J-104,2,1,LOW
2024-01-26 02:00:00,J-105,1,1,LOW
2024-01-26 02:00:00,J-106,1,1,LOW
2024-01-26 02:00:00,J-107,0,0,LOW
2024-01-26 02:00:00,J-108,4,1,LOW
2024-01-26 02:15:00,J-101,3,1,LOW
2024-01-26 02:15:00,J-102,3,1,LOW
2024-01-26 02:15:00,J-103,2,1,LOW
2024-01-26 02:15:00,J-104,1,0,LOW
2024-01-26 02:15:00,J-105,1,1,LOW
2024-01-26 02:15:00,J-106,1,1,LOW
2024-01-26 02:15:00,J-107,0,0,LOW
2024-01-26 02:15:00,J-108,3,1,LOW
2024-01-26 02:30:00,J-101,4,1,LOW
2024-01-26 02:30:00,J-102,4,1,LOW
2024-01-26 02:30:00,J-103,2,1,LOW
2024-01-26 02:30:00,J-104,2,1,LOW
2024-01-26 02:30:00,J-105,1,1,LOW
2024-01-26 02:30:00,J-106,0,0,LOW
2024-01-26 02:30:00,J-107,0,0,LOW
2024-01-26 02:30:00,J-108,3,1,LOW
2024-01-26 02:45:00,J-101,4,1,LOW
2024-01-26 02:45:00,J-102,3,1,LOW
2024-01-26 02:45:00,J-103,2,1,LOW
2024-01-26 02:45:00,J-104,2,1,LOW
2024-01-26 02:45:00,J-105,1,1,LOW
2024-01-26 02:45:00,J-106,1,1,LOW
2024-01-26 02:45:00,J-107,0,0,LOW
2024-01-26 02:45:00,J-108,4,1,LOW
2024-01-26 03:00:00,J-101,3,1,LOW
2024-01-26 03:00:00,J-102,2,0,LOW
2024-01-26 03:00:00,J-103,1,0,LOW
2024-01-26 03:00:00,J-104,1,0,LOW
2024-01-26 03:00:00,J-105,1,1,LOW
2024-01-26 03:00:00,J-106,0,0,LOW
2024-01-26 03:00:00,J-107,0,0,LOW
2024-01-26 03:00:00,J-108,2,0,LOW
2024-01-26 03:15:00,J-101,4,1,LOW
2024-01-26 03:15:00,J-102,4,1,LOW
2024-01-26 03:15:00,J-103,2,1,LOW
2024-01-26 03:15:00,J-104,2,1,LOW
2024-01-26 03:15:00,J-105,1,1,LOW
2024-01-26 03:15:00,J-106,1,1,LOW
2024-01-26 03:15:00,J-107,0,0,LOW
2024-01-26 03:15:00,J-108,4,1,LOW
2024-01-26 03:30:00,J-101,2,0,LOW
2024-01-26 03:30:00,J-102,2,0,LOW
2024-01-26 03:30:00,J-103,1,0,LOW
2024-01-26 03:30:00,J-104,1,0,LOW
2024-01-26 03:30:00,J-105,1,1,LOW
2024-01-26 03:30:00,J-106,0,0,LOW
2024-01-26 03:30:00,J-107,0,0,LOW
2024-01-26 03:30:00,J-108,2,0,LOW
2024-01-26 03:45:00,J-101,2,0,LOW
2024-01-26 03:45:00,J-102,2,0,LOW
2024-01-26 03:45:00,J-103,1,0,LOW
2024-01-26 03:45:00,J-104,1,0,LOW
2024-01-26 03:45:00,J-105,1,1,LOW
2024-01-26 03:45:00,J-106,0,0,LOW
2024-01-26 03:45:00,J-107,0,0,LOW
2024-01-26 03:45:00,J-108,2,0,LOW
2024-01-26 04:00:00,J-101,4,1,LOW
2024-01-26 04:00:00,J-102,3,1,LOW
2024-01-26 04:00:00,J-103,2,1,LOW
2024-01-26 04:00:00,J-104,2,1,LOW
2024-01-26 04:00:00,J-105,1,1,LOW
2024-01-26 04:00:00,J-106,1,1,LOW
2024-01-26 04:00:00,J-107,0,0,LOW
2024-01-26 04:00:00,J-108,3,1,LOW
2024-01-26 04:15:00,J-101,4,1,LOW
2024-01-26 04:15:00,J-102,5,2,LOW
2024-01-26 04:15:00,J-103,3,1,LOW
2024-01-26 04:15:00,J-104,2,1,LOW
2024-01-26 04:15:00,J-105,1,1,LOW
2024-01-26 04:15:00,J-106,1,1,LOW
2024-01-26 04:15:00,J-107,0,0,LOW
2024-01-26 04:15:00,J-108,4,1,LOW
2024-01-26 04:30:00,J-101,4,1,LOW
2024-01-26 04:30:00,J-102,3,1,LOW
2024-01-26 04:30:00,J-103,2,1,LOW
2024-01-26 04:30:00,J-104,2,1,LOW
2024-01-26 04:30:00,J-105,1,1,LOW
2024-01-26 04:30:00,J-106,1,1,LOW
2024-01-26 04:30:00,J-107,0,0,LOW
2024-01-26 04:30:00,J-108,3,1,LOW
2024-01-26 04:45:00,J-101,4,1,LOW
2024-01-26 04:45:00,J-102,3,1,LOW
2024-01-26 04:45:00,J-103,2,1,LOW
2024-01-26 04:45:00,J-104,2,1,LOW
2024-01-26 04:45:00,J-105,1,1,LOW
2024-01-26 04:45:00,J-106,1,1,LOW
2024-01-26 04:45:00,J-107,0,0,LOW
2024-01-26 04:45:00,J-108,3,1,LOW
2024-01-26 05:00:00,J-101,4,1,LOW
2024-01-26 05:00:00,J-102,3,1,LOW
2024-01-26 05:00:00,J-103,3,1,LOW
2024-01-26 05:00:00,J-104,2,1,LOW
2024-01-26 05:00:00,J-105,1,1,LOW
2024-01-26 05:00:00,J-106,1,1,LOW
2024-01-26 05:00:00,J-107,0,0,LOW
2024-01-26 05:00:00,J-108,4,1,LOW
2024-01-26 05:15:00,J-101,29,11,LOW
2024-01-26 05:15:00,J-102,27,12,LOW
2024-01-26 05:15:00,J-103,20,13,LOW
2024-01-26 05:15:00,J-104,17,12,LOW
2024-01-26 05:15:00,J-105,12,13,LOW
2024-01-26 05:15:00,J-106,8,13,LOW
2024-01-26 05:15:00,J-107,6,13,LOW
2024-01-26 05:15:00,J-108,30,13,LOW
2024-01-26 05:30:00,J-101,31,12,LOW
2024-01-26 05:30:00,J-102,24,11,LOW
2024-01-26 05:30:00,J-103,19,12,LOW
2024-01-26 05:30:00,J-104,14,10,LOW
2024-01-26 05:30:00,J-105,11,11,LOW
2024-01-26 05:30:00,J-106,7,11,LOW
2024-01-26 05:30:00,J-107,5,10,LOW
2024-01-26 05:30:00,J-108,37,16,LOW
2024-01-26 05:45:00,J-101,17,6,LOW
2024-01-26 05:45:00,J-102,17,7,LOW
2024-01-26 05:45:00,J-103,12,7,LOW
2024-01-26 05:45:00,J-104,7,5,LOW
2024-01-26 05:45:00,J-105,6,6,LOW
2024-01-26 05:45:00,J-106,5,8,LOW
2024-01-26 05:45:00,J-107,2,4,LOW
2024-01-26 05:45:00,J-108,19,8,LOW
2024-01-26 06:00:00,J-101,26,10,LOW
2024-01-26 06:00:00,J-102,27,12,LOW
2024-01-26 06:00:00,J-103,12,7,LOW
2024-01-26 06:00:00,J-104,15,10,LOW
2024-01-26 06:00:00,J-105,11,11,LOW
2024-01-26 06:00:00,J-106,7,11,LOW
2024-01-26 06:00:00,J-107,5,10,LOW
2024-01-26 06:00:00,J-108,29,12,LOW
2024-01-26 06:15:00,J-101,21,8,LOW
2024-01-26 06:15:00,J-102,19,8,LOW
2024-01-26 06:15:00,J-103,13,8,LOW
2024-01-26 06:15:00,J-104,12,8,LOW
2024-01-26 06:15:00,J-105,8,8,LOW
2024-01-26 06:15:00,J-106,5,8,LOW
2024-01-26 06:15:00,J-107,3,6,LOW
2024-01-26 06:15:00,J-108,20,8,LOW
2024-01-26 06:30:00,J-101,30,12,LOW
2024-01-26 06:30:00,J-102,19,8,LOW
2024-01-26 06:30:00,J-103,13,8,LOW
2024-01-26 06:30:00,J-104,10,7,LOW
2024-01-26 06:30:00,J-105,8,8,LOW
2024-01-26 06:30:00,J-106,8,13,LOW
2024-01-26 06:30:00,J-107,5,10,LOW
2024-01-26 06:30:00,J-108,23,9,LOW
2024-01-26 06:45:00,J-101,33,13,LOW
2024-01-26 06:45:00,J-102,30,13,LOW
2024-01-26 06:45:00,J-103,21,13,LOW
2024-01-26 06:45:00,J-104,18,13,LOW
2024-01-26 06:45:00,J-105,12,13,LOW
2024-01-26 06:45:00,J-106,9,14,LOW
2024-01-26 06:45:00,J-107,5,10,LOW
2024-01-26 06:45:00,J-108,27,11,LOW
2024-01-26 07:00:00,J-101,34,13,LOW
2024-01-26 07:00:00,J-102,26,12,LOW
2024-01-26 07:00:00,J-103,21,13,LOW
2024-01-26 07:00:00,J-104,17,12,LOW
2024-01-26 07:00:00,J-105,11,11,LOW
2024-01-26 07:00:00,J-106,9,14,LOW
2024-01-26 07:00:00,J-107,6,13,LOW
2024-01-26 07:00:00,J-108,29,12,LOW
2024-01-26 07:15:00,J-101,20,8,LOW
2024-01-26 07:15:00,J-102,13,6,LOW
2024-01-26 07:15:00,J-103,10,6,LOW
2024-01-26 07:15:00,J-104,8,5,LOW
2024-01-26 07:15:00,J-105,6,6,LOW
2024-01-26 07:15:00,J-106,4,6,LOW
2024-01-26 07:15:00,J-107,3,6,LOW
2024-01-26 07:15:00,J-108,20,8,LOW
2024-01-26 07:30:00,J-101,57,23,LOW
2024-01-26 07:30:00,J-102,74,34,LOW
2024-01-26 07:30:00,J-103,49,31,LOW
2024-01-26 07:30:00,J-104,42,30,LOW
2024-01-26 07:30:00,J-105,27,29,LOW
2024-01-26 07:30:00,J-106,18,29,LOW
2024-01-26 07:30:00,J-107,15,32,LOW
2024-01-26 07:30:00,J-108,71,30,LOW
2024-01-26 07:45:00,J-101,96,39,LOW
2024-01-26 07:45:00,J-102,96,44,MODERATE
2024-01-26 07:45:00,J-103,78,50,MODERATE
2024-01-26 07:45:00,J-104,76,54,MODERATE
2024-01-26 07:45:00,J-105,33,35,LOW
2024-01-26 07:45:00,J-106,28,45,MODERATE
2024-01-26 07:45:00,J-107,22,47,MODERATE
2024-01-26 07:45:00,J-108,95,41,MODERATE
2024-01-26 08:00:00,J-101,110,44,MODERATE
2024-01-26 08:00:00,J-102,74,34,LOW
2024-01-26 08:00:00,J-103,45,29,LOW
2024-01-26 08:00:00,J-104,48,34,LOW
2024-01-26 08:00:00,J-105,33,35,LOW
2024-01-26 08:00:00,J-106,23,37,LOW
2024-01-26 08:00:00,J-107,18,39,LOW
2024-01-26 08:00:00,J-108,74,32,LOW
2024-01-26 08:15:00,J-101,138,56,MODERATE
2024-01-26 08:15:00,J-102,97,45,MODERATE
2024-01-26 08:15:00,J-103,95,61,MODERATE
2024-01-26 08:15:00,J-104,65,46,MODERATE
2024-01-26 08:15:00,J-105,49,53,MODERATE
2024-01-26 08:15:00,J-106,37,60,MODERATE
2024-01-26 08:15:00,J-107,29,62,MODERATE
2024-01-26 08:15:00,J-108,142,61,MODERATE
2024-01-26 08:30:00,J-101,137,55,MODERATE
2024-01-26 08:30:00,J-102,116,53,MODERATE
2024-01-26 08:30:00,J-103,75,48,MODERATE
2024-01-26 08:30:00,J-104,71,51,MODERATE
2024-01-26 08:30:00,J-105,40,43,MODERATE
2024-01-26 08:30:00,J-106,,47,MODERATE
2024-01-26 08:30:00,J-107,18,39,LOW
2024-01-26 08:30:00,J-108,141,61,MODERATE
2024-01-26 08:45:00,J-101,183,74,HIGH
2024-01-26 08:45:00,J-102,165,76,HIGH
2024-01-26 08:45:00,J-103,112,72,HIGH
2024-01-26 08:45:00,J-104,119,85,HIGH
2024-01-26 08:45:00,J-105,59,63,MODERATE
2024-01-26 08:45:00,J-106,40,65,MODERATE
2024-01-26 08:45:00,J-107,35,75,HIGH
2024-01-26 08:45:00,J-108,123,53,MODERATE
2024-01-26 09:00:00,J-101,163,66,MODERATE
2024-01-26 09:00:00,J-102,146,67,MODERATE
2024-01-26 09:00:00,J-103,100,65,MODERATE
2024-01-26 09:00:00,J-104,91,65,MODERATE
2024-01-26 09:00:00,J-105,56,60,MODERATE
2024-01-26 09:00:00,J-106,33,53,MODERATE
2024-01-26 09:00:00,J-107,30,65,MODERATE
2024-01-26 09:00:00,J-108,168,72,HIGH
2024-01-26 09:15:00,J-101,132,53,MODERATE
2024-01-26 09:15:00,J-102,141,65,MODERATE
2024-01-26 09:15:00,J-103,67,43,MODERATE
2024-01-26 09:15:00,J-104,88,63,MODERATE
2024-01-26 09:15:00,J-105,51,55,MODERATE
2024-01-26 09:15:00,J-106,34,55,MODERATE
2024-01-26 09:15:00,J-107,29,62,MODERATE
2024-01-26 09:15:00,J-108,148,64,MODERATE
2024-01-26 09:30:00,J-101,136,55,MODERATE
2024-01-26 09:30:00,J-102,130,60,MODERATE
2024-01-26 09:30:00,J-103,70,45,MODERATE
2024-01-26 09:30:00,J-104,72,52,MODERATE
2024-01-26 09:30:00,J-105,45,48,MODERATE
2024-01-26 09:30:00,J-106,27,43,MODERATE
2024-01-26 09:30:00,J-107,19,41,MODERATE
2024-01-26 09:30:00,J-108,131,56,MODERATE
2024-01-26 09:45:00,J-101,74,30,LOW
2024-01-26 09:45:00,J-102,74,34,LOW
2024-01-26 09:45:00,J-103,52,33,LOW
2024-01-26 09:45:00,J-104,57,41,MODERATE
2024-01-26 09:45:00,J-105,,35,LOW
2024-01-26 09:45:00,J-106,18,29,LOW
2024-01-26 09:45:00,J-107,17,36,LOW
2024-01-26 09:45:00,J-108,105,45,MODERATE
2024-01-26 10:00:00,J-101,80,32,LOW
2024-01-26 10:00:00,J-102,73,33,LOW
2024-01-26 10:00:00,J-103,47,30,LOW
2024-01-26 10:00:00,J-104,46,33,LOW
2024-01-26 10:00:00,J-105,25,27,LOW
2024-01-26 10:00:00,J-106,21,34,LOW
2024-01-26 10:00:00,J-107,13,28,LOW
2024-01-26 10:00:00,J-108,73,31,LOW
2024-01-26 10:15:00,J-101,33,13,LOW
2024-01-26 10:15:00,J-102,24,11,LOW
2024-01-26 10:15:00,J-103,22,14,LOW
2024-01-26 10:15:00,J-104,16,11,LOW
2024-01-26 10:15:00,J-105,8,8,LOW
2024-01-26 10:15:00,J-106,8,13,LOW
2024-01-26 10:15:00,J-107,5,10,LOW
2024-01-26 10:15:00,J-108,34,14,LOW
2024-01-26 10:30:00,J-101,21,8,LOW
2024-01-26 10:30:00,J-102,20,9,LOW
2024-01-26 10:30:00,J-103,12,7,LOW
2024-01-26 10:30:00,J-104,11,7,LOW
2024-01-26 10:30:00,J-105,6,6,LOW
2024-01-26 10:30:00,J-106,4,6,LOW
2024-01-26 10:30:00,J-107,4,8,LOW
2024-01-26 10:30:00,J-108,23,9,LOW
2024-01-26 10:45:00,J-101,32,13,LOW
2024-01-26 10:45:00,J-102,26,12,LOW
2024-01-26 10:45:00,J-103,26,16,LOW
2024-01-26 10:45:00,J-104,19,13,LOW
2024-01-26 10:45:00,J-105,11,11,LOW
2024-01-26 10:45:00,J-106,7,11,LOW
2024-01-26 10:45:00,J-107,5,10,LOW
2024-01-26 10:45:00,J-108,34,14,LOW
2024-01-26 11:00:00,J-101,33,13,LOW
2024-01-26 11:00:00,J-102,22,10,LOW
2024-01-26 11:00:00,J-103,21,13,LOW
2024-01-26 11:00:00,J-104,18,13,LOW
2024-01-26 11:00:00,J-105,10,10,LOW
2024-01-26 11:00:00,J-106,,11,LOW
2024-01-26 11:00:00,J-107,5,10,LOW
2024-01-26 11:00:00,J-108,31,13,LOW
2024-01-26 11:15:00,J-101,38,15,LOW
2024-01-26 11:15:00,J-102,20,9,LOW
2024-01-26 11:15:00,J-103,21,13,LOW
2024-01-26 11:15:00,J-104,17,12,LOW
2024-01-26 11:15:00,J-105,9,9,LOW
2024-01-26 11:15:00,J-106,8,13,LOW
2024-01-26 11:15:00,J-107,6,13,LOW
2024-01-26 11:15:00,J-108,30,13,LOW
2024-01-26 11:30:00,J-101,33,13,LOW
2024-01-26 11:30:00,J-102,26,12,LOW
2024-01-26 11:30:00,J-103,17,11,LOW
2024-01-26 11:30:00,J-104,19,13,LOW
2024-01-26 11:30:00,J-105,10,10,LOW
2024-01-26 11:30:00,J-106,7,11,LOW
2024-01-26 11:30:00,J-107,5,10,LOW
2024-01-26 11:30:00,J-108,22,9,LOW
2024-01-26 11:45:00,J-101,30,12,LOW
2024-01-26 11:45:00,J-102,32,14,LOW
2024-01-26 11:45:00,J-103,20,13,LOW
2024-01-26 11:45:00,J-104,19,13,LOW
2024-01-26 11:45:00,J-105,12,13,LOW
2024-01-26 11:45:00,J-106,7,11,LOW
2024-01-26 11:45:00,J-107,6,13,LOW
2024-01-26 11:45:00,J-108,33,14,LOW
2024-01-26 12:00:00,J-101,61,24,LOW
2024-01-26 12:00:00,J-102,60,27,LOW
2024-01-26 12:00:00,J-103,45,29,LOW
2024-01-26 12:00:00,J-104,39,28,LOW
2024-01-26 12:00:00,J-105,24,26,LOW
2024-01-26 12:00:00,J-106,18,29,LOW
2024-01-26 12:00:00,J-107,11,23,LOW
2024-01-26 12:00:00,J-108,56,24,LOW
2024-01-26 12:15:00,J-101,40,16,LOW
2024-01-26 12:15:00,J-102,54,25,LOW
2024-01-26 12:15:00,J-103,31,20,LOW
2024-01-26 12:15:00,J-104,28,20,LOW
2024-01-26 12:15:00,J-105,17,18,LOW
2024-01-26 12:15:00,J-106,12,19,LOW
2024-01-26 12:15:00,J-107,12,26,LOW
2024-01-26 12:15:00,J-108,52,22,LOW
2024-01-26 12:30:00,J-101,39,15,LOW
2024-01-26 12:30:00,J-102,32,14,LOW
2024-01-26 12:30:00,J-103,20,13,LOW
2024-01-26 12:30:00,J-104,25,18,LOW
2024-01-26 12:30:00,J-105,14,15,LOW
2024-01-26 12:30:00,J-106,9,14,LOW
2024-01-26 12:30:00,J-107,8,17,LOW
2024-01-26 12:30:00,J-108,37,16,LOW
2024-01-26 12:45:00,J-101,42,17,LOW
2024-01-26 12:45:00,J-102,50,23,LOW
2024-01-26 12:45:00,J-103,39,25,LOW
2024-01-26 12:45:00,J-104,35,25,LOW
2024-01-26 12:45:00,J-105,21,22,LOW
2024-01-26 12:45:00,J-106,13,21,LOW
2024-01-26 12:45:00,J-107,10,21,LOW
2024-01-26 12:45:00,J-108,48,20,LOW
2024-01-26 13:00:00,J-101,57,23,LOW
2024-01-26 13:00:00,J-102,45,20,LOW
2024-01-26 13:00:00,J-103,37,24,LOW
2024-01-26 13:00:00,J-104,34,24,LOW
2024-01-26 13:00:00,J-105,26,28,LOW
2024-01-26 13:00:00,J-106,14,22,LOW
2024-01-26 13:00:00,J-107,9,19,LOW
2024-01-26 13:00:00,J-108,59,25,LOW
2024-01-26 13:15:00,J-101,67,27,LOW
2024-01-26 13:15:00,J-102,46,21,LOW
2024-01-26 13:15:00,J-103,32,20,LOW
2024-01-26 13:15:00,J-104,35,25,LOW
2024-01-26 13:15:00,J-105,12,13,LOW
2024-01-26 13:15:00,J-106,15,24,LOW
2024-01-26 13:15:00,J-107,12,26,LOW
2024-01-26 13:15:00,J-108,45,19,LOW
2024-01-26 13:30:00,J-101,46,18,LOW
2024-01-26 13:30:00,J-102,58,26,LOW
2024-01-26 13:30:00,J-103,35,22,LOW
2024-01-26 13:30:00,J-104,35,25,LOW
2024-01-26 13:30:00,J-105,27,29,LOW
2024-01-26 13:30:00,J-106,14,22,LOW
2024-01-26 13:30:00,J-107,14,30,LOW
2024-01-26 13:30:00,J-108,60,26,LOW
2024-01-26 13:45:00,J-101,26,10,LOW
2024-01-26 13:45:00,J-102,27,12,LOW
2024-01-26 13:45:00,J-103,16,10,LOW
2024-01-26 13:45:00,J-104,18,13,LOW
2024-01-26 13:45:00,J-105,10,10,LOW
2024-01-26 13:45:00,J-106,6,9,LOW
2024-01-26 13:45:00,J-107,5,10,LOW
2024-01-26 13:45:00,J-108,23,9,LOW
2024-01-26 14:00:00,J-101,39,15,LOW
2024-01-26 14:00:00,J-102,24,11,LOW
2024-01-26 14:00:00,J-103,16,10,LOW
2024-01-26 14:00:00,J-104,18,13,LOW
2024-01-26 14:00:00,J-105,11,11,LOW
2024-01-26 14:00:00,J-106,7,11,LOW
2024-01-26 14:00:00,J-107,6,13,LOW
2024-01-26 14:00:00,J-108,39,16,LOW
2024-01-26 14:15:00,J-101,22,8,LOW
2024-01-26 14:15:00,J-102,22,10,LOW
2024-01-26 14:15:00,J-103,19,12,LOW
2024-01-26 14:15:00,J-104,18,13,LOW
2024-01-26 14:15:00,J-105,10,10,LOW
2024-01-26 14:15:00,J-106,7,11,LOW
2024-01-26 14:15:00,J-107,6,13,LOW
2024-01-26 14:15:00,J-108,19,8,LOW
2024-01-26 14:30:00,J-101,27,10,LOW
2024-01-26 14:30:00,J-102,23,10,LOW
2024-01-26 14:30:00,J-103,21,13,LOW
2024-01-26 14:30:00,J-104,13,9,LOW
2024-01-26 14:30:00,J-105,8,8,LOW
2024-01-26 14:30:00,J-106,6,9,LOW
2024-01-26 14:30:00,J-107,4,8,LOW
2024-01-26 14:30:00,J-108,23,9,LOW
2024-01-26 14:45:00,J-101,27,10,LOW
2024-01-26 14:45:00,J-102,20,9,LOW
2024-01-26 14:45:00,J-103,17,11,LOW
2024-01-26 14:45:00,J-104,15,10,LOW
2024-01-26 14:45:00,J-105,13,14,LOW
2024-01-26 14:45:00,J-106,6,9,LOW
2024-01-26 14:45:00,J-107,5,10,LOW
2024-01-26 14:45:00,J-108,29,12,LOW
2024-01-26 15:00:00,J-101,32,13,LOW
2024-01-26 15:00:00,J-102,30,13,LOW
2024-01-26 15:00:00,J-103,19,12,LOW
2024-01-26 15:00:00,J-104,20,14,LOW
2024-01-26 15:00:00,J-105,10,10,LOW
2024-01-26 15:00:00,J-106,8,13,LOW
2024-01-26 15:00:00,J-107,4,8,LOW
2024-01-26 15:00:00,J-108,29,12,LOW
2024-01-26 15:15:00,J-101,30,12,LOW
2024-01-26 15:15:00,J-102,22,10,LOW
2024-01-26 15:15:00,J-103,21,13,LOW
2024-01-26 15:15:00,J-104,20,14,LOW
2024-01-26 15:15:00,J-105,11,11,LOW
2024-01-26 15:15:00,J-106,6,9,LOW
2024-01-26 15:15:00,J-107,4,8,LOW
2024-01-26 15:15:00,J-108,23,9,LOW
2024-01-26 15:30:00,J-101,22,8,LOW
2024-01-26 15:30:00,J-102,30,13,LOW
2024-01-26 15:30:00,J-103,17,11,LOW
2024-01-26 15:30:00,J-104,16,11,LOW
2024-01-26 15:30:00,J-105,14,15,LOW
2024-01-26 15:30:00,J-106,7,11,LOW
2024-01-26 15:30:00,J-107,6,13,LOW
2024-01-26 15:30:00,J-108,28,12,LOW
2024-01-26 15:45:00,J-101,25,10,LOW
2024-01-26 15:45:00,J-102,29,13,LOW
2024-01-26 15:45:00,J-103,16,10,LOW
2024-01-26 15:45:00,J-104,16,11,LOW
2024-01-26 15:45:00,J-105,11,11,LOW
2024-01-26 15:45:00,J-106,7,11,LOW
2024-01-26 15:45:00,J-107,6,13,LOW
2024-01-26 15:45:00,J-108,29,12,LOW
2024-01-26 16:00:00,J-101,23,9,LOW
2024-01-26 16:00:00,J-102,25,11,LOW
2024-01-26 16:00:00,J-103,20,13,LOW
2024-01-26 16:00:00,J-104,21,15,LOW
2024-01-26 16:00:00,J-105,9,9,LOW
2024-01-26 16:00:00,J-106,7,11,LOW
2024-01-26 16:00:00,J-107,5,10,LOW
2024-01-26 16:00:00,J-108,28,12,LOW
2024-01-26 16:15:00,J-101,32,13,LOW
2024-01-26 16:15:00,J-102,26,12,LOW
2024-01-26 16:15:00,J-103,19,12,LOW
2024-01-26 16:15:00,J-104,17,12,LOW
2024-01-26 16:15:00,J-105,,13,LOW
2024-01-26 16:15:00,J-106,7,11,LOW
2024-01-26 16:15:00,J-107,4,8,LOW
2024-01-26 16:15:00,J-108,26,11,LOW
2024-01-26 16:30:00,J-101,115,46,MODERATE
2024-01-26 16:30:00,J-102,78,36,LOW
2024-01-26 16:30:00,J-103,57,37,LOW
2024-01-26 16:30:00,J-104,55,39,LOW
2024-01-26 16:30:00,J-105,35,37,LOW
2024-01-26 16:30:00,J-106,25,40,MODERATE
2024-01-26 16:30:00,J-107,21,45,MODERATE
2024-01-26 16:30:00,J-108,83,35,LOW
2024-01-26 16:45:00,J-101,111,45,MODERATE
2024-01-26 16:45:00,J-102,110,51,MODERATE
2024-01-26 16:45:00,J-103,70,45,MODERATE
2024-01-26 16:45:00,J-104,69,49,MODERATE
2024-01-26 16:45:00,J-105,43,46,MODERATE
2024-01-26 16:45:00,J-106,31,50,MODERATE
2024-01-26 16:45:00,J-107,20,43,MODERATE
2024-01-26 16:45:00,J-108,105,45,MODERATE
2024-01-26 17:00:00,J-101,59,23,LOW
2024-01-26 17:00:00,J-102,74,34,LOW
2024-01-26 17:00:00,J-103,49,31,LOW
2024-01-26 17:00:00,J-104,40,28,LOW
2024-01-26 17:00:00,J-105,26,28,LOW
2024-01-26 17:00:00,J-106,18,29,LOW
2024-01-26 17:00:00,J-107,14,30,LOW
2024-01-26 17:00:00,J-108,69,29,LOW
2024-01-26 17:15:00,J-101,121,49,MODERATE
2024-01-26 17:15:00,J-102,107,49,MODERATE
2024-01-26 17:15:00,J-103,77,50,MODERATE
2024-01-26 17:15:00,J-104,66,47,MODERATE
2024-01-26 17:15:00,J-105,47,50,MODERATE
2024-01-26 17:15:00,J-106,27,43,MODERATE
2024-01-26 17:15:00,J-107,20,43,MODERATE
2024-01-26 17:15:00,J-108,114,49,MODERATE
2024-01-26 17:30:00,J-101,123,49,MODERATE
2024-01-26 17:30:00,J-102,113,52,MODERATE
2024-01-26 17:30:00,J-103,85,55,MODERATE
2024-01-26 17:30:00,J-104,82,59,MODERATE
2024-01-26 17:30:00,J-105,54,58,MODERATE
2024-01-26 17:30:00,J-106,38,61,MODERATE
2024-01-26 17:30:00,J-107,20,43,MODERATE
2024-01-26 17:30:00,J-108,111,48,MODERATE
2024-01-26 17:45:00,J-101,157,63,MODERATE
2024-01-26 17:45:00,J-102,160,74,HIGH
2024-01-26 17:45:00,J-103,82,53,MODERATE
2024-01-26 17:45:00,J-104,61,44,MODERATE
2024-01-26 17:45:00,J-105,72,78,HIGH
2024-01-26 17:45:00,J-106,35,56,MODERATE
2024-01-26 17:45:00,J-107,27,58,MODERATE
2024-01-26 17:45:00,J-108,143,61,MODERATE
2024-01-26 18:00:00,J-101,130,52,MODERATE
2024-01-26 18:00:00,J-102,119,55,MODERATE
2024-01-26 18:00:00,J-103,84,54,MODERATE
2024-01-26 18:00:00,J-104,76,54,MODERATE
2024-01-26 18:00:00,J-105,55,59,MODERATE
2024-01-26 18:00:00,J-106,37,60,MODERATE
2024-01-26 18:00:00,J-107,28,60,MODERATE
2024-01-26 18:00:00,J-108,127,55,MODERATE
2024-01-26 18:15:00,J-101,,61,MODERATE
2024-01-26 18:15:00,J-102,124,57,MODERATE
2024-01-26 18:15:00,J-103,80,52,MODERATE
2024-01-26 18:15:00,J-104,66,47,MODERATE
2024-01-26 18:15:00,J-105,50,54,MODERATE
2024-01-26 18:15:00,J-106,35,56,MODERATE
2024-01-26 18:15:00,J-107,24,52,MODERATE
2024-01-26 18:15:00,J-108,117,50,MODERATE
2024-01-26 18:30:00,J-101,145,58,MODERATE
2024-01-26 18:30:00,J-102,146,67,MODERATE
2024-01-26 18:30:00,J-103,80,52,MODERATE
2024-01-26 18:30:00,J-104,73,52,MODERATE
2024-01-26 18:30:00,J-105,59,63,MODERATE
2024-01-26 18:30:00,J-106,37,60,MODERATE
2024-01-26 18:30:00,J-107,26,56,MODERATE
2024-01-26 18:30:00,J-108,144,62,MODERATE
2024-01-26 18:45:00,J-101,118,47,MODERATE
2024-01-26 18:45:00,J-102,95,44,MODERATE
2024-01-26 18:45:00,J-103,58,37,LOW
2024-01-26 18:45:00,J-104,63,45,MODERATE
2024-01-26 18:45:00,J-105,40,43,MODERATE
2024-01-26 18:45:00,J-106,24,39,LOW
2024-01-26 18:45:00,J-107,22,47,MODERATE
2024-01-26 18:45:00,J-108,108,46,MODERATE
2024-01-26 19:00:00,J-101,84,34,LOW
2024-01-26 19:00:00,J-102,73,33,LOW
2024-01-26 19:00:00,J-103,52,33,LOW
2024-01-26 19:00:00,J-104,47,33,LOW
2024-01-26 19:00:00,J-105,38,41,MODERATE
2024-01-26 19:00:00,J-106,26,42,MODERATE
2024-01-26 19:00:00,J-107,14,30,LOW
2024-01-26 19:00:00,J-108,85,36,LOW
2024-01-26 19:15:00,J-101,132,53,MODERATE
2024-01-26 19:15:00,J-102,99,45,MODERATE
2024-01-26 19:15:00,J-103,65,42,MODERATE
2024-01-26 19:15:00,J-104,63,45,MODERATE
2024-01-26 19:15:00,J-105,38,41,MODERATE
2024-01-26 19:15:00,J-106,29,47,MODERATE
2024-01-26 19:15:00,J-107,21,45,MODERATE
2024-01-26 19:15:00,J-108,79,34,LOW
2024-01-26 19:30:00,J-101,75,30,LOW
2024-01-26 19:30:00,J-102,51,23,LOW
2024-01-26 19:30:00,J-103,52,33,LOW
2024-01-26 19:30:00,J-104,42,30,LOW
2024-01-26 19:30:00,J-105,32,34,LOW
2024-01-26 19:30:00,J-106,22,35,LOW
2024-01-26 19:30:00,J-107,13,28,LOW
2024-01-26 19:30:00,J-108,76,32,LOW
2024-01-26 19:45:00,J-101,27,10,LOW
2024-01-26 19:45:00,J-102,28,13,LOW
2024-01-26 19:45:00,J-103,19,12,LOW
2024-01-26 19:45:00,J-104,14,10,LOW
2024-01-26 19:45:00,J-105,12,13,LOW
2024-01-26 19:45:00,J-106,7,11,LOW
2024-01-26 19:45:00,J-107,5,10,LOW
2024-01-26 19:45:00,J-108,37,16,LOW
2024-01-26 20:00:00,J-101,24,9,LOW
2024-01-26 20:00:00,J-102,26,12,LOW
2024-01-26 20:00:00,J-103,19,12,LOW
2024-01-26 20:00:00,J-104,15,10,LOW
2024-01-26 20:00:00,J-105,10,10,LOW
2024-01-26 20:00:00,J-106,7,11,LOW
2024-01-26 20:00:00,J-107,4,8,LOW
2024-01-26 20:00:00,J-108,24,10,LOW
2024-01-26 20:15:00,J-101,21,8,LOW
2024-01-26 20:15:00,J-102,18,8,LOW
2024-01-26 20:15:00,J-103,12,7,LOW
2024-01-26 20:15:00,J-104,12,8,LOW
2024-01-26 20:15:00,J-105,7,7,LOW
2024-01-26 20:15:00,J-106,5,8,LOW
2024-01-26 20:15:00,J-107,3,6,LOW
2024-01-26 20:15:00,J-108,19,8,LOW
2024-01-26 20:30:00,J-101,29,11,LOW
2024-01-26 20:30:00,J-102,23,10,LOW
2024-01-26 20:30:00,J-103,23,14,LOW
2024-01-26 20:30:00,J-104,10,7,LOW
2024-01-26 20:30:00,J-105,12,13,LOW
2024-01-26 20:30:00,J-106,6,9,LOW
2024-01-26 20:30:00,J-107,5,10,LOW
2024-01-26 20:30:00,J-108,31,13,LOW
2024-01-26 20:45:00,J-101,35,14,LOW
2024-01-26 20:45:00,J-102,27,12,LOW
2024-01-26 20:45:00,J-103,19,12,LOW
2024-01-26 20:45:00,J-104,20,14,LOW
2024-01-26 20:45:00,J-105,8,8,LOW
2024-01-26 20:45:00,J-106,6,9,LOW
2024-01-26 20:45:00,J-107,5,10,LOW
2024-01-26 20:45:00,J-108,28,12,LOW
2024-01-26 21:00:00,J-101,21,8,LOW
2024-01-26 21:00:00,J-102,20,9,LOW
2024-01-26 21:00:00,J-103,14,9,LOW
2024-01-26 21:00:00,J-104,14,10,LOW
2024-01-26 21:00:00,J-105,8,8,LOW
2024-01-26 21:00:00,J-106,5,8,LOW
2024-01-26 21:00:00,J-107,3,6,LOW
2024-01-26 21:00:00,J-108,17,7,LOW
2024-01-26 21:15:00,J-101,24,9,LOW
2024-01-26 21:15:00,J-102,31,14,LOW
2024-01-26 21:15:00,J-103,15,9,LOW
2024-01-26 21:15:00,J-104,19,13,LOW
2024-01-26 21:15:00,J-105,10,10,LOW
2024-01-26 21:15:00,J-106,7,11,LOW
2024-01-26 21:15:00,J-107,5,10,LOW
2024-01-26 21:15:00,J-108,,11,LOW
2024-01-26 21:30:00,J-101,32,13,LOW
2024-01-26 21:30:00,J-102,28,13,LOW
2024-01-26 21:30:00,J-103,22,14,LOW
2024-01-26 21:30:00,J-104,15,10,LOW
2024-01-26 21:30:00,J-105,11,11,LOW
2024-01-26 21:30:00,J-106,8,13,LOW
2024-01-26 21:30:00,J-107,4,8,LOW
2024-01-26 21:30:00,J-108,29,12,LOW
2024-01-26 21:45:00,J-101,19,7,LOW
2024-01-26 21:45:00,J-102,15,6,LOW
2024-01-26 21:45:00,J-103,9,5,LOW
2024-01-26 21:45:00,J-104,11,7,LOW
2024-01-26 21:45:00,J-105,8,8,LOW
2024-01-26 21:45:00,J-106,4,6,LOW
2024-01-26 21:45:00,J-107,4,8,LOW
2024-01-26 21:45:00,J-108,14,6,LOW
2024-01-26 22:00:00,J-101,27,10,LOW
2024-01-26 22:00:00,J-102,18,8,LOW
2024-01-26 22:00:00,J-103,17,11,LOW
2024-01-26 22:00:00,J-104,13,9,LOW
2024-01-26 22:00:00,J-105,10,10,LOW
2024-01-26 22:00:00,J-106,5,8,LOW
2024-01-26 22:00:00,J-107,4,8,LOW
2024-01-26 22:00:00,J-108,20,8,LOW
2024-01-26 22:15:00,J-101,26,10,LOW
2024-01-26 22:15:00,J-102,21,9,LOW
2024-01-26 22:15:00,J-103,17,11,LOW
2024-01-26 22:15:00,J-104,15,10,LOW
2024-01-26 22:15:00,J-105,9,9,LOW
2024-01-26 22:15:00,J-106,7,11,LOW
2024-01-26 22:15:00,J-107,5,10,LOW
2024-01-26 22:15:00,J-108,18,7,LOW
2024-01-26 22:30:00,J-101,19,7,LOW
2024-01-26 22:30:00,J-102,18,8,LOW
2024-01-26 22:30:00,J-103,11,7,LOW
2024-01-26 22:30:00,J-104,12,8,LOW
2024-01-26 22:30:00,J-105,6,6,LOW
2024-01-26 22:30:00,J-106,5,8,LOW
2024-01-26 22:30:00,J-107,3,6,LOW
2024-01-26 22:30:00,J-108,18,7,LOW
2024-01-26 22:45:00,J-101,29,11,LOW
2024-01-26 22:45:00,J-102,29,13,LOW
2024-01-26 22:45:00,J-103,21,13,LOW
2024-01-26 22:45:00,J-104,18,13,LOW
2024-01-26 22:45:00,J-105,11,11,LOW
2024-01-26 22:45:00,J-106,8,13,LOW
2024-01-26 22:45:00,J-107,6,13,LOW
2024-01-26 22:45:00,J-108,40,17,LOW
2024-01-26 23:00:00,J-101,34,13,LOW
2024-01-26 23:00:00,J-102,27,12,LOW
2024-01-26 23:00:00,J-103,19,12,LOW
2024-01-26 23:00:00,J-104,18,13,LOW
2024-01-26 23:00:00,J-105,13,14,LOW
2024-01-26 23:00:00,J-106,7,11,LOW
2024-01-26 23:00:00,J-107,7,15,LOW
2024-01-26 23:00:00,J-108,30,13,LOW
2024-01-26 23:15:00,J-101,31,12,LOW
2024-01-26 23:15:00,J-102,29,13,LOW
2024-01-26 23:15:00,J-103,24,15,LOW
2024-01-26 23:15:00,J-104,16,11,LOW
2024-01-26 23:15:00,J-105,11,11,LOW
2024-01-26 23:15:00,J-106,7,11,LOW
2024-01-26 23:15:00,J-107,6,13,LOW
2024-01-26 23:15:00,J-108,25,10,LOW
2024-01-26 23:30:00,J-101,35,14,LOW
2024-01-26 23:30:00,J-102,30,13,LOW
2024-01-26 23:30:00,J-103,20,13,LOW
2024-01-26 23:30:00,J-104,19,13,LOW
2024-01-26 23:30:00,J-105,10,10,LOW
2024-01-26 23:30:00,J-106,8,13,LOW
2024-01-26 23:30:00,J-107,6,13,LOW
2024-01-26 23:30:00,J-108,26,11,LOW
2024-01-26 23:45:00,J-101,34,13,LOW
2024-01-26 23:45:00,J-102,24,11,LOW
2024-01-26 23:45:00,J-103,17,11,LOW
2024-01-26 23:45:00,J-104,17,12,LOW
2024-01-26 23:45:00,J-105,12,13,LOW
2024-01-26 23:45:00,J-106,6,9,LOW
2024-01-26 23:45:00,J-107,5,10,LOW
2024-01-26 23:45:00,J-108,31,13,LOW
2024-01-27 00:00:00,J-101,30,12,LOW
2024-01-27 00:00:00,J-102,28,13,LOW
2024-01-27 00:00:00,J-103,18,11,LOW
2024-01-27 00:00:00,J-104,15,10,LOW
2024-01-27 00:00:00,J-105,13,14,LOW
2024-01-27 00:00:00,J-106,7,11,LOW
2024-01-27 00:00:00,J-107,4,8,LOW
2024-01-27 00:00:00,J-108,26,11,LOW
2024-01-27 00:15:00,J-101,32,13,LOW
2024-01-27 00:15:00,J-102,28,13,LOW
2024-01-27 00:15:00,J-103,19,12,LOW
2024-01-27 00:15:00,J-104,17,12,LOW
2024-01-27 00:15:00,J-105,11,11,LOW
2024-01-27 00:15:00,J-106,7,11,LOW
2024-01-27 00:15:00,J-107,5,10,LOW
2024-01-27 00:15:00,J-108,30,13,LOW
2024-01-27 00:30:00,J-101,29,11,LOW
2024-01-27 00:30:00,J-102,31,14,LOW
2024-01-27 00:30:00,J-103,18,11,LOW
2024-01-27 00:30:00,J-104,14,10,LOW
2024-01-27 00:30:00,J-105,13,14,LOW
2024-01-27 00:30:00,J-106,7,11,LOW
2024-01-27 00:30:00,J-107,5,10,LOW
2024-01-27 00:30:00,J-108,34,14,LOW
2024-01-27 00:45:00,J-101,29,11,LOW
2024-01-27 00:45:00,J-102,24,11,LOW
2024-01-27 00:45:00,J-103,17,11,LOW
2024-01-27 00:45:00,J-104,13,9,LOW
2024-01-27 00:45:00,J-105,10,10,LOW
2024-01-27 00:45:00,J-106,6,9,LOW
2024-01-27 00:45:00,J-107,5,10,LOW
2024-01-27 00:45:00,J-108,27,11,LOW
2024-01-27 01:00:00,J-101,7,2,LOW
2024-01-27 01:00:00,J-102,6,2,LOW
2024-01-27 01:00:00,J-103,5,3,LOW
2024-01-27 01:00:00,J-104,4,2,LOW
2024-01-27 01:00:00,J-105,3,3,LOW
2024-01-27 01:00:00,J-106,2,3,LOW
2024-01-27 01:00:00,J-107,1,2,LOW
2024-01-27 01:00:00,J-108,8,3,LOW
2024-01-27 01:15:00,J-101,7,2,LOW
2024-01-27 01:15:00,J-102,7,3,LOW
2024-01-27 01:15:00,J-103,4,2,LOW
2024-01-27 01:15:00,J-104,4,2,LOW
2024-01-27 01:15:00,J-105,3,3,LOW
2024-01-27 01:15:00,J-106,2,3,LOW
2024-01-27 01:15:00,J-107,1,2,LOW
2024-01-27 01:15:00,J-108,6,2,LOW
2024-01-27 01:30:00,J-101,5,2,LOW
2024-01-27 01:30:00,J-102,5,2,LOW
2024-01-27 01:30:00,J-103,2,1,LOW
2024-01-27 01:30:00,J-104,2,1,LOW
2024-01-27 01:30:00,J-105,2,2,LOW
2024-01-27 01:30:00,J-106,1,1,LOW
2024-01-27 01:30:00,J-107,1,2,LOW
2024-01-27 01:30:00,J-108,5,2,LOW
2024-01-27 01:45:00,J-101,8,3,LOW
2024-01-27 01:45:00,J-102,7,3,LOW
2024-01-27 01:45:00,J-103,5,3,LOW
2024-01-27 01:45:00,J-104,5,3,LOW
2024-01-27 01:45:00,J-105,2,2,LOW
2024-01-27 01:45:00,J-106,2,3,LOW
2024-01-27 01:45:00,J-107,1,2,LOW
2024-01-27 01:45:00,J-108,6,2,LOW
2024-01-27 02:00:00,J-101,7,2,LOW
2024-01-27 02:00:00,J-102,6,2,LOW
2024-01-27 02:00:00,J-103,4,2,LOW
2024-01-27 02:00:00,J-104,3,2,LOW
2024-01-27 02:00:00,J-105,1,1,LOW
2024-01-27 02:00:00,J-106,1,1,LOW
2024-01-27 02:00:00,J-107,1,2,LOW
2024-01-27 02:00:00,J-108,6,2,LOW
2024-01-27 02:15:00,J-101,7,2,LOW
2024-01-27 02:15:00,J-102,6,2,LOW
2024-01-27 02:15:00,J-103,5,3,LOW
2024-01-27 02:15:00,J-104,3,2,LOW
2024-01-27 02:15:00,J-105,2,2,LOW
2024-01-27 02:15:00,J-106,1,1,LOW
2024-01-27 02:15:00,J-107,1,2,LOW
2024-01-27 02:15:00,J-108,5,2,LOW
2024-01-27 02:30:00,J-101,7,2,LOW
2024-01-27 02:30:00,J-102,7,3,LOW
2024-01-27 02:30:00,J-103,6,3,LOW
2024-01-27 02:30:00,J-104,4,2,LOW
2024-01-27 02:30:00,J-105,2,2,LOW
2024-01-27 02:30:00,J-106,1,1,LOW
2024-01-27 02:30:00,J-107,1,2,LOW
2024-01-27 02:30:00,J-108,6,2,LOW
2024-01-27 02:45:00,J-101,7,2,LOW
2024-01-27 02:45:00,J-102,6,2,LOW
2024-01-27 02:45:00,J-103,3,1,LOW
2024-01-27 02:45:00,J-104,4,2,LOW
2024-01-27 02:45:00,J-105,3,3,LOW
2024-01-27 02:45:00,J-106,1,1,LOW
2024-01-27 02:45:00,J-107,1,2,LOW
2024-01-27 02:45:00,J-108,6,2,LOW
2024-01-27 03:00:00,J-101,10,4,LOW
2024-01-27 03:00:00,J-102,7,3,LOW
2024-01-27 03:00:00,J-103,6,3,LOW
2024-01-27 03:00:00,J-104,4,2,LOW
2024-01-27 03:00:00,J-105,3,3,LOW
2024-01-27 03:00:00,J-106,1,1,LOW
2024-01-27 03:00:00,J-107,1,2,LOW
2024-01-27 03:00:00,J-108,7,3,LOW
2024-01-27 03:15:00,J-101,9,3,LOW
2024-01-27 03:15:00,J-102,6,2,LOW
2024-01-27 03:15:00,J-103,5,3,LOW
2024-01-27 03:15:00,J-104,5,3,LOW
2024-01-27 03:15:00,J-105,3,3,LOW
2024-01-27 03:15:00,J-106,1,1,LOW
2024-01-27 03:15:00,J-107,1,2,LOW
2024-01-27 03:15:00,J-108,6,2,LOW
2024-01-27 03:30:00,J-101,7,2,LOW
2024-01-27 03:30:00,J-102,6,2,LOW
2024-01-27 03:30:00,J-103,5,3,LOW
2024-01-27 03:30:00,J-104,4,2,LOW
2024-01-27 03:30:00,J-105,3,3,LOW
2024-01-27 03:30:00,J-106,2,3,LOW
2024-01-27 03:30:00,J-107,1,2,LOW
2024-01-27 03:30:00,J-108,6,2,LOW
2024-01-27 03:45:00,J-101,6,2,LOW
2024-01-27 03:45:00,J-102,7,3,LOW
2024-01-27 03:45:00,J-103,,2,LOW
2024-01-27 03:45:00,J-104,5,3,LOW
2024-01-27 03:45:00,J-105,3,3,LOW
2024-01-27 03:45:00,J-106,2,3,LOW
2024-01-27 03:45:00,J-107,1,2,LOW
2024-01-27 03:45:00,J-108,6,2,LOW
2024-01-27 04:00:00,J-101,8,3,LOW
2024-01-27 04:00:00,J-102,7,3,LOW
2024-01-27 04:00:00,J-103,5,3,LOW
2024-01-27 04:00:00,J-104,4,2,LOW
2024-01-27 04:00:00,J-105,2,2,LOW
2024-01-27 04:00:00,J-106,2,3,LOW
2024-01-27 04:00:00,J-107,1,2,LOW
2024-01-27 04:00:00,J-108,6,2,LOW
2024-01-27 04:15:00,J-101,5,2,LOW
2024-01-27 04:15:00,J-102,7,3,LOW
2024-01-27 04:15:00,J-103,5,3,LOW
2024-01-27 04:15:00,J-104,4,2,LOW
2024-01-27 04:15:00,J-105,2,2,LOW
2024-01-27 04:15:00,J-106,1,1,LOW
2024-01-27 04:15:00,J-107,1,2,LOW
2024-01-27 04:15:00,J-108,5,2,LOW
2024-01-27 04:30:00,J-101,8,3,LOW
2024-01-27 04:30:00,J-102,7,3,LOW
2024-01-27 04:30:00,J-103,4,2,LOW
2024-01-27 04:30:00,J-104,3,2,LOW
2024-01-27 04:30:00,J-105,2,2,LOW
2024-01-27 04:30:00,J-106,2,3,LOW
2024-01-27 04:30:00,J-107,1,2,LOW
2024-01-27 04:30:00,J-108,7,3,LOW
2024-01-27 04:45:00,J-101,7,2,LOW
2024-01-27 04:45:00,J-102,6,2,LOW
2024-01-27 04:45:00,J-103,4,2,LOW
2024-01-27 04:45:00,J-104,4,2,LOW
2024-01-27 04:45:00,J-105,3,3,LOW
2024-01-27 04:45:00,J-106,1,1,LOW
2024-01-27 04:45:00,J-107,1,2,LOW
2024-01-27 04:45:00,J-108,7,3,LOW
2024-01-27 05:00:00,J-101,6,2,LOW
2024-01-27 05:00:00,J-102,7,3,LOW
2024-01-27 05:00:00,J-103,5,3,LOW
2024-01-27 05:00:00,J-104,5,3,LOW
2024-01-27 05:00:00,J-105,3,3,LOW
2024-01-27 05:00:00,J-106,2,3,LOW
2024-01-27 05:00:00,J-107,1,2,LOW
2024-01-27 05:00:00,J-108,7,3,LOW
2024-01-27 05:15:00,J-101,35,14,LOW
2024-01-27 05:15:00,J-102,24,11,LOW
2024-01-27 05:15:00,J-103,23,14,LOW
2024-01-27 05:15:00,J-104,19,13,LOW
2024-01-27 05:15:00,J-105,9,9,LOW
2024-01-27 05:15:00,J-106,8,13,LOW
2024-01-27 05:15:00,J-107,5,10,LOW
2024-01-27 05:15:00,J-108,24,10,LOW
2024-01-27 05:30:00,J-101,32,13,LOW
2024-01-27 05:30:00,J-102,25,11,LOW
2024-01-27 05:30:00,J-103,14,9,LOW
2024-01-27 05:30:00,J-104,20,14,LOW
2024-01-27 05:30:00,J-105,11,11,LOW
2024-01-27 05:30:00,J-106,7,11,LOW
2024-01-27 05:30:00,J-107,6,13,LOW
2024-01-27 05:30:00,J-108,21,9,LOW
2024-01-27 05:45:00,J-101,29,11,LOW
2024-01-27 05:45:00,J-102,22,10,LOW
2024-01-27 05:45:00,J-103,21,13,LOW
2024-01-27 05:45:00,J-104,16,11,LOW
2024-01-27 05:45:00,J-105,12,13,LOW
2024-01-27 05:45:00,J-106,7,11,LOW
2024-01-27 05:45:00,J-107,5,10,LOW
2024-01-27 05:45:00,J-108,32,13,LOW
2024-01-27 06:00:00,J-101,26,10,LOW
2024-01-27 06:00:00,J-102,26,12,LOW
2024-01-27 06:00:00,J-103,22,14,LOW
2024-01-27 06:00:00,J-104,19,13,LOW
2024-01-27 06:00:00,J-105,13,14,LOW
2024-01-27 06:00:00,J-106,8,13,LOW
2024-01-27 06:00:00,J-107,5,10,LOW
2024-01-27 06:00:00,J-108,30,13,LOW
2024-01-27 06:15:00,J-101,21,8,LOW
2024-01-27 06:15:00,J-102,26,12,LOW
2024-01-27 06:15:00,J-103,15,9,LOW
2024-01-27 06:15:00,J-104,16,11,LOW
2024-01-27 06:15:00,J-105,10,10,LOW
2024-01-27 06:15:00,J-106,6,9,LOW
2024-01-27 06:15:00,J-107,4,8,LOW
2024-01-27 06:15:00,J-108,18,7,LOW
2024-01-27 06:30:00,J-101,30,12,LOW
2024-01-27 06:30:00,J-102,26,12,LOW
2024-01-27 06:30:00,J-103,21,13,LOW
2024-01-27 06:30:00,J-104,15,10,LOW
2024-01-27 06:30:00,J-105,11,11,LOW
2024-01-27 06:30:00,J-106,7,11,LOW
2024-01-27 06:30:00,J-107,5,10,LOW
2024-01-27 06:30:00,J-108,25,10,LOW
2024-01-27 06:45:00,J-101,,12,LOW
2024-01-27 06:45:00,J-102,29,13,LOW
2024-01-27 06:45:00,J-103,16,10,LOW
2024-01-27 06:45:00,J-104,18,13,LOW
2024-01-27 06:45:00,J-105,10,10,LOW
2024-01-27 06:45:00,J-106,7,11,LOW
2024-01-27 06:45:00,J-107,5,10,LOW
2024-01-27 06:45:00,J-108,30,13,LOW
2024-01-27 07:00:00,J-101,40,16,LOW
2024-01-27 07:00:00,J-102,28,13,LOW
2024-01-27 07:00:00,J-103,19,12,LOW
2024-01-27 07:00:00,J-104,17,12,LOW
2024-01-27 07:00:00,J-105,14,15,LOW
2024-01-27 07:00:00,J-106,8,13,LOW
2024-01-27 07:00:00,J-107,5,10,LOW
2024-01-27 07:00:00,J-108,34,14,LOW
2024-01-27 07:15:00,J-101,36,14,LOW
2024-01-27 07:15:00,J-102,27,12,LOW
2024-01-27 07:15:00,J-103,17,11,LOW
2024-01-27 07:15:00,J-104,20,14,LOW
2024-01-27 07:15:00,J-105,12,13,LOW
2024-01-27 07:15:00,J-106,5,8,LOW
2024-01-27 07:15:00,J-107,6,13,LOW
2024-01-27 07:15:00,J-108,33,14,LOW
2024-01-27 07:30:00,J-101,22,8,LOW
2024-01-27 07:30:00,J-102,16,7,LOW
2024-01-27 07:30:00,J-103,14,9,LOW
2024-01-27 07:30:00,J-104,8,5,LOW
2024-01-27 07:30:00,J-105,6,6,LOW
2024-01-27 07:30:00,J-106,4,6,LOW
2024-01-27 07:30:00,J-107,3,6,LOW
2024-01-27 07:30:00,J-108,19,8,LOW
2024-01-27 07:45:00,J-101,36,14,LOW
2024-01-27 07:45:00,J-102,27,12,LOW
2024-01-27 07:45:00,J-103,17,11,LOW
2024-01-27 07:45:00,J-104,17,12,LOW
2024-01-27 07:45:00,J-105,9,9,LOW
2024-01-27 07:45:00,J-106,7,11,LOW
2024-01-27 07:45:00,J-107,5,10,LOW
2024-01-27 07:45:00,J-108,29,12,LOW
2024-01-27 08:00:00,J-101,33,13,LOW
2024-01-27 08:00:00,J-102,30,13,LOW
2024-01-27 08:00:00,J-103,24,15,LOW
2024-01-27 08:00:00,J-104,16,11,LOW
2024-01-27 08:00:00,J-105,12,13,LOW
2024-01-27 08:00:00,J-106,7,11,LOW
2024-01-27 08:00:00,J-107,6,13,LOW
2024-01-27 08:00:00,J-108,24,10,LOW
2024-01-27 08:15:00,J-101,36,14,LOW
2024-01-27 08:15:00,J-102,27,12,LOW
2024-01-27 08:15:00,J-103,19,12,LOW
2024-01-27 08:15:00,J-104,20,14,LOW
2024-01-27 08:15:00,J-105,13,14,LOW
2024-01-27 08:15:00,J-106,8,13,LOW
2024-01-27 08:15:00,J-107,6,13,LOW
2024-01-27 08:15:00,J-108,31,13,LOW
2024-01-27 08:30:00,J-101,25,10,LOW
2024-01-27 08:30:00,J-102,28,13,LOW
2024-01-27 08:30:00,J-103,20,13,LOW
2024-01-27 08:30:00,J-104,18,13,LOW
2024-01-27 08:30:00,J-105,11,11,LOW
2024-01-27 08:30:00,J-106,7,11,LOW
2024-01-27 08:30:00,J-107,5,10,LOW
2024-01-27 08:30:00,J-108,28,12,LOW
2024-01-27 08:45:00,J-101,36,14,LOW
2024-01-27 08:45:00,J-102,31,14,LOW
2024-01-27 08:45:00,J-103,19,12,LOW
2024-01-27 08:45:00,J-104,20,14,LOW
2024-01-27 08:45:00,J-105,11,11,LOW
2024-01-27 08:45:00,J-106,7,11,LOW
2024-01-27 08:45:00,J-107,7,15,LOW
2024-01-27 08:45:00,J-108,26,11,LOW
2024-01-27 09:00:00,J-101,29,11,LOW
2024-01-27 09:00:00,J-102,27,12,LOW
2024-01-27 09:00:00,J-103,19,12,LOW
2024-01-27 09:00:00,J-104,15,10,LOW
2024-01-27 09:00:00,J-105,11,11,LOW
2024-01-27 09:00:00,J-106,8,13,LOW
2024-01-27 09:00:00,J-107,5,10,LOW
2024-01-27 09:00:00,J-108,29,12,LOW
2024-01-27 09:15:00,J-101,27,10,LOW
2024-01-27 09:15:00,J-102,30,13,LOW
2024-01-27 09:15:00,J-103,17,11,LOW
2024-01-27 09:15:00,J-104,15,10,LOW
2024-01-27 09:15:00,J-105,12,13,LOW
2024-01-27 09:15:00,J-106,7,11,LOW
2024-01-27 09:15:00,J-107,5,10,LOW
2024-01-27 09:15:00,J-108,30,13,LOW
2024-01-27 09:30:00,J-101,29,11,LOW
2024-01-27 09:30:00,J-102,39,18,LOW
2024-01-27 09:30:00,J-103,20,13,LOW
2024-01-27 09:30:00,J-104,15,10,LOW
2024-01-27 09:30:00,J-105,11,11,LOW
2024-01-27 09:30:00,J-106,7,11,LOW
2024-01-27 09:30:00,J-107,5,10,LOW
2024-01-27 09:30:00,J-108,26,11,LOW
2024-01-27 09:45:00,J-101,20,8,LOW
2024-01-27 09:45:00,J-102,18,8,LOW
2024-01-27 09:45:00,J-103,11,7,LOW
2024-01-27 09:45:00,J-104,10,7,LOW
2024-01-27 09:45:00,J-105,8,8,LOW
2024-01-27 09:45:00,J-106,5,8,LOW
2024-01-27 09:45:00,J-107,4,8,LOW
2024-01-27 09:45:00,J-108,17,7,LOW
2024-01-27 10:00:00,J-101,91,36,LOW
2024-01-27 10:00:00,J-102,92,42,MODERATE
2024-01-27 10:00:00,J-103,59,38,LOW
2024-01-27 10:00:00,J-104,53,38,LOW
2024-01-27 10:00:00,J-105,39,42,MODERATE
2024-01-27 10:00:00,J-106,22,35,LOW
2024-01-27 10:00:00,J-107,19,41,MODERATE
2024-01-27 10:00:00,J-108,76,32,LOW
2024-01-27 10:15:00,J-101,114,46,MODERATE
2024-01-27 10:15:00,J-102,103,47,MODERATE
2024-01-27 10:15:00,J-103,59,38,LOW
2024-01-27 10:15:00,J-104,68,49,MODERATE
2024-01-27 10:15:00,J-105,34,36,LOW
2024-01-27 10:15:00,J-106,25,40,MODERATE
2024-01-27 10:15:00,J-107,19,41,MODERATE
2024-01-27 10:15:00,J-108,101,43,MODERATE
2024-01-27 10:30:00,J-101,56,22,LOW
2024-01-27 10:30:00,J-102,59,27,LOW
2024-01-27 10:30:00,J-103,41,26,LOW
2024-01-27 10:30:00,J-104,33,23,LOW
2024-01-27 10:30:00,J-105,27,29,LOW
2024-01-27 10:30:00,J-106,13,21,LOW
2024-01-27 10:30:00,J-107,12,26,LOW
2024-01-27 10:30:00,J-108,57,24,LOW
2024-01-27 10:45:00,J-101,106,43,MODERATE
2024-01-27 10:45:00,J-102,88,40,MODERATE
2024-01-27 10:45:00,J-103,75,48,MODERATE
2024-01-27 10:45:00,J-104,53,38,LOW
2024-01-27 10:45:00,J-105,38,41,MODERATE
2024-01-27 10:45:00,J-106,21,34,LOW
2024-01-27 10:45:00,J-107,19,41,MODERATE
2024-01-27 10:45:00,J-108,118,51,MODERATE
2024-01-27 11:00:00,J-101,111,45,MODERATE
2024-01-27 11:00:00,J-102,83,38,LOW
2024-01-27 11:00:00,J-103,73,47,MODERATE
2024-01-27 11:00:00,J-104,51,36,LOW
2024-01-27 11:00:00,J-105,37,40,MODERATE
2024-01-27 11:00:00,J-106,21,34,LOW
2024-01-27 11:00:00,J-107,18,39,LOW
2024-01-27 11:00:00,J-108,95,41,MODERATE
2024-01-27 11:15:00,J-101,121,49,MODERATE
2024-01-27 11:15:00,J-102,111,51,MODERATE
2024-01-27 11:15:00,J-103,81,52,MODERATE
2024-01-27 11:15:00,J-104,66,47,MODERATE
2024-01-27 11:15:00,J-105,43,46,MODERATE
2024-01-27 11:15:00,J-106,25,40,MODERATE
2024-01-27 11:15:00,J-107,23,49,MODERATE
2024-01-27 11:15:00,J-108,117,50,MODERATE
2024-01-27 11:30:00,J-101,101,41,MODERATE
2024-01-27 11:30:00,J-102,130,60,MODERATE
2024-01-27 11:30:00,J-103,80,52,MODERATE
2024-01-27 11:30:00,J-104,60,43,MODERATE
2024-01-27 11:30:00,J-105,42,45,MODERATE
2024-01-27 11:30:00,J-106,33,53,MODERATE
2024-01-27 11:30:00,J-107,23,49,MODERATE
2024-01-27 11:30:00,J-108,112,48,MODERATE
2024-01-27 11:45:00,J-101,106,43,MODERATE
2024-01-27 11:45:00,J-102,92,42,MODERATE
2024-01-27 11:45:00,J-103,72,46,MODERATE
2024-01-27 11:45:00,J-104,55,39,LOW
2024-01-27 11:45:00,J-105,30,32,LOW
2024-01-27 11:45:00,J-106,29,47,MODERATE
2024-01-27 11:45:00,J-107,22,47,MODERATE
2024-01-27 11:45:00,J-108,112,48,MODERATE
2024-01-27 12:00:00,J-101,148,60,MODERATE
2024-01-27 12:00:00,J-102,106,49,MODERATE
2024-01-27 12:00:00,J-103,73,47,MODERATE
2024-01-27 12:00:00,J-104,77,55,MODERATE
2024-01-27 12:00:00,J-105,52,56,MODERATE
2024-01-27 12:00:00,J-106,26,42,MODERATE
2024-01-27 12:00:00,J-107,25,54,MODERATE
2024-01-27 12:00:00,J-108,103,44,MODERATE
2024-01-27 12:15:00,J-101,135,54,MODERATE
2024-01-27 12:15:00,J-102,101,46,MODERATE
2024-01-27 12:15:00,J-103,60,39,LOW
2024-01-27 12:15:00,J-104,64,46,MODERATE
2024-01-27 12:15:00,J-105,50,54,MODERATE
2024-01-27 12:15:00,J-106,28,45,MODERATE
2024-01-27 12:15:00,J-107,23,49,MODERATE
2024-01-27 12:15:00,J-108,98,42,MODERATE
2024-01-27 12:30:00,J-101,155,62,MODERATE
2024-01-27 12:30:00,J-102,102,47,MODERATE
2024-01-27 12:30:00,J-103,64,41,MODERATE
2024-01-27 12:30:00,J-104,67,48,MODERATE
2024-01-27 12:30:00,J-105,43,46,MODERATE
2024-01-27 12:30:00,J-106,29,47,MODERATE
2024-01-27 12:30:00,J-107,25,54,MODERATE
2024-01-27 12:30:00,J-108,125,54,MODERATE
2024-01-27 12:45:00,J-101,97,39,LOW
2024-01-27 12:45:00,J-102,84,39,LOW
2024-01-27 12:45:00,J-103,62,40,MODERATE
2024-01-27 12:45:00,J-104,70,50,MODERATE
2024-01-27 12:45:00,J-105,35,37,LOW
2024-01-27 12:45:00,J-106,30,48,MODERATE
2024-01-27 12:45:00,J-107,15,32,LOW
2024-01-27 12:45:00,J-108,137,59,MODERATE
2024-01-27 13:00:00,J-101,138,56,MODERATE
2024-01-27 13:00:00,J-102,103,47,MODERATE
2024-01-27 13:00:00,J-103,64,41,MODERATE
2024-01-27 13:00:00,J-104,58,41,MODERATE
2024-01-27 13:00:00,J-105,42,45,MODERATE
2024-01-27 13:00:00,J-106,21,34,LOW
2024-01-27 13:00:00,J-107,21,45,MODERATE
2024-01-27 13:00:00,J-108,113,48,MODERATE
2024-01-27 13:15:00,J-101,108,43,MODERATE
2024-01-27 13:15:00,J-102,96,44,MODERATE
2024-01-27 13:15:00,J-103,68,44,MODERATE
2024-01-27 13:15:00,J-104,55,39,LOW
2024-01-27 13:15:00,J-105,27,29,LOW
2024-01-27 13:15:00,J-106,27,43,MODERATE
2024-01-27 13:15:00,J-107,,43,MODERATE
2024-01-27 13:15:00,J-108,85,36,LOW
2024-01-27 13:30:00,J-101,,31,LOW
2024-01-27 13:30:00,J-102,67,31,LOW
2024-01-27 13:30:00,J-103,56,36,LOW
2024-01-27 13:30:00,J-104,56,40,MODERATE
2024-01-27 13:30:00,J-105,39,42,MODERATE
2024-01-27 13:30:00,J-106,21,34,LOW
2024-01-27 13:30:00,J-107,21,45,MODERATE
2024-01-27 13:30:00,J-108,102,44,MODERATE
2024-01-27 13:45:00,J-101,85,34,LOW
2024-01-27 13:45:00,J-102,90,41,MODERATE
2024-01-27 13:45:00,J-103,59,38,LOW
2024-01-27 13:45:00,J-104,52,37,LOW
2024-01-27 13:45:00,J-105,34,36,LOW
2024-01-27 13:45:00,J-106,27,43,MODERATE
2024-01-27 13:45:00,J-107,21,45,MODERATE
2024-01-27 13:45:00,J-108,82,35,LOW
2024-01-27 14:00:00,J-101,98,39,LOW
2024-01-27 14:00:00,J-102,76,35,LOW
2024-01-27 14:00:00,J-103,53,34,LOW
2024-01-27 14:00:00,J-104,55,39,LOW
2024-01-27 14:00:00,J-105,35,37,LOW
2024-01-27 14:00:00,J-106,21,34,LOW
2024-01-27 14:00:00,J-107,16,34,LOW
2024-01-27 14:00:00,J-108,72,31,LOW
2024-01-27 14:15:00,J-101,27,10,LOW
2024-01-27 14:15:00,J-102,27,12,LOW
2024-01-27 14:15:00,J-103,21,13,LOW
2024-01-27 14:15:00,J-104,17,12,LOW
2024-01-27 14:15:00,J-105,12,13,LOW
2024-01-27 14:15:00,J-106,8,13,LOW
2024-01-27 14:15:00,J-107,5,10,LOW
2024-01-27 14:15:00,J-108,33,14,LOW
2024-01-27 14:30:00,J-101,32,13,LOW
2024-01-27 14:30:00,J-102,22,10,LOW
2024-01-27 14:30:00,J-103,21,13,LOW
2024-01-27 14:30:00,J-104,16,11,LOW
2024-01-27 14:30:00,J-105,11,11,LOW
2024-01-27 14:30:00,J-106,7,11,LOW
2024-01-27 14:30:00,J-107,4,8,LOW
2024-01-27 14:30:00,J-108,28,12,LOW
2024-01-27 14:45:00,J-101,32,13,LOW
2024-01-27 14:45:00,J-102,32,14,LOW
2024-01-27 14:45:00,J-103,20,13,LOW
2024-01-27 14:45:00,J-104,23,16,LOW
2024-01-27 14:45:00,J-105,11,11,LOW
2024-01-27 14:45:00,J-106,8,13,LOW
2024-01-27 14:45:00,J-107,6,13,LOW
2024-01-27 14:45:00,J-108,35,15,LOW
2024-01-27 15:00:00,J-101,20,8,LOW
2024-01-27 15:00:00,J-102,23,10,LOW
2024-01-27 15:00:00,J-103,13,8,LOW
2024-01-27 15:00:00,J-104,13,9,LOW
2024-01-27 15:00:00,J-105,9,9,LOW
2024-01-27 15:00:00,J-106,6,9,LOW
2024-01-27 15:00:00,J-107,4,8,LOW
2024-01-27 15:00:00,J-108,23,9,LOW
2024-01-27 15:15:00,J-101,31,12,LOW
2024-01-27 15:15:00,J-102,23,10,LOW
2024-01-27 15:15:00,J-103,17,11,LOW
2024-01-27 15:15:00,J-104,12,8,LOW
2024-01-27 15:15:00,J-105,9,9,LOW
2024-01-27 15:15:00,J-106,5,8,LOW
2024-01-27 15:15:00,J-107,4,8,LOW
2024-01-27 15:15:00,J-108,24,10,LOW
2024-01-27 15:30:00,J-101,30,12,LOW
2024-01-27 15:30:00,J-102,29,13,LOW
2024-01-27 15:30:00,J-103,21,13,LOW
2024-01-27 15:30:00,J-104,17,12,LOW
2024-01-27 15:30:00,J-105,12,13,LOW
2024-01-27 15:30:00,J-106,8,13,LOW
2024-01-27 15:30:00,J-107,5,10,LOW
2024-01-27 15:30:00,J-108,39,16,LOW
2024-01-27 15:45:00,J-101,26,10,LOW
2024-01-27 15:45:00,J-102,20,9,LOW
2024-01-27 15:45:00,J-103,15,9,LOW
2024-01-27 15:45:00,J-104,17,12,LOW
2024-01-27 15:45:00,J-105,12,13,LOW
2024-01-27 15:45:00,J-106,8,13,LOW
2024-01-27 15:45:00,J-107,4,8,LOW
2024-01-27 15:45:00,J-108,24,10,LOW
2024-01-27 16:00:00,J-101,74,30,LOW
2024-01-27 16:00:00,J-102,75,34,LOW
2024-01-27 16:00:00,J-103,44,28,LOW
2024-01-27 16:00:00,J-104,44,31,LOW
2024-01-27 16:00:00,J-105,36,39,LOW
2024-01-27 16:00:00,J-106,22,35,LOW
2024-01-27 16:00:00,J-107,14,30,LOW
2024-01-27 16:00:00,J-108,84,36,LOW
2024-01-27 16:15:00,J-101,46,18,LOW
2024-01-27 16:15:00,J-102,43,19,LOW
2024-01-27 16:15:00,J-103,32,20,LOW
2024-01-27 16:15:00,J-104,27,19,LOW
2024-01-27 16:15:00,J-105,19,20,LOW
2024-01-27 16:15:00,J-106,12,19,LOW
2024-01-27 16:15:00,J-107,11,23,LOW
2024-01-27 16:15:00,J-108,42,18,LOW
2024-01-27 16:30:00,J-101,92,37,LOW
2024-01-27 16:30:00,J-102,68,31,LOW
2024-01-27 16:30:00,J-103,51,33,LOW
2024-01-27 16:30:00,J-104,43,31,LOW
2024-01-27 16:30:00,J-105,35,,LOW
2024-01-27 16:30:00,J-106,21,34,LOW
2024-01-27 16:30:00,J-107,17,36,LOW
2024-01-27 16:30:00,J-108,67,29,LOW
2024-01-27 16:45:00,J-101,50,20,LOW
2024-01-27 16:45:00,J-102,54,25,LOW
2024-01-27 16:45:00,J-103,36,23,LOW
2024-01-27 16:45:00,J-104,30,21,LOW
2024-01-27 16:45:00,J-105,25,27,LOW
2024-01-27 16:45:00,J-106,15,24,LOW
2024-01-27 16:45:00,J-107,12,26,LOW
2024-01-27 16:45:00,J-108,44,19,LOW
2024-01-27 17:00:00,J-101,90,36,LOW
2024-01-27 17:00:00,J-102,95,44,MODERATE
2024-01-27 17:00:00,J-103,58,37,LOW
2024-01-27 17:00:00,J-104,50,36,LOW
2024-01-27 17:00:00,J-105,35,37,LOW
2024-01-27 17:00:00,J-106,25,40,MODERATE
2024-01-27 17:00:00,J-107,19,41,MODERATE
2024-01-27 17:00:00,J-108,90,39,LOW
2024-01-27 17:15:00,J-101,81,32,LOW
2024-01-27 17:15:00,J-102,63,29,LOW
2024-01-27 17:15:00,J-103,42,27,LOW
2024-01-27 17:15:00,J-104,40,28,LOW
2024-01-27 17:15:00,J-105,25,27,LOW
2024-01-27 17:15:00,J-106,19,30,LOW
2024-01-27 17:15:00,J-107,14,30,LOW
2024-01-27 17:15:00,J-108,70,30,LOW
2024-01-27 17:30:00,J-101,52,21,LOW
2024-01-27 17:30:00,J-102,53,24,LOW
2024-01-27 17:30:00,J-103,38,24,LOW
2024-01-27 17:30:00,J-104,38,27,LOW
2024-01-27 17:30:00,J-105,20,21,LOW
2024-01-27 17:30:00,J-106,11,17,LOW
2024-01-27 17:30:00,J-107,13,28,LOW
2024-01-27 17:30:00,J-108,52,22,LOW
2024-01-27 17:45:00,J-101,75,30,LOW
2024-01-27 17:45:00,J-102,71,32,LOW
2024-01-27 17:45:00,J-103,62,40,MODERATE
2024-01-27 17:45:00,J-104,66,47,MODERATE
2024-01-27 17:45:00,J-105,31,33,LOW
2024-01-27 17:45:00,J-106,27,43,MODERATE
2024-01-27 17:45:00,J-107,17,36,LOW
2024-01-27 17:45:00,J-108,84,36,LOW
2024-01-27 18:00:00,J-101,90,36,LOW
2024-01-27 18:00:00,J-102,88,40,MODERATE
2024-01-27 18:00:00,J-103,61,39,LOW
2024-01-27 18:00:00,J-104,57,41,MODERATE
2024-01-27 18:00:00,J-105,33,35,LOW
2024-01-27 18:00:00,J-106,24,39,LOW
2024-01-27 18:00:00,J-107,19,41,MODERATE
2024-01-27 18:00:00,J-108,99,42,MODERATE
2024-01-27 18:15:00,J-101,118,47,MODERATE
2024-01-27 18:15:00,J-102,67,31,LOW
2024-01-27 18:15:00,J-103,62,40,MODERATE
2024-01-27 18:15:00,J-104,56,40,MODERATE
2024-01-27 18:15:00,J-105,34,36,LOW
2024-01-27 18:15:00,J-106,31,50,MODERATE
2024-01-27 18:15:00,J-107,17,36,LOW
2024-01-27 18:15:00,J-108,98,42,MODERATE
2024-01-27 18:30:00,J-101,64,26,LOW
2024-01-27 18:30:00,J-102,84,39,LOW
2024-01-27 18:30:00,J-103,48,31,LOW
2024-01-27 18:30:00,J-104,41,29,LOW
2024-01-27 18:30:00,J-105,32,34,LOW
2024-01-27 18:30:00,J-106,19,30,LOW
2024-01-27 18:30:00,J-107,18,39,LOW
2024-01-27 18:30:00,J-108,85,36,LOW
2024-01-27 18:45:00,J-101,95,38,LOW
2024-01-27 18:45:00,J-102,88,40,MODERATE
2024-01-27 18:45:00,J-103,60,39,LOW
2024-01-27 18:45:00,J-104,53,38,LOW
2024-01-27 18:45:00,J-105,25,27,LOW
2024-01-27 18:45:00,J-106,25,40,MODERATE
2024-01-27 18:45:00,J-107,16,34,LOW
2024-01-27 18:45:00,J-108,75,32,LOW
2024-01-27 19:00:00,J-101,56,22,LOW
2024-01-27 19:00:00,J-102,58,26,LOW
2024-01-27 19:00:00,J-103,38,24,LOW
2024-01-27 19:00:00,J-104,28,20,LOW
2024-01-27 19:00:00,J-105,22,23,LOW
2024-01-27 19:00:00,J-106,14,22,LOW
2024-01-27 19:00:00,J-107,8,17,LOW
2024-01-27 19:00:00,J-108,58,25,LOW
2024-01-27 19:15:00,J-101,77,31,LOW
2024-01-27 19:15:00,J-102,80,37,LOW
2024-01-27 19:15:00,J-103,59,38,LOW
2024-01-27 19:15:00,J-104,53,38,LOW
2024-01-27 19:15:00,J-105,35,37,LOW
2024-01-27 19:15:00,J-106,20,32,LOW
2024-01-27 19:15:00,J-107,18,39,LOW
2024-01-27 19:15:00,J-108,82,35,LOW
2024-01-27 19:30:00,J-101,93,37,LOW
2024-01-27 19:30:00,J-102,70,32,LOW
2024-01-27 19:30:00,J-103,62,40,MODERATE
2024-01-27 19:30:00,J-104,55,39,LOW
2024-01-27 19:30:00,J-105,27,29,LOW
2024-01-27 19:30:00,J-106,26,42,MODERATE
2024-01-27 19:30:00,J-107,13,28,LOW
2024-01-27 19:30:00,J-108,64,27,LOW
2024-01-27 19:45:00,J-101,76,30,LOW
2024-01-27 19:45:00,J-102,58,26,LOW
2024-01-27 19:45:00,J-103,54,35,LOW
2024-01-27 19:45:00,J-104,54,39,LOW
2024-01-27 19:45:00,J-105,29,31,LOW
2024-01-27 19:45:00,J-106,22,35,LOW
2024-01-27 19:45:00,J-107,14,30,LOW
2024-01-27 19:45:00,J-108,72,31,LOW
2024-01-27 20:00:00,J-101,70,28,LOW
2024-01-27 20:00:00,J-102,63,29,LOW
2024-01-27 20:00:00,J-103,50,32,LOW
2024-01-27 20:00:00,J-104,40,28,LOW
2024-01-27 20:00:00,J-105,26,28,LOW
2024-01-27 20:00:00,J-106,16,26,LOW
2024-01-27 20:00:00,J-107,9,19,LOW
2024-01-27 20:00:00,J-108,83,35,LOW
2024-01-27 20:15:00,J-101,26,10,LOW
2024-01-27 20:15:00,J-102,28,13,LOW
2024-01-27 20:15:00,J-103,17,11,LOW
2024-01-27 20:15:00,J-104,16,11,LOW
2024-01-27 20:15:00,J-105,12,13,LOW
2024-01-27 20:15:00,J-106,8,13,LOW
2024-01-27 20:15:00,J-107,6,13,LOW
2024-01-27 20:15:00,J-108,30,13,LOW
2024-01-27 20:30:00,J-101,28,11,LOW
2024-01-27 20:30:00,J-102,29,13,LOW
2024-01-27 20:30:00,J-103,21,13,LOW
2024-01-27 20:30:00,J-104,19,13,LOW
2024-01-27 20:30:00,J-105,13,14,LOW
2024-01-27 20:30:00,J-106,7,11,LOW
2024-01-27 20:30:00,J-107,5,10,LOW
2024-01-27 20:30:00,J-108,26,11,LOW
2024-01-27 20:45:00,J-101,30,12,LOW
2024-01-27 20:45:00,J-102,27,12,LOW
2024-01-27 20:45:00,J-103,20,13,LOW
2024-01-27 20:45:00,J-104,16,11,LOW
2024-01-27 20:45:00,J-105,11,11,LOW
2024-01-27 20:45:00,J-106,8,13,LOW
2024-01-27 20:45:00,J-107,5,10,LOW
2024-01-27 20:45:00,J-108,30,13,LOW
2024-01-27 21:00:00,J-101,36,14,LOW
2024-01-27 21:00:00,J-102,28,13,LOW
2024-01-27 21:00:00,J-103,19,12,LOW
2024-01-27 21:00:00,J-104,17,12,LOW
2024-01-27 21:00:00,J-105,13,14,LOW
2024-01-27 21:00:00,J-106,6,9,LOW
2024-01-27 21:00:00,J-107,6,13,LOW
2024-01-27 21:00:00,J-108,33,14,LOW
2024-01-27 21:15:00,J-101,33,13,LOW
2024-01-27 21:15:00,J-102,28,13,LOW
2024-01-27 21:15:00,J-103,24,15,LOW
2024-01-27 21:15:00,J-104,16,11,LOW
2024-01-27 21:15:00,J-105,12,13,LOW
2024-01-27 21:15:00,J-106,,13,LOW
2024-01-27 21:15:00,J-107,7,15,LOW
2024-01-27 21:15:00,J-108,31,13,LOW
2024-01-27 21:30:00,J-101,30,12,LOW
2024-01-27 21:30:00,J-102,24,11,LOW
2024-01-27 21:30:00,J-103,18,11,LOW
2024-01-27 21:30:00,J-104,18,13,LOW
2024-01-27 21:30:00,J-105,10,10,LOW
2024-01-27 21:30:00,J-106,8,13,LOW
2024-01-27 21:30:00,J-107,5,10,LOW
2024-01-27 21:30:00,J-108,30,13,LOW
2024-01-27 21:45:00,J-101,32,13,LOW
2024-01-27 21:45:00,J-102,29,13,LOW
2024-01-27 21:45:00,J-103,16,10,LOW
2024-01-27 21:45:00,J-104,17,,LOW
2024-01-27 21:45:00,J-105,10,10,LOW
2024-01-27 21:45:00,J-106,6,9,LOW
2024-01-27 21:45:00,J-107,5,10,LOW
2024-01-27 21:45:00,J-108,27,11,LOW
2024-01-27 22:00:00,J-101,26,10,LOW
2024-01-27 22:00:00,J-102,24,11,LOW
2024-01-27 22:00:00,J-103,19,12,LOW
2024-01-27 22:00:00,J-104,10,7,LOW
2024-01-27 22:00:00,J-105,9,9,LOW
2024-01-27 22:00:00,J-106,6,9,LOW
2024-01-27 22:00:00,J-107,4,8,LOW
2024-01-27 22:00:00,J-108,20,8,LOW
2024-01-27 22:15:00,J-101,32,13,LOW
2024-01-27 22:15:00,J-102,31,14,LOW
2024-01-27 22:15:00,J-103,15,9,LOW
2024-01-27 22:15:00,J-104,16,11,LOW
2024-01-27 22:15:00,J-105,11,11,LOW
2024-01-27 22:15:00,J-106,6,9,LOW
2024-01-27 22:15:00,J-107,5,10,LOW
2024-01-27 22:15:00,J-108,31,13,LOW
2024-01-27 22:30:00,J-101,20,8,LOW
2024-01-27 22:30:00,J-102,15,6,LOW
2024-01-27 22:30:00,J-103,13,8,LOW
2024-01-27 22:30:00,J-104,11,7,LOW
2024-01-27 22:30:00,J-105,8,8,LOW
2024-01-27 22:30:00,J-106,4,6,LOW
2024-01-27 22:30:00,J-107,2,4,LOW
2024-01-27 22:30:00,J-108,18,7,LOW
2024-01-27 22:45:00,J-101,26,10,LOW
2024-01-27 22:45:00,J-102,21,9,LOW
2024-01-27 22:45:00,J-103,15,9,LOW
2024-01-27 22:45:00,J-104,14,10,LOW
2024-01-27 22:45:00,J-105,10,10,LOW
2024-01-27 22:45:00,J-106,7,11,LOW
2024-01-27 22:45:00,J-107,5,10,LOW
2024-01-27 22:45:00,J-108,23,9,LOW
2024-01-27 23:00:00,J-101,37,15,LOW
2024-01-27 23:00:00,J-102,28,13,LOW
2024-01-27 23:00:00,J-103,21,13,LOW
2024-01-27 23:00:00,J-104,16,11,LOW
2024-01-27 23:00:00,J-105,12,13,LOW
2024-01-27 23:00:00,J-106,8,13,LOW
2024-01-27 23:00:00,J-107,4,8,LOW
2024-01-27 23:00:00,J-108,27,11,LOW
2024-01-27 23:15:00,J-101,25,10,LOW
2024-01-27 23:15:00,J-102,24,11,LOW
2024-01-27 23:15:00,J-103,18,11,LOW
2024-01-27 23:15:00,J-104,20,14,LOW
2024-01-27 23:15:00,J-105,12,13,LOW
2024-01-27 23:15:00,J-106,8,13,LOW
2024-01-27 23:15:00,J-107,5,10,LOW
2024-01-27 23:15:00,J-108,32,13,LOW
2024-01-27 23:30:00,J-101,26,10,LOW
2024-01-27 23:30:00,J-102,27,12,LOW
2024-01-27 23:30:00,J-103,18,11,LOW
2024-01-27 23:30:00,J-104,13,9,LOW
2024-01-27 23:30:00,J-105,9,9,LOW
2024-01-27 23:30:00,J-106,6,9,LOW
2024-01-27 23:30:00,J-107,5,10,LOW
2024-01-27 23:30:00,J-108,28,12,LOW
2024-01-27 23:45:00,J-101,22,8,LOW
2024-01-27 23:45:00,J-102,28,13,LOW
2024-01-27 23:45:00,J-103,18,11,LOW
2024-01-27 23:45:00,J-104,17,12,LOW
2024-01-27 23:45:00,J-105,12,13,LOW
2024-01-27 23:45:00,J-106,7,11,LOW
2024-01-27 23:45:00,J-107,6,13,LOW
2024-01-27 23:45:00,J-108,33,14,LOW
2024-01-28 00:00:00,J-101,16,6,LOW
2024-01-28 00:00:00,J-102,15,6,LOW
2024-01-28 00:00:00,J-103,12,7,LOW
2024-01-28 00:00:00,J-104,11,7,LOW
2024-01-28 00:00:00,J-105,7,7,LOW
2024-01-28 00:00:00,J-106,5,8,LOW
2024-01-28 00:00:00,J-107,3,6,LOW
2024-01-28 00:00:00,J-108,16,6,LOW
2024-01-28 00:15:00,J-101,27,10,LOW
2024-01-28 00:15:00,J-102,19,8,LOW
2024-01-28 00:15:00,J-103,18,11,LOW
2024-01-28 00:15:00,J-104,15,10,LOW
2024-01-28 00:15:00,J-105,10,10,LOW
2024-01-28 00:15:00,J-106,6,9,LOW
2024-01-28 00:15:00,J-107,4,8,LOW
2024-01-28 00:15:00,J-108,23,9,LOW
2024-01-28 00:30:00,J-101,39,15,LOW
2024-01-28 00:30:00,J-102,27,12,LOW
2024-01-28 00:30:00,J-103,17,11,LOW
2024-01-28 00:30:00,J-104,20,14,LOW
2024-01-28 00:30:00,J-105,10,10,LOW
2024-01-28 00:30:00,J-106,8,13,LOW
2024-01-28 00:30:00,J-107,4,8,LOW
2024-01-28 00:30:00,J-108,27,11,LOW
2024-01-28 00:45:00,J-101,34,13,LOW
2024-01-28 00:45:00,J-102,30,13,LOW
2024-01-28 00:45:00,J-103,16,10,LOW
2024-01-28 00:45:00,J-104,19,13,LOW
2024-01-28 00:45:00,J-105,11,11,LOW
2024-01-28 00:45:00,J-106,8,13,LOW
2024-01-28 00:45:00,J-107,6,13,LOW
2024-01-28 00:45:00,J-108,30,13,LOW
2024-01-28 01:00:00,J-101,7,2,LOW
2024-01-28 01:00:00,J-102,5,2,LOW
2024-01-28 01:00:00,J-103,5,3,LOW
2024-01-28 01:00:00,J-104,4,2,LOW
2024-01-28 01:00:00,J-105,3,3,LOW
2024-01-28 01:00:00,J-106,1,1,LOW
2024-01-28 01:00:00,J-107,1,2,LOW
2024-01-28 01:00:00,J-108,7,3,LOW
2024-01-28 01:15:00,J-101,7,2,LOW
2024-01-28 01:15:00,J-102,6,2,LOW
2024-01-28 01:15:00,J-103,4,2,LOW
2024-01-28 01:15:00,J-104,4,2,LOW
2024-01-28 01:15:00,J-105,2,2,LOW
2024-01-28 01:15:00,J-106,2,3,LOW
2024-01-28 01:15:00,J-107,1,2,LOW
2024-01-28 01:15:00,J-108,8,3,LOW
2024-01-28 01:30:00,J-101,8,3,LOW
2024-01-28 01:30:00,J-102,6,2,LOW
2024-01-28 01:30:00,J-103,5,3,LOW
2024-01-28 01:30:00,J-104,3,2,LOW
2024-01-28 01:30:00,J-105,2,2,LOW
2024-01-28 01:30:00,J-106,1,1,LOW
2024-01-28 01:30:00,J-107,1,2,LOW
2024-01-28 01:30:00,J-108,7,3,LOW
2024-01-28 01:45:00,J-101,7,2,LOW
2024-01-28 01:45:00,J-102,5,2,LOW
2024-01-28 01:45:00,J-103,4,2,LOW
2024-01-28 01:45:00,J-104,3,2,LOW
2024-01-28 01:45:00,J-105,3,3,LOW
2024-01-28 01:45:00,J-106,1,1,LOW
2024-01-28 01:45:00,J-107,1,2,LOW
2024-01-28 01:45:00,J-108,6,2,LOW
2024-01-28 02:00:00,J-101,9,3,LOW
2024-01-28 02:00:00,J-102,5,2,LOW
2024-01-28 02:00:00,J-103,4,2,LOW
2024-01-28 02:00:00,J-104,4,2,LOW
2024-01-28 02:00:00,J-105,2,2,LOW
2024-01-28 02:00:00,J-106,2,3,LOW
2024-01-28 02:00:00,J-107,1,2,LOW
2024-01-28 02:00:00,J-108,8,3,LOW
2024-01-28 02:15:00,J-101,7,2,LOW
2024-01-28 02:15:00,J-102,6,2,LOW
2024-01-28 02:15:00,J-103,4,2,LOW
2024-01-28 02:15:00,J-104,4,2,LOW
2024-01-28 02:15:00,J-105,2,2,LOW
2024-01-28 02:15:00,J-106,2,3,LOW
2024-01-28 02:15:00,J-107,1,2,LOW
2024-01-28 02:15:00,J-108,7,3,LOW
2024-01-28 02:30:00,J-101,6,2,LOW
2024-01-28 02:30:00,J-102,8,3,LOW
2024-01-28 02:30:00,J-103,4,2,LOW
2024-01-28 02:30:00,J-104,4,2,LOW
2024-01-28 02:30:00,J-105,3,3,LOW
2024-01-28 02:30:00,J-106,1,1,LOW
2024-01-28 02:30:00,J-107,1,2,LOW
2024-01-28 02:30:00,J-108,8,3,LOW
2024-01-28 02:45:00,J-101,7,2,LOW
2024-01-28 02:45:00,J-102,7,3,LOW
2024-01-28 02:45:00,J-103,5,3,LOW
2024-01-28 02:45:00,J-104,3,2,LOW
2024-01-28 02:45:00,J-105,2,2,LOW
2024-01-28 02:45:00,J-106,2,3,LOW
2024-01-28 02:45:00,J-107,1,2,LOW
2024-01-28 02:45:00,J-108,7,3,LOW
2024-01-28 03:00:00,J-101,6,2,LOW
2024-01-28 03:00:00,J-102,7,3,LOW
2024-01-28 03:00:00,J-103,4,2,LOW
2024-01-28 03:00:00,J-104,3,2,LOW
2024-01-28 03:00:00,J-105,2,2,LOW
2024-01-28 03:00:00,J-106,1,1,LOW
2024-01-28 03:00:00,J-107,1,2,LOW
2024-01-28 03:00:00,J-108,8,3,LOW
2024-01-28 03:15:00,J-101,7,2,LOW
2024-01-28 03:15:00,J-102,7,3,LOW
2024-01-28 03:15:00,J-103,3,1,LOW
2024-01-28 03:15:00,J-104,3,2,LOW
2024-01-28 03:15:00,J-105,2,2,LOW
2024-01-28 03:15:00,J-106,2,3,LOW
2024-01-28 03:15:00,J-107,1,2,LOW
2024-01-28 03:15:00,J-108,7,3,LOW
2024-01-28 03:30:00,J-101,8,3,LOW
2024-01-28 03:30:00,J-102,6,2,LOW
2024-01-28 03:30:00,J-103,5,3,LOW
2024-01-28 03:30:00,J-104,4,2,LOW
2024-01-28 03:30:00,J-105,2,2,LOW
2024-01-28 03:30:00,J-106,1,1,LOW
2024-01-28 03:30:00,J-107,1,2,LOW
2024-01-28 03:30:00,J-108,7,3,LOW
2024-01-28 03:45:00,J-101,8,3,LOW
2024-01-28 03:45:00,J-102,6,2,LOW
2024-01-28 03:45:00,J-103,3,1,LOW
2024-01-28 03:45:00,J-104,4,2,LOW
2024-01-28 03:45:00,J-105,3,3,LOW
2024-01-28 03:45:00,J-106,2,3,LOW
2024-01-28 03:45:00,J-107,1,2,LOW
2024-01-28 03:45:00,J-108,7,3,LOW
2024-01-28 04:00:00,J-101,7,2,LOW
2024-01-28 04:00:00,J-102,7,3,LOW
2024-01-28 04:00:00,J-103,5,3,LOW
2024-01-28 04:00:00,J-104,4,2,LOW
2024-01-28 04:00:00,J-105,3,3,LOW
2024-01-28 04:00:00,J-106,1,1,LOW
2024-01-28 04:00:00,J-107,1,2,LOW
2024-01-28 04:00:00,J-108,6,2,LOW
2024-01-28 04:15:00,J-101,8,3,LOW
2024-01-28 04:15:00,J-102,6,2,LOW
2024-01-28 04:15:00,J-103,5,3,LOW
2024-01-28 04:15:00,J-104,5,3,LOW
2024-01-28 04:15:00,J-105,2,2,LOW
2024-01-28 04:15:00,J-106,1,1,LOW
2024-01-28 04:15:00,J-107,1,2,LOW
2024-01-28 04:15:00,J-108,4,1,LOW
2024-01-28 04:30:00,J-101,8,3,LOW
2024-01-28 04:30:00,J-102,6,2,LOW
2024-01-28 04:30:00,J-103,4,2,LOW
2024-01-28 04:30:00,J-104,4,2,LOW
2024-01-28 04:30:00,J-105,3,3,LOW
2024-01-28 04:30:00,J-106,2,3,LOW
2024-01-28 04:30:00,J-107,1,2,LOW
2024-01-28 04:30:00,J-108,6,2,LOW
2024-01-28 04:45:00,J-101,3,1,LOW
2024-01-28 04:45:00,J-102,4,1,LOW
2024-01-28 04:45:00,J-103,2,1,LOW
2024-01-28 04:45:00,J-104,2,1,LOW
2024-01-28 04:45:00,J-105,1,1,LOW
2024-01-28 04:45:00,J-106,1,1,LOW
2024-01-28 04:45:00,J-107,1,2,LOW
2024-01-28 04:45:00,J-108,4,1,LOW
2024-01-28 05:00:00,J-101,7,2,LOW
2024-01-28 05:00:00,J-102,7,3,LOW
2024-01-28 05:00:00,J-103,4,2,LOW
2024-01-28 05:00:00,J-104,4,2,LOW
2024-01-28 05:00:00,J-105,3,3,LOW
2024-01-28 05:00:00,J-106,1,1,LOW
2024-01-28 05:00:00,J-107,1,2,LOW
2024-01-28 05:00:00,J-108,6,2,LOW
2024-01-28 05:15:00,J-101,23,9,LOW
2024-01-28 05:15:00,J-102,17,7,LOW
2024-01-28 05:15:00,J-103,17,11,LOW
2024-01-28 05:15:00,J-104,13,9,LOW
2024-01-28 05:15:00,J-105,11,11,LOW
2024-01-28 05:15:00,J-106,7,11,LOW
2024-01-28 05:15:00,J-107,4,8,LOW
2024-01-28 05:15:00,J-108,27,11,LOW
2024-01-28 05:30:00,J-101,32,13,LOW
2024-01-28 05:30:00,J-102,26,12,LOW
2024-01-28 05:30:00,J-103,18,11,LOW
2024-01-28 05:30:00,J-104,18,13,LOW
2024-01-28 05:30:00,J-105,11,11,LOW
2024-01-28 05:30:00,J-106,8,13,LOW
2024-01-28 05:30:00,J-107,6,13,LOW
2024-01-28 05:30:00,J-108,33,14,LOW
2024-01-28 05:45:00,J-101,33,13,LOW
2024-01-28 05:45:00,J-102,26,12,LOW
2024-01-28 05:45:00,J-103,17,11,LOW
2024-01-28 05:45:00,J-104,17,12,LOW
2024-01-28 05:45:00,J-105,13,14,LOW
2024-01-28 05:45:00,J-106,7,11,LOW
2024-01-28 05:45:00,J-107,5,10,LOW
2024-01-28 05:45:00,J-108,35,15,LOW
2024-01-28 06:00:00,J-101,22,8,LOW
2024-01-28 06:00:00,J-102,22,10,LOW
2024-01-28 06:00:00,J-103,19,12,LOW
2024-01-28 06:00:00,J-104,15,10,LOW
2024-01-28 06:00:00,J-105,11,11,LOW
2024-01-28 06:00:00,J-106,9,14,LOW
2024-01-28 06:00:00,J-107,6,13,LOW
2024-01-28 06:00:00,J-108,25,10,LOW
2024-01-28 06:15:00,J-101,12,4,LOW
2024-01-28 06:15:00,J-102,14,6,LOW
2024-01-28 06:15:00,J-103,13,8,LOW
2024-01-28 06:15:00,J-104,11,7,LOW
2024-01-28 06:15:00,J-105,7,7,LOW
2024-01-28 06:15:00,J-106,5,8,LOW
2024-01-28 06:15:00,J-107,4,8,LOW
2024-01-28 06:15:00,J-108,18,7,LOW
2024-01-28 06:30:00,J-101,30,12,LOW
2024-01-28 06:30:00,J-102,25,11,LOW
2024-01-28 06:30:00,J-103,16,10,LOW
2024-01-28 06:30:00,J-104,17,12,LOW
2024-01-28 06:30:00,J-105,11,11,LOW
2024-01-28 06:30:00,J-106,6,9,LOW
2024-01-28 06:30:00,J-107,6,13,LOW
2024-01-28 06:30:00,J-108,31,13,LOW
2024-01-28 06:45:00,J-101,20,8,LOW
2024-01-28 06:45:00,J-102,20,9,LOW
2024-01-28 06:45:00,J-103,11,7,LOW
2024-01-28 06:45:00,J-104,12,8,LOW
2024-01-28 06:45:00,J-105,8,8,LOW
2024-01-28 06:45:00,J-106,6,9,LOW
2024-01-28 06:45:00,J-107,4,8,LOW
2024-01-28 06:45:00,J-108,25,10,LOW
2024-01-28 07:00:00,J-101,29,11,LOW
2024-01-28 07:00:00,J-102,30,13,LOW
2024-01-28 07:00:00,J-103,19,12,LOW
2024-01-28 07:00:00,J-104,17,12,LOW
2024-01-28 07:00:00,J-105,11,11,LOW
2024-01-28 07:00:00,J-106,7,11,LOW
2024-01-28 07:00:00,J-107,4,8,LOW
2024-01-28 07:00:00,J-108,26,11,LOW
2024-01-28 07:15:00,J-101,34,13,LOW
2024-01-28 07:15:00,J-102,32,14,LOW
2024-01-28 07:15:00,J-103,19,12,LOW
2024-01-28 07:15:00,J-104,20,14,LOW
2024-01-28 07:15:00,J-105,11,11,LOW
2024-01-28 07:15:00,J-106,7,11,LOW
2024-01-28 07:15:00,J-107,5,10,LOW
2024-01-28 07:15:00,J-108,27,11,LOW
2024-01-28 07:30:00,J-101,32,13,LOW
2024-01-28 07:30:00,J-102,35,16,LOW
2024-01-28 07:30:00,J-103,21,13,LOW
2024-01-28 07:30:00,J-104,19,13,LOW
2024-01-28 07:30:00,J-105,13,14,LOW
2024-01-28 07:30:00,J-106,9,14,LOW
2024-01-28 07:30:00,J-107,6,13,LOW
2024-01-28 07:30:00,J-108,28,12,LOW
2024-01-28 07:45:00,J-101,25,10,LOW
2024-01-28 07:45:00,J-102,30,13,LOW
2024-01-28 07:45:00,J-103,19,12,LOW
2024-01-28 07:45:00,J-104,19,13,LOW
2024-01-28 07:45:00,J-105,10,10,LOW
2024-01-28 07:45:00,J-106,7,11,LOW
2024-01-28 07:45:00,J-107,4,8,LOW
2024-01-28 07:45:00,J-108,29,12,LOW
2024-01-28 08:00:00,J-101,35,14,LOW
2024-01-28 08:00:00,J-102,33,15,LOW
2024-01-28 08:00:00,J-103,21,13,LOW
2024-01-28 08:00:00,J-104,21,15,LOW
2024-01-28 08:00:00,J-105,,13,LOW
2024-01-28 08:00:00,J-106,7,11,LOW
2024-01-28 08:00:00,J-107,5,10,LOW
2024-01-28 08:00:00,J-108,37,16,LOW
2024-01-28 08:15:00,J-101,30,12,LOW
2024-01-28 08:15:00,J-102,27,12,LOW
2024-01-28 08:15:00,J-103,22,14,LOW
2024-01-28 08:15:00,J-104,17,12,LOW
2024-01-28 08:15:00,J-105,12,13,LOW
2024-01-28 08:15:00,J-106,8,13,LOW
2024-01-28 08:15:00,J-107,6,13,LOW
2024-01-28 08:15:00,J-108,35,15,LOW
2024-01-28 08:30:00,J-101,33,13,LOW
2024-01-28 08:30:00,J-102,25,11,LOW
2024-01-28 08:30:00,J-103,24,15,LOW
2024-01-28 08:30:00,J-104,16,11,LOW
2024-01-28 08:30:00,J-105,12,13,LOW
2024-01-28 08:30:00,J-106,6,9,LOW
2024-01-28 08:30:00,J-107,5,10,LOW
2024-01-28 08:30:00,J-108,33,14,LOW
2024-01-28 08:45:00,J-101,24,9,LOW
2024-01-28 08:45:00,J-102,27,12,LOW
2024-01-28 08:45:00,J-103,18,11,LOW
2024-01-28 08:45:00,J-104,18,13,LOW
2024-01-28 08:45:00,J-105,10,10,LOW
2024-01-28 08:45:00,J-106,7,11,LOW
2024-01-28 08:45:00,J-107,5,10,LOW
2024-01-28 08:45:00,J-108,25,10,LOW
2024-01-28 09:00:00,J-101,17,6,LOW
2024-01-28 09:00:00,J-102,17,7,LOW
2024-01-28 09:00:00,J-103,11,7,LOW
2024-01-28 09:00:00,J-104,10,7,LOW
2024-01-28 09:00:00,J-105,6,6,LOW
2024-01-28 09:00:00,J-106,5,8,LOW
2024-01-28 09:00:00,J-107,3,6,LOW
2024-01-28 09:00:00,J-108,16,6,LOW
2024-01-28 09:15:00,J-101,19,7,LOW
2024-01-28 09:15:00,J-102,16,7,LOW
2024-01-28 09:15:00,J-103,12,7,LOW
2024-01-28 09:15:00,J-104,10,7,LOW
2024-01-28 09:15:00,J-105,8,8,LOW
2024-01-28 09:15:00,J-106,5,8,LOW
2024-01-28 09:15:00,J-107,3,6,LOW
2024-01-28 09:15:00,J-108,20,8,LOW
2024-01-28 09:30:00,J-101,36,14,LOW
2024-01-28 09:30:00,J-102,36,16,LOW
2024-01-28 09:30:00,J-103,16,10,LOW
2024-01-28 09:30:00,J-104,20,14,LOW
2024-01-28 09:30:00,J-105,15,16,LOW
2024-01-28 09:30:00,J-106,7,11,LOW
2024-01-28 09:30:00,J-107,7,15,LOW
2024-01-28 09:30:00,J-108,23,9,LOW
2024-01-28 09:45:00,J-101,28,11,LOW
2024-01-28 09:45:00,J-102,29,13,LOW
2024-01-28 09:45:00,J-103,19,12,LOW
2024-01-28 09:45:00,J-104,18,13,LOW
2024-01-28 09:45:00,J-105,10,10,LOW
2024-01-28 09:45:00,J-106,8,13,LOW
2024-01-28 09:45:00,J-107,5,10,LOW
2024-01-28 09:45:00,J-108,28,12,LOW
2024-01-28 10:00:00,J-101,95,38,LOW
2024-01-28 10:00:00,J-102,88,40,MODERATE
2024-01-28 10:00:00,J-103,47,30,LOW
2024-01-28 10:00:00,J-104,43,31,LOW
2024-01-28 10:00:00,J-105,43,46,MODERATE
2024-01-28 10:00:00,J-106,22,35,LOW
2024-01-28 10:00:00,J-107,16,34,LOW
2024-01-28 10:00:00,J-108,98,42,MODERATE
2024-01-28 10:15:00,J-101,113,45,MODERATE
2024-01-28 10:15:00,J-102,103,47,MODERATE
2024-01-28 10:15:00,J-103,68,44,MODERATE
2024-01-28 10:15:00,J-104,49,35,LOW
2024-01-28 10:15:00,J-105,39,42,MODERATE
2024-01-28 10:15:00,J-106,29,47,MODERATE
2024-01-28 10:15:00,J-107,20,43,MODERATE
2024-01-28 10:15:00,J-108,97,42,MODERATE
2024-01-28 10:30:00,J-101,104,42,MODERATE
2024-01-28 10:30:00,J-102,88,40,MODERATE
2024-01-28 10:30:00,J-103,62,40,MODERATE
2024-01-28 10:30:00,J-104,65,46,MODERATE
2024-01-28 10:30:00,J-105,35,37,LOW
2024-01-28 10:30:00,J-106,24,39,LOW
2024-01-28 10:30:00,J-107,16,34,LOW
2024-01-28 10:30:00,J-108,74,32,LOW
2024-01-28 10:45:00,J-101,75,30,LOW
2024-01-28 10:45:00,J-102,70,32,LOW
2024-01-28 10:45:00,J-103,51,33,LOW
2024-01-28 10:45:00,J-104,36,26,LOW
2024-01-28 10:45:00,J-105,24,26,LOW
2024-01-28 10:45:00,J-106,15,24,LOW
2024-01-28 10:45:00,J-107,13,28,LOW
2024-01-28 10:45:00,J-108,61,26,LOW
2024-01-28 11:00:00,J-101,137,55,MODERATE
2024-01-28 11:00:00,J-102,113,52,MODERATE
2024-01-28 11:00:00,J-103,79,51,MODERATE
2024-01-28 11:00:00,J-104,65,46,MODERATE
2024-01-28 11:00:00,J-105,47,50,MODERATE
2024-01-28 11:00:00,J-106,29,47,MODERATE
2024-01-28 11:00:00,J-107,22,47,MODERATE
2024-01-28 11:00:00,J-108,124,53,MODERATE
2024-01-28 11:15:00,J-101,117,47,MODERATE
2024-01-28 11:15:00,J-102,89,41,MODERATE
2024-01-28 11:15:00,J-103,77,50,MODERATE
2024-01-28 11:15:00,J-104,61,44,MODERATE
2024-01-28 11:15:00,J-105,39,42,MODERATE
2024-01-28 11:15:00,J-106,31,50,MODERATE
2024-01-28 11:15:00,J-107,23,49,MODERATE
2024-01-28 11:15:00,J-108,119,51,MODERATE
2024-01-28 11:30:00,J-101,115,46,MODERATE
2024-01-28 11:30:00,J-102,90,41,MODERATE
2024-01-28 11:30:00,J-103,66,42,MODERATE
2024-01-28 11:30:00,J-104,64,46,MODERATE
2024-01-28 11:30:00,J-105,46,49,MODERATE
2024-01-28 11:30:00,J-106,27,43,MODERATE
2024-01-28 11:30:00,J-107,22,47,MODERATE
2024-01-28 11:30:00,J-108,93,40,MODERATE
2024-01-28 11:45:00,J-101,146,59,MODERATE
2024-01-28 11:45:00,J-102,95,44,MODERATE
2024-01-28 11:45:00,J-103,80,52,MODERATE
2024-01-28 11:45:00,J-104,85,61,MODERATE
2024-01-28 11:45:00,J-105,33,35,LOW
2024-01-28 11:45:00,J-106,31,50,MODERATE
2024-01-28 11:45:00,J-107,22,47,MODERATE
2024-01-28 11:45:00,J-108,132,57,MODERATE
2024-01-28 12:00:00,J-101,120,48,MODERATE
2024-01-28 12:00:00,J-102,90,41,MODERATE
2024-01-28 12:00:00,J-103,69,44,MODERATE
2024-01-28 12:00:00,J-104,61,44,MODERATE
2024-01-28 12:00:00,J-105,40,43,MODERATE
2024-01-28 12:00:00,J-106,25,40,MODERATE
2024-01-28 12:00:00,J-107,23,49,MODERATE
2024-01-28 12:00:00,J-108,102,44,MODERATE
2024-01-28 12:15:00,J-101,112,45,MODERATE
2024-01-28 12:15:00,J-102,115,53,MODERATE
2024-01-28 12:15:00,J-103,80,52,MODERATE
2024-01-28 12:15:00,J-104,86,62,MODERATE
2024-01-28 12:15:00,J-105,52,56,MODERATE
2024-01-28 12:15:00,J-106,26,42,MODERATE
2024-01-28 12:15:00,J-107,25,54,MODERATE
2024-01-28 12:15:00,J-108,119,51,MODERATE
2024-01-28 12:30:00,J-101,139,56,MODERATE
2024-01-28 12:30:00,J-102,100,46,MODERATE
2024-01-28 12:30:00,J-103,62,40,MODERATE
2024-01-28 12:30:00,J-104,77,55,MODERATE
2024-01-28 12:30:00,J-105,48,52,MODERATE
2024-01-28 12:30:00,J-106,29,47,MODERATE
2024-01-28 12:30:00,J-107,19,41,MODERATE
2024-01-28 12:30:00,J-108,113,48,MODERATE
2024-01-28 12:45:00,J-101,98,39,LOW
2024-01-28 12:45:00,J-102,86,39,LOW
2024-01-28 12:45:00,J-103,54,35,LOW
2024-01-28 12:45:00,J-104,47,33,LOW
2024-01-28 12:45:00,J-105,40,43,MODERATE
2024-01-28 12:45:00,J-106,21,34,LOW
2024-01-28 12:45:00,J-107,14,30,LOW
2024-01-28 12:45:00,J-108,66,28,LOW
2024-01-28 13:00:00,J-101,99,40,MODERATE
2024-01-28 13:00:00,J-102,113,52,MODERATE
2024-01-28 13:00:00,J-103,,47,MODERATE
2024-01-28 13:00:00,J-104,76,54,MODERATE
2024-01-28 13:00:00,J-105,44,47,MODERATE
2024-01-28 13:00:00,J-106,24,39,LOW
2024-01-28 13:00:00,J-107,23,49,MODERATE
2024-01-28 13:00:00,J-108,116,50,MODERATE
2024-01-28 13:15:00,J-101,106,43,MODERATE
2024-01-28 13:15:00,J-102,89,41,MODERATE
2024-01-28 13:15:00,J-103,54,35,LOW
2024-01-28 13:15:00,J-104,62,44,MODERATE
2024-01-28 13:15:00,J-105,45,48,MODERATE
2024-01-28 13:15:00,J-106,25,40,MODERATE
2024-01-28 13:15:00,J-107,22,47,MODERATE
2024-01-28 13:15:00,J-108,109,47,MODERATE
2024-01-28 13:30:00,J-101,98,39,LOW
2024-01-28 13:30:00,J-102,67,31,LOW
2024-01-28 13:30:00,J-103,57,37,LOW
2024-01-28 13:30:00,J-104,61,44,MODERATE
2024-01-28 13:30:00,J-105,37,40,MODERATE
2024-01-28 13:30:00,J-106,24,39,LOW
2024-01-28 13:30:00,J-107,18,39,LOW
2024-01-28 13:30:00,J-108,81,35,LOW
2024-01-28 13:45:00,J-101,92,37,LOW
2024-01-28 13:45:00,J-102,97,45,MODERATE
2024-01-28 13:45:00,J-103,64,41,MODERATE
2024-01-28 13:45:00,J-104,56,40,MODERATE
2024-01-28 13:45:00,J-105,33,35,LOW
2024-01-28 13:45:00,J-106,28,45,MODERATE
2024-01-28 13:45:00,J-107,19,41,MODERATE
2024-01-28 13:45:00,J-108,93,40,MODERATE
2024-01-28 14:00:00,J-101,116,47,MODERATE
2024-01-28 14:00:00,J-102,67,31,LOW
2024-01-28 14:00:00,J-103,52,33,LOW
2024-01-28 14:00:00,J-104,51,36,LOW
2024-01-28 14:00:00,J-105,38,41,MODERATE
2024-01-28 14:00:00,J-106,20,32,LOW
2024-01-28 14:00:00,J-107,17,36,LOW
2024-01-28 14:00:00,J-108,66,28,LOW
2024-01-28 14:15:00,J-101,25,10,LOW
2024-01-28 14:15:00,J-102,27,12,LOW
2024-01-28 14:15:00,J-103,18,11,LOW
2024-01-28 14:15:00,J-104,15,10,LOW
2024-01-28 14:15:00,J-105,10,10,LOW
2024-01-28 14:15:00,J-106,8,13,LOW
2024-01-28 14:15:00,J-107,4,8,LOW
2024-01-28 14:15:00,J-108,25,10,LOW
2024-01-28 14:30:00,J-101,16,6,LOW
2024-01-28 14:30:00,J-102,14,6,LOW
2024-01-28 14:30:00,J-103,10,6,LOW
2024-01-28 14:30:00,J-104,11,7,LOW
2024-01-28 14:30:00,J-105,7,7,LOW
2024-01-28 14:30:00,J-106,4,6,LOW
2024-01-28 14:30:00,J-107,2,4,LOW
2024-01-28 14:30:00,J-108,13,5,LOW
2024-01-28 14:45:00,J-101,32,13,LOW
2024-01-28 14:45:00,J-102,22,10,LOW
2024-01-28 14:45:00,J-103,20,13,LOW
2024-01-28 14:45:00,J-104,18,13,LOW
2024-01-28 14:45:00,J-105,12,13,LOW
2024-01-28 14:45:00,J-106,7,11,LOW
2024-01-28 14:45:00,J-107,5,10,LOW
2024-01-28 14:45:00,J-108,30,13,LOW
2024-01-28 15:00:00,J-101,33,13,LOW
2024-01-28 15:00:00,J-102,28,13,LOW
2024-01-28 15:00:00,J-103,16,10,LOW
2024-01-28 15:00:00,J-104,16,11,LOW
2024-01-28 15:00:00,J-105,11,11,LOW
2024-01-28 15:00:00,J-106,9,14,LOW
2024-01-28 15:00:00,J-107,4,8,LOW
2024-01-28 15:00:00,J-108,25,10,LOW
2024-01-28 15:15:00,J-101,29,11,LOW
2024-01-28 15:15:00,J-102,25,11,LOW
2024-01-28 15:15:00,J-103,18,11,LOW
2024-01-28 15:15:00,J-104,17,12,LOW
2024-01-28 15:15:00,J-105,8,8,LOW
2024-01-28 15:15:00,J-106,6,9,LOW
2024-01-28 15:15:00,J-107,4,8,LOW
2024-01-28 15:15:00,J-108,31,13,LOW
2024-01-28 15:30:00,J-101,41,16,LOW
2024-01-28 15:30:00,J-102,32,14,LOW
2024-01-28 15:30:00,J-103,19,12,LOW
2024-01-28 15:30:00,J-104,19,13,LOW
2024-01-28 15:30:00,J-105,13,14,LOW
2024-01-28 15:30:00,J-106,8,13,LOW
2024-01-28 15:30:00,J-107,7,15,LOW
2024-01-28 15:30:00,J-108,26,11,LOW
2024-01-28 15:45:00,J-101,31,12,LOW
2024-01-28 15:45:00,J-102,23,10,LOW
2024-01-28 15:45:00,J-103,19,12,LOW
2024-01-28 15:45:00,J-104,19,13,LOW
2024-01-28 15:45:00,J-105,10,10,LOW
2024-01-28 15:45:00,J-106,7,11,LOW
2024-01-28 15:45:00,J-107,6,13,LOW
2024-01-28 15:45:00,J-108,33,14,LOW
2024-01-28 16:00:00,J-101,63,25,LOW
2024-01-28 16:00:00,J-102,60,27,LOW
2024-01-28 16:00:00,J-103,42,27,LOW
2024-01-28 16:00:00,J-104,48,34,LOW
2024-01-28 16:00:00,J-105,27,29,LOW
2024-01-28 16:00:00,J-106,15,24,LOW
2024-01-28 16:00:00,J-107,11,23,LOW
2024-01-28 16:00:00,J-108,63,27,LOW
2024-01-28 16:15:00,J-101,97,39,LOW
2024-01-28 16:15:00,J-102,62,28,LOW
2024-01-28 16:15:00,J-103,52,33,LOW
2024-01-28 16:15:00,J-104,54,39,LOW
2024-01-28 16:15:00,J-105,30,32,LOW
2024-01-28 16:15:00,J-106,21,34,LOW
2024-01-28 16:15:00,J-107,12,26,LOW
2024-01-28 16:15:00,J-108,74,32,LOW
2024-01-28 16:30:00,J-101,103,41,MODERATE
2024-01-28 16:30:00,J-102,81,37,LOW
2024-01-28 16:30:00,J-103,50,32,LOW
2024-01-28 16:30:00,J-104,58,41,MODERATE
2024-01-28 16:30:00,J-105,30,32,LOW
2024-01-28 16:30:00,J-106,21,34,LOW
2024-01-28 16:30:00,J-107,20,43,MODERATE
2024-01-28 16:30:00,J-108,107,46,MODERATE
2024-01-28 16:45:00,J-101,103,41,MODERATE
2024-01-28 16:45:00,J-102,102,47,MODERATE
2024-01-28 16:45:00,J-103,57,37,LOW
2024-01-28 16:45:00,J-104,62,44,MODERATE
2024-01-28 16:45:00,J-105,35,37,LOW
2024-01-28 16:45:00,J-106,26,42,MODERATE
2024-01-28 16:45:00,J-107,15,32,LOW
2024-01-28 16:45:00,J-108,99,42,MODERATE
2024-01-28 17:00:00,J-101,85,34,LOW
2024-01-28 17:00:00,J-102,65,30,LOW
2024-01-28 17:00:00,J-103,66,42,MODERATE
2024-01-28 17:00:00,J-104,58,41,MODERATE
2024-01-28 17:00:00,J-105,34,36,LOW
2024-01-28 17:00:00,J-106,27,43,MODERATE
2024-01-28 17:00:00,J-107,18,39,LOW
2024-01-28 17:00:00,J-108,104,45,MODERATE
2024-01-28 17:15:00,J-101,127,51,MODERATE
2024-01-28 17:15:00,J-102,86,39,LOW
2024-01-28 17:15:00,J-103,63,40,MODERATE
2024-01-28 17:15:00,J-104,64,46,MODERATE
2024-01-28 17:15:00,J-105,45,48,MODERATE
2024-01-28 17:15:00,J-106,27,43,MODERATE
2024-01-28 17:15:00,J-107,21,45,MODERATE
2024-01-28 17:15:00,J-108,99,42,MODERATE
2024-01-28 17:30:00,J-101,107,43,MODERATE
2024-01-28 17:30:00,J-102,87,40,MODERATE
2024-01-28 17:30:00,J-103,43,27,LOW
2024-01-28 17:30:00,J-104,42,30,LOW
2024-01-28 17:30:00,J-105,28,30,LOW
2024-01-28 17:30:00,J-106,18,29,LOW
2024-01-28 17:30:00,J-107,14,30,LOW
2024-01-28 17:30:00,J-108,71,30,LOW
2024-01-28 17:45:00,J-101,85,34,LOW
2024-01-28 17:45:00,J-102,80,37,LOW
2024-01-28 17:45:00,J-103,56,36,LOW
2024-01-28 17:45:00,J-104,52,37,LOW
2024-01-28 17:45:00,J-105,29,31,LOW
2024-01-28 17:45:00,J-106,18,29,LOW
2024-01-28 17:45:00,J-107,17,36,LOW
2024-01-28 17:45:00,J-108,79,34,LOW
2024-01-28 18:00:00,J-101,102,41,MODERATE
2024-01-28 18:00:00,J-102,76,35,LOW
2024-01-28 18:00:00,J-103,63,40,MODERATE
2024-01-28 18:00:00,J-104,62,44,MODERATE
2024-01-28 18:00:00,J-105,30,32,LOW
2024-01-28 18:00:00,J-106,24,39,LOW
2024-01-28 18:00:00,J-107,19,,MODERATE
2024-01-28 18:00:00,J-108,78,33,LOW
2024-01-28 18:15:00,J-101,87,35,LOW
2024-01-28 18:15:00,J-102,78,36,LOW
2024-01-28 18:15:00,J-103,47,30,LOW
2024-01-28 18:15:00,J-104,51,36,LOW
2024-01-28 18:15:00,J-105,35,37,LOW
2024-01-28 18:15:00,J-106,25,40,MODERATE
2024-01-28 18:15:00,J-107,16,34,LOW
2024-01-28 18:15:00,J-108,86,37,LOW
2024-01-28 18:30:00,J-101,99,40,MODERATE
2024-01-28 18:30:00,J-102,74,34,LOW
2024-01-28 18:30:00,J-103,67,43,MODERATE
2024-01-28 18:30:00,J-104,56,40,MODERATE
2024-01-28 18:30:00,J-105,41,44,MODERATE
2024-01-28 18:30:00,J-106,23,37,LOW
2024-01-28 18:30:00,J-107,18,39,LOW
2024-01-28 18:30:00,J-108,94,40,MODERATE
2024-01-28 18:45:00,J-101,117,47,MODERATE
2024-01-28 18:45:00,J-102,86,39,LOW
2024-01-28 18:45:00,J-103,59,38,LOW
2024-01-28 18:45:00,J-104,59,42,MODERATE
2024-01-28 18:45:00,J-105,50,54,MODERATE
2024-01-28 18:45:00,J-106,23,37,LOW
2024-01-28 18:45:00,J-107,17,36,LOW
2024-01-28 18:45:00,J-108,87,37,LOW
2024-01-28 19:00:00,J-101,81,32,LOW
2024-01-28 19:00:00,J-102,89,41,MODERATE
2024-01-28 19:00:00,J-103,67,43,MODERATE
2024-01-28 19:00:00,J-104,55,39,LOW
2024-01-28 19:00:00,J-105,36,39,LOW
2024-01-28 19:00:00,J-106,20,32,LOW
2024-01-28 19:00:00,J-107,14,30,LOW
2024-01-28 19:00:00,J-108,86,37,LOW
2024-01-28 19:15:00,J-101,107,43,MODERATE
2024-01-28 19:15:00,J-102,76,35,LOW
2024-01-28 19:15:00,J-103,67,43,MODERATE
2024-01-28 19:15:00,J-104,43,31,LOW
2024-01-28 19:15:00,J-105,23,24,LOW
2024-01-28 19:15:00,J-106,18,29,LOW
2024-01-28 19:15:00,J-107,15,32,LOW
2024-01-28 19:15:00,J-108,87,37,LOW
2024-01-28 19:30:00,J-101,97,39,LOW
2024-01-28 19:30:00,J-102,66,30,LOW
2024-01-28 19:30:00,J-103,49,31,LOW
2024-01-28 19:30:00,J-104,41,29,LOW
2024-01-28 19:30:00,J-105,28,30,LOW
2024-01-28 19:30:00,J-106,19,30,LOW
2024-01-28 19:30:00,J-107,13,28,LOW
2024-01-28 19:30:00,J-108,88,38,LOW
2024-01-28 19:45:00,J-101,47,19,LOW
2024-01-28 19:45:00,J-102,38,17,LOW
2024-01-28 19:45:00,J-103,32,20,LOW
2024-01-28 19:45:00,J-104,26,18,LOW
2024-01-28 19:45:00,J-105,19,20,LOW
2024-01-28 19:45:00,J-106,12,19,LOW
2024-01-28 19:45:00,J-107,9,19,LOW
2024-01-28 19:45:00,J-108,45,19,LOW
2024-01-28 20:00:00,J-101,76,30,LOW
2024-01-28 20:00:00,J-102,70,32,LOW
2024-01-28 20:00:00,J-103,54,35,LOW
2024-01-28 20:00:00,J-104,44,31,LOW
2024-01-28 20:00:00,J-105,31,33,LOW
2024-01-28 20:00:00,J-106,19,30,LOW
2024-01-28 20:00:00,J-107,14,30,LOW
2024-01-28 20:00:00,J-108,75,32,LOW
2024-01-28 20:15:00,J-101,27,10,LOW
2024-01-28 20:15:00,J-102,18,8,LOW
2024-01-28 20:15:00,J-103,16,10,LOW
2024-01-28 20:15:00,J-104,15,10,LOW
2024-01-28 20:15:00,J-105,8,8,LOW
2024-01-28 20:15:00,J-106,6,9,LOW
2024-01-28 20:15:00,J-107,4,8,LOW
2024-01-28 20:15:00,J-108,28,12,LOW
2024-01-28 20:30:00,J-101,28,11,LOW
2024-01-28 20:30:00,J-102,31,14,LOW
2024-01-28 20:30:00,J-103,19,12,LOW
2024-01-28 20:30:00,J-104,20,14,LOW
2024-01-28 20:30:00,J-105,13,14,LOW
2024-01-28 20:30:00,J-106,6,9,LOW
2024-01-28 20:30:00,J-107,6,13,LOW
2024-01-28 20:30:00,J-108,25,10,LOW
2024-01-28 20:45:00,J-101,31,12,LOW
2024-01-28 20:45:00,J-102,28,13,LOW
2024-01-28 20:45:00,J-103,16,10,LOW
2024-01-28 20:45:00,J-104,17,12,LOW
2024-01-28 20:45:00,J-105,9,9,LOW
2024-01-28 20:45:00,J-106,8,13,LOW
2024-01-28 20:45:00,J-107,6,13,LOW
2024-01-28 20:45:00,J-108,28,12,LOW
2024-01-28 21:00:00,J-101,32,13,LOW
2024-01-28 21:00:00,J-102,29,13,LOW
2024-01-28 21:00:00,J-103,17,11,LOW
2024-01-28 21:00:00,J-104,21,15,LOW
2024-01-28 21:00:00,J-105,10,10,LOW
2024-01-28 21:00:00,J-106,6,9,LOW
2024-01-28 21:00:00,J-107,6,13,LOW
2024-01-28 21:00:00,J-108,34,14,LOW
2024-01-28 21:15:00,J-101,35,14,LOW
2024-01-28 21:15:00,J-102,28,13,LOW
2024-01-28 21:15:00,J-103,23,14,LOW
2024-01-28 21:15:00,J-104,17,12,LOW
2024-01-28 21:15:00,J-105,11,11,LOW
2024-01-28 21:15:00,J-106,7,11,LOW
2024-01-28 21:15:00,J-107,7,15,LOW
2024-01-28 21:15:00,J-108,35,15,LOW
2024-01-28 21:30:00,J-101,27,10,LOW
2024-01-28 21:30:00,J-102,34,15,LOW
2024-01-28 21:30:00,J-103,19,12,LOW
2024-01-28 21:30:00,J-104,17,12,LOW
2024-01-28 21:30:00,J-105,13,14,LOW
2024-01-28 21:30:00,J-106,8,13,LOW
2024-01-28 21:30:00,J-107,5,10,LOW
2024-01-28 21:30:00,J-108,28,12,LOW
2024-01-28 21:45:00,J-101,14,5,LOW
2024-01-28 21:45:00,J-102,15,6,LOW
2024-01-28 21:45:00,J-103,13,8,LOW
2024-01-28 21:45:00,J-104,9,6,LOW
2024-01-28 21:45:00,J-105,7,7,LOW
2024-01-28 21:45:00,J-106,4,6,LOW
2024-01-28 21:45:00,J-107,4,8,LOW
2024-01-28 21:45:00,J-108,21,9,LOW
2024-01-28 22:00:00,J-101,29,11,LOW
2024-01-28 22:00:00,J-102,25,11,LOW
2024-01-28 22:00:00,J-103,17,11,LOW
2024-01-28 22:00:00,J-104,17,12,LOW
2024-01-28 22:00:00,J-105,11,11,LOW
2024-01-28 22:00:00,J-106,8,13,LOW
2024-01-28 22:00:00,J-107,6,13,LOW
2024-01-28 22:00:00,J-108,30,13,LOW
2024-01-28 22:15:00,J-101,23,9,LOW
2024-01-28 22:15:00,J-102,25,11,LOW
2024-01-28 22:15:00,J-103,21,13,LOW
2024-01-28 22:15:00,J-104,20,14,LOW
2024-01-28 22:15:00,J-105,12,13,LOW
2024-01-28 22:15:00,J-106,7,11,LOW
2024-01-28 22:15:00,J-107,5,10,LOW
2024-01-28 22:15:00,J-108,28,12,LOW
2024-01-28 22:30:00,J-101,28,11,LOW
2024-01-28 22:30:00,J-102,24,11,LOW
2024-01-28 22:30:00,J-103,20,13,LOW
2024-01-28 22:30:00,J-104,18,13,LOW
2024-01-28 22:30:00,J-105,10,10,LOW
2024-01-28 22:30:00,J-106,6,9,LOW
2024-01-28 22:30:00,J-107,6,13,LOW
2024-01-28 22:30:00,J-108,28,12,LOW
2024-01-28 22:45:00,J-101,22,8,LOW
2024-01-28 22:45:00,J-102,19,8,LOW
2024-01-28 22:45:00,J-103,12,7,LOW
2024-01-28 22:45:00,J-104,12,8,LOW
2024-01-28 22:45:00,J-105,8,8,LOW
2024-01-28 22:45:00,J-106,6,9,LOW
2024-01-28 22:45:00,J-107,3,6,LOW
2024-01-28 22:45:00,J-108,18,7,LOW
2024-01-28 23:00:00,J-101,19,7,LOW
2024-01-28 23:00:00,J-102,18,8,LOW
2024-01-28 23:00:00,J-103,12,7,LOW
2024-01-28 23:00:00,J-104,13,9,LOW
2024-01-28 23:00:00,J-105,5,5,LOW
2024-01-28 23:00:00,J-106,5,8,LOW
2024-01-28 23:00:00,J-107,3,6,LOW
2024-01-28 23:00:00,J-108,22,9,LOW
2024-01-28 23:15:00,J-101,16,6,LOW
2024-01-28 23:15:00,J-102,19,8,LOW
2024-01-28 23:15:00,J-103,12,7,LOW
2024-01-28 23:15:00,J-104,10,7,LOW
2024-01-28 23:15:00,J-105,6,6,LOW
2024-01-28 23:15:00,J-106,4,6,LOW
2024-01-28 23:15:00,J-107,3,6,LOW
2024-01-28 23:15:00,J-108,19,8,LOW
2024-01-28 23:30:00,J-101,20,8,LOW
2024-01-28 23:30:00,J-102,16,7,LOW
2024-01-28 23:30:00,J-103,9,5,LOW
2024-01-28 23:30:00,J-104,9,6,LOW
2024-01-28 23:30:00,J-105,8,8,LOW
2024-01-28 23:30:00,J-106,4,6,LOW
2024-01-28 23:30:00,J-107,3,6,LOW
2024-01-28 23:30:00,J-108,17,7,LOW
2024-01-28 23:45:00,J-101,26,10,LOW
2024-01-28 23:45:00,J-102,24,11,LOW
2024-01-28 23:45:00,J-103,19,12,LOW
2024-01-28 23:45:00,J-104,19,13,LOW
2024-01-28 23:45:00,J-105,12,13,LOW
2024-01-28 23:45:00,J-106,8,13,LOW
2024-01-28 23:45:00,J-107,6,13,LOW
2024-01-28 23:45:00,J-108,,13,LOW
2024-01-29 00:00:00,J-101,29,11,LOW
2024-01-29 00:00:00,J-102,26,12,LOW
2024-01-29 00:00:00,J-103,18,11,LOW
2024-01-29 00:00:00,J-104,15,10,LOW
2024-01-29 00:00:00,J-105,10,10,LOW
2024-01-29 00:00:00,J-106,7,11,LOW
2024-01-29 00:00:00,J-107,5,10,LOW
2024-01-29 00:00:00,J-108,30,13,LOW
2024-01-29 00:15:00,J-101,35,14,LOW
2024-01-29 00:15:00,J-102,26,12,LOW
2024-01-29 00:15:00,J-103,20,13,LOW
2024-01-29 00:15:00,J-104,13,9,LOW
2024-01-29 00:15:00,J-105,10,10,LOW
2024-01-29 00:15:00,J-106,8,13,LOW
2024-01-29 00:15:00,J-107,5,10,LOW
2024-01-29 00:15:00,J-108,28,12,LOW
2024-01-29 00:30:00,J-101,28,11,LOW
2024-01-29 00:30:00,J-102,31,14,LOW
2024-01-29 00:30:00,J-103,16,10,LOW
2024-01-29 00:30:00,J-104,16,11,LOW
2024-01-29 00:30:00,J-105,11,11,LOW
2024-01-29 00:30:00,J-106,6,9,LOW
2024-01-29 00:30:00,J-107,5,10,LOW
2024-01-29 00:30:00,J-108,24,10,LOW
2024-01-29 00:45:00,J-101,29,11,LOW
2024-01-29 00:45:00,J-102,21,9,LOW
2024-01-29 00:45:00,J-103,16,10,LOW
2024-01-29 00:45:00,J-104,15,10,LOW
2024-01-29 00:45:00,J-105,10,10,LOW
2024-01-29 00:45:00,J-106,7,11,LOW
2024-01-29 00:45:00,J-107,4,8,LOW
2024-01-29 00:45:00,J-108,30,13,LOW
2024-01-29 01:00:00,J-101,4,1,LOW
2024-01-29 01:00:00,J-102,3,1,LOW
2024-01-29 01:00:00,J-103,1,0,LOW
2024-01-29 01:00:00,J-104,2,1,LOW
2024-01-29 01:00:00,J-105,1,1,LOW
2024-01-29 01:00:00,J-106,1,1,LOW
2024-01-29 01:00:00,J-107,0,0,LOW
2024-01-29 01:00:00,J-108,3,1,LOW
2024-01-29 01:15:00,J-101,4,1,LOW
2024-01-29 01:15:00,J-102,3,1,LOW
2024-01-29 01:15:00,J-103,2,1,LOW
2024-01-29 01:15:00,J-104,2,1,LOW
2024-01-29 01:15:00,J-105,1,1,LOW
2024-01-29 01:15:00,J-106,1,1,LOW
2024-01-29 01:15:00,J-107,0,0,LOW
2024-01-29 01:15:00,J-108,3,1,LOW
2024-01-29 01:30:00,J-101,4,1,LOW
2024-01-29 01:30:00,J-102,4,1,LOW
2024-01-29 01:30:00,J-103,3,1,LOW
2024-01-29 01:30:00,J-104,2,,LOW
2024-01-29 01:30:00,J-105,,1,LOW
2024-01-29 01:30:00,J-106,0,0,LOW
2024-01-29 01:30:00,J-107,0,0,LOW
2024-01-29 01:30:00,J-108,4,1,LOW
2024-01-29 01:45:00,J-101,4,1,LOW
2024-01-29 01:45:00,J-102,3,1,LOW
2024-01-29 01:45:00,J-103,2,1,LOW
2024-01-29 01:45:00,J-104,2,1,LOW
2024-01-29 01:45:00,J-105,1,1,LOW
2024-01-29 01:45:00,J-106,1,1,LOW
2024-01-29 01:45:00,J-107,0,0,LOW
2024-01-29 01:45:00,J-108,3,1,LOW
2024-01-29 02:00:00,J-101,5,2,LOW
2024-01-29 02:00:00,J-102,4,1,LOW
2024-01-29 02:00:00,J-103,3,1,LOW
2024-01-29 02:00:00,J-104,2,1,LOW
2024-01-29 02:00:00,J-105,1,1,LOW
2024-01-29 02:00:00,J-106,1,1,LOW
2024-01-29 02:00:00,J-107,0,0,LOW
2024-01-29 02:00:00,J-108,4,1,LOW
2024-01-29 02:15:00,J-101,4,1,LOW
2024-01-29 02:15:00,J-102,4,1,LOW
2024-01-29 02:15:00,J-103,2,1,LOW
2024-01-29 02:15:00,J-104,2,1,LOW
2024-01-29 02:15:00,J-105,1,1,LOW
2024-01-29 02:15:00,J-106,1,1,LOW
2024-01-29 02:15:00,J-107,0,0,LOW
2024-01-29 02:15:00,J-108,3,1,LOW
2024-01-29 02:30:00,J-101,4,1,LOW
2024-01-29 02:30:00,J-102,4,1,LOW
2024-01-29 02:30:00,J-103,3,1,LOW
2024-01-29 02:30:00,J-104,2,1,LOW
2024-01-29 02:30:00,J-105,1,1,LOW
2024-01-29 02:30:00,J-106,1,1,LOW
2024-01-29 02:30:00,J-107,0,0,LOW
2024-01-29 02:30:00,J-108,4,1,LOW
2024-01-29 02:45:00,J-101,4,1,LOW
2024-01-29 02:45:00,J-102,4,1,LOW
2024-01-29 02:45:00,J-103,2,1,LOW
2024-01-29 02:45:00,J-104,2,1,LOW
2024-01-29 02:45:00,J-105,1,1,LOW
2024-01-29 02:45:00,J-106,1,1,LOW
2024-01-29 02:45:00,J-107,0,0,LOW
2024-01-29 02:45:00,J-108,5,2,LOW
2024-01-29 03:00:00,J-101,2,0,LOW
2024-01-29 03:00:00,J-102,3,1,LOW
2024-01-29 03:00:00,J-103,1,0,LOW
2024-01-29 03:00:00,J-104,2,1,LOW
2024-01-29 03:00:00,J-105,0,0,LOW
2024-01-29 03:00:00,J-106,0,0,LOW
2024-01-29 03:00:00,J-107,0,0,LOW
2024-01-29 03:00:00,J-108,3,1,LOW
2024-01-29 03:15:00,J-101,5,2,LOW
2024-01-29 03:15:00,J-102,5,2,LOW
2024-01-29 03:15:00,J-103,3,1,LOW
2024-01-29 03:15:00,J-104,1,0,LOW
2024-01-29 03:15:00,J-105,1,1,LOW
2024-01-29 03:15:00,J-106,0,0,LOW
2024-01-29 03:15:00,J-107,0,0,LOW
2024-01-29 03:15:00,J-108,4,1,LOW
2024-01-29 03:30:00,J-101,4,1,LOW
2024-01-29 03:30:00,J-102,4,1,LOW
2024-01-29 03:30:00,J-103,2,1,LOW
2024-01-29 03:30:00,J-104,2,1,LOW
2024-01-29 03:30:00,J-105,1,1,LOW
2024-01-29 03:30:00,J-106,1,1,LOW
2024-01-29 03:30:00,J-107,1,2,LOW
2024-01-29 03:30:00,J-108,5,2,LOW
2024-01-29 03:45:00,J-101,4,1,LOW
2024-01-29 03:45:00,J-102,3,1,LOW
2024-01-29 03:45:00,J-103,3,1,LOW
2024-01-29 03:45:00,J-104,2,1,LOW
2024-01-29 03:45:00,J-105,1,1,LOW
2024-01-29 03:45:00,J-106,1,1,LOW
2024-01-29 03:45:00,J-107,1,2,LOW
2024-01-29 03:45:00,J-108,4,1,LOW
2024-01-29 04:00:00,J-101,5,2,LOW
2024-01-29 04:00:00,J-102,4,1,LOW
2024-01-29 04:00:00,J-103,2,1,LOW
2024-01-29 04:00:00,J-104,2,1,LOW
2024-01-29 04:00:00,J-105,1,1,LOW
2024-01-29 04:00:00,J-106,1,1,LOW
2024-01-29 04:00:00,J-107,0,0,LOW
2024-01-29 04:00:00,J-108,4,1,LOW
2024-01-29 04:15:00,J-101,4,1,LOW
2024-01-29 04:15:00,J-102,3,1,LOW
2024-01-29 04:15:00,J-103,2,1,LOW
2024-01-29 04:15:00,J-104,2,1,LOW
2024-01-29 04:15:00,J-105,1,1,LOW
2024-01-29 04:15:00,J-106,1,1,LOW
2024-01-29 04:15:00,J-107,0,0,LOW
2024-01-29 04:15:00,J-108,3,1,LOW
2024-01-29 04:30:00,J-101,4,1,LOW
2024-01-29 04:30:00,J-102,3,1,LOW
2024-01-29 04:30:00,J-103,2,1,LOW
2024-01-29 04:30:00,J-104,,1,LOW
2024-01-29 04:30:00,J-105,1,1,LOW
2024-01-29 04:30:00,J-106,,1,LOW
2024-01-29 04:30:00,J-107,1,2,LOW
2024-01-29 04:30:00,J-108,4,1,LOW
2024-01-29 04:45:00,J-101,3,1,LOW
2024-01-29 04:45:00,J-102,4,1,LOW
2024-01-29 04:45:00,J-103,2,1,LOW
2024-01-29 04:45:00,J-104,3,2,LOW
2024-01-29 04:45:00,J-105,1,1,LOW
2024-01-29 04:45:00,J-106,1,1,LOW
2024-01-29 04:45:00,J-107,0,0,LOW
2024-01-29 04:45:00,J-108,3,1,LOW
2024-01-29 05:00:00,J-101,5,2,LOW
2024-01-29 05:00:00,J-102,4,1,LOW
2024-01-29 05:00:00,J-103,3,1,LOW
2024-01-29 05:00:00,J-104,2,1,LOW
2024-01-29 05:00:00,J-105,1,1,LOW
2024-01-29 05:00:00,J-106,1,,LOW
2024-01-29 05:00:00,J-107,1,2,LOW
2024-01-29 05:00:00,J-108,4,1,LOW
2024-01-29 05:15:00,J-101,29,11,LOW
2024-01-29 05:15:00,J-102,24,11,LOW
2024-01-29 05:15:00,J-103,15,9,LOW
2024-01-29 05:15:00,J-104,18,13,LOW
2024-01-29 05:15:00,J-105,11,11,LOW
2024-01-29 05:15:00,J-106,7,11,LOW
2024-01-29 05:15:00,J-107,6,13,LOW
2024-01-29 05:15:00,J-108,34,14,LOW
2024-01-29 05:30:00,J-101,30,12,LOW
2024-01-29 05:30:00,J-102,23,10,LOW
2024-01-29 05:30:00,J-103,13,8,LOW
2024-01-29 05:30:00,J-104,19,13,LOW
2024-01-29 05:30:00,J-105,12,13,LOW
2024-01-29 05:30:00,J-106,7,11,LOW
2024-01-29 05:30:00,J-107,5,10,LOW
2024-01-29 05:30:00,J-108,25,10,LOW
2024-01-29 05:45:00,J-101,28,11,LOW
2024-01-29 05:45:00,J-102,28,13,LOW
2024-01-29 05:45:00,J-103,22,14,LOW
2024-01-29 05:45:00,J-104,20,14,LOW
2024-01-29 05:45:00,J-105,12,13,LOW
2024-01-29 05:45:00,J-106,7,11,LOW
2024-01-29 05:45:00,J-107,6,13,LOW
2024-01-29 05:45:00,J-108,25,10,LOW
2024-01-29 06:00:00,J-101,25,10,LOW
2024-01-29 06:00:00,J-102,24,11,LOW
2024-01-29 06:00:00,J-103,16,10,LOW
2024-01-29 06:00:00,J-104,14,10,LOW
2024-01-29 06:00:00,J-105,9,9,LOW
2024-01-29 06:00:00,J-106,7,11,LOW
2024-01-29 06:00:00,J-107,5,10,LOW
2024-01-29 06:00:00,J-108,20,8,LOW
2024-01-29 06:15:00,J-101,37,15,LOW
2024-01-29 06:15:00,J-102,30,13,LOW
2024-01-29 06:15:00,J-103,23,14,LOW
2024-01-29 06:15:00,J-104,19,13,LOW
2024-01-29 06:15:00,J-105,13,14,LOW
2024-01-29 06:15:00,J-106,8,13,LOW
2024-01-29 06:15:00,J-107,5,10,LOW
2024-01-29 06:15:00,J-108,33,14,LOW
2024-01-29 06:30:00,J-101,18,7,LOW
2024-01-29 06:30:00,J-102,18,8,LOW
2024-01-29 06:30:00,J-103,13,8,LOW
2024-01-29 06:30:00,J-104,10,7,LOW
2024-01-29 06:30:00,J-105,6,6,LOW
2024-01-29 06:30:00,J-106,4,6,LOW
2024-01-29 06:30:00,J-107,3,6,LOW
2024-01-29 06:30:00,J-108,15,6,LOW
2024-01-29 06:45:00,J-101,25,10,LOW
2024-01-29 06:45:00,J-102,21,9,LOW
2024-01-29 06:45:00,J-103,17,11,LOW
2024-01-29 06:45:00,J-104,13,9,LOW
2024-01-29 06:45:00,J-105,12,13,LOW
2024-01-29 06:45:00,J-106,6,9,LOW
2024-01-29 06:45:00,J-107,6,13,LOW
2024-01-29 06:45:00,J-108,22,9,LOW
2024-01-29 07:00:00,J-101,28,11,LOW
2024-01-29 07:00:00,J-102,31,14,LOW
2024-01-29 07:00:00,J-103,17,11,LOW
2024-01-29 07:00:00,J-104,13,9,LOW
2024-01-29 07:00:00,J-105,11,11,LOW
2024-01-29 07:00:00,J-106,8,13,LOW
2024-01-29 07:00:00,J-107,5,10,LOW
2024-01-29 07:00:00,J-108,34,14,LOW
2024-01-29 07:15:00,J-101,27,10,LOW
2024-01-29 07:15:00,J-102,26,12,LOW
2024-01-29 07:15:00,J-103,20,13,LOW
2024-01-29 07:15:00,J-104,20,14,LOW
2024-01-29 07:15:00,J-105,12,13,LOW
2024-01-29 07:15:00,J-106,7,11,LOW
2024-01-29 07:15:00,J-107,5,10,LOW
2024-01-29 07:15:00,J-108,29,12,LOW
2024-01-29 07:30:00,J-101,64,26,LOW
2024-01-29 07:30:00,J-102,66,30,LOW
2024-01-29 07:30:00,J-103,51,33,LOW
2024-01-29 07:30:00,J-104,36,26,LOW
2024-01-29 07:30:00,J-105,27,29,LOW
2024-01-29 07:30:00,J-106,19,30,LOW
2024-01-29 07:30:00,J-107,13,28,LOW
2024-01-29 07:30:00,J-108,69,29,LOW
2024-01-29 07:45:00,J-101,110,44,MODERATE
2024-01-29 07:45:00,J-102,71,32,LOW
2024-01-29 07:45:00,J-103,60,39,LOW
2024-01-29 07:45:00,J-104,59,42,MODERATE
2024-01-29 07:45:00,J-105,31,33,LOW
2024-01-29 07:45:00,J-106,24,39,LOW
2024-01-29 07:45:00,J-107,20,43,MODERATE
2024-01-29 07:45:00,J-108,93,40,MODERATE
2024-01-29 08:00:00,J-101,115,46,MODERATE
2024-01-29 08:00:00,J-102,83,38,LOW
2024-01-29 08:00:00,J-103,73,47,MODERATE
2024-01-29 08:00:00,J-104,67,48,MODERATE
2024-01-29 08:00:00,J-105,43,46,MODERATE
2024-01-29 08:00:00,J-106,29,47,MODERATE
2024-01-29 08:00:00,J-107,20,43,MODERATE
2024-01-29 08:00:00,J-108,112,48,MODERATE
2024-01-29 08:15:00,J-101,160,65,MODERATE
2024-01-29 08:15:00,J-102,91,42,MODERATE
2024-01-29 08:15:00,J-103,108,70,HIGH
2024-01-29 08:15:00,J-104,85,61,MODERATE
2024-01-29 08:15:00,J-105,71,76,HIGH
2024-01-29 08:15:00,J-106,36,58,MODERATE
2024-01-29 08:15:00,J-107,24,52,MODERATE
2024-01-29 08:15:00,J-108,131,56,MODERATE
2024-01-29 08:30:00,J-101,134,54,MODERATE
2024-01-29 08:30:00,J-102,121,56,MODERATE
2024-01-29 08:30:00,J-103,96,62,MODERATE
2024-01-29 08:30:00,J-104,88,63,MODERATE
2024-01-29 08:30:00,J-105,46,49,MODERATE
2024-01-29 08:30:00,J-106,37,60,MODERATE
2024-01-29 08:30:00,J-107,27,58,MODERATE
2024-01-29 08:30:00,J-108,96,41,MODERATE
2024-01-29 08:45:00,J-101,158,64,MODERATE
2024-01-29 08:45:00,J-102,143,66,MODERATE
2024-01-29 08:45:00,J-103,96,62,MODERATE
2024-01-29 08:45:00,J-104,76,54,MODERATE
2024-01-29 08:45:00,J-105,82,88,HIGH
2024-01-29 08:45:00,J-106,41,66,MODERATE
2024-01-29 08:45:00,J-107,36,78,HIGH
2024-01-29 08:45:00,J-108,137,59,MODERATE
2024-01-29 09:00:00,J-101,171,69,MODERATE
2024-01-29 09:00:00,J-102,134,62,MODERATE
2024-01-29 09:00:00,J-103,105,68,MODERATE
2024-01-29 09:00:00,J-104,72,52,MODERATE
2024-01-29 09:00:00,J-105,50,54,MODERATE
2024-01-29 09:00:00,J-106,33,53,MODERATE
2024-01-29 09:00:00,J-107,29,62,MODERATE
2024-01-29 09:00:00,J-108,147,63,MODERATE
2024-01-29 09:15:00,J-101,167,67,MODERATE
2024-01-29 09:15:00,J-102,140,65,MODERATE
2024-01-29 09:15:00,J-103,105,68,MODERATE
2024-01-29 09:15:00,J-104,89,64,MODERATE
2024-01-29 09:15:00,J-105,50,54,MODERATE
2024-01-29 09:15:00,J-106,30,48,MODERATE
2024-01-29 09:15:00,J-107,27,58,MODERATE
2024-01-29 09:15:00,J-108,138,59,MODERATE
2024-01-29 09:30:00,J-101,122,49,MODERATE
2024-01-29 09:30:00,J-102,116,53,MODERATE
2024-01-29 09:30:00,J-103,70,45,MODERATE
2024-01-29 09:30:00,J-104,63,45,MODERATE
2024-01-29 09:30:00,J-105,52,56,MODERATE
2024-01-29 09:30:00,J-106,33,53,MODERATE
2024-01-29 09:30:00,J-107,21,45,MODERATE
2024-01-29 09:30:00,J-108,115,49,MODERATE
2024-01-29 09:45:00,J-101,126,51,MODERATE
2024-01-29 09:45:00,J-102,83,38,LOW
2024-01-29 09:45:00,J-103,61,39,LOW
2024-01-29 09:45:00,J-104,56,40,MODERATE
2024-01-29 09:45:00,J-105,43,46,MODERATE
2024-01-29 09:45:00,J-106,27,43,MODERATE
2024-01-29 09:45:00,J-107,20,43,MODERATE
2024-01-29 09:45:00,J-108,85,36,LOW
2024-01-29 10:00:00,J-101,69,28,LOW
2024-01-29 10:00:00,J-102,79,36,LOW
2024-01-29 10:00:00,J-103,50,32,LOW
2024-01-29 10:00:00,J-104,46,33,LOW
2024-01-29 10:00:00,J-105,28,30,LOW
2024-01-29 10:00:00,J-106,19,30,LOW
2024-01-29 10:00:00,J-107,14,30,LOW
2024-01-29 10:00:00,J-108,68,29,LOW
2024-01-29 10:15:00,J-101,25,10,LOW
2024-01-29 10:15:00,J-102,22,10,LOW
2024-01-29 10:15:00,J-103,17,11,LOW
2024-01-29 10:15:00,J-104,14,10,LOW
2024-01-29 10:15:00,J-105,9,9,LOW
2024-01-29 10:15:00,J-106,7,11,LOW
2024-01-29 10:15:00,J-107,5,10,LOW
2024-01-29 10:15:00,J-108,23,9,LOW
2024-01-29 10:30:00,J-101,28,11,LOW
2024-01-29 10:30:00,J-102,23,10,LOW
2024-01-29 10:30:00,J-103,18,11,LOW
2024-01-29 10:30:00,J-104,22,15,LOW
2024-01-29 10:30:00,J-105,11,11,LOW
2024-01-29 10:30:00,J-106,7,11,LOW
2024-01-29 10:30:00,J-107,6,13,LOW
2024-01-29 10:30:00,J-108,32,13,LOW
2024-01-29 10:45:00,J-101,30,12,LOW
2024-01-29 10:45:00,J-102,22,10,LOW
2024-01-29 10:45:00,J-103,20,13,LOW
2024-01-29 10:45:00,J-104,17,12,LOW
2024-01-29 10:45:00,J-105,11,11,LOW
2024-01-29 10:45:00,J-106,8,13,LOW
2024-01-29 10:45:00,J-107,4,8,LOW
2024-01-29 10:45:00,J-108,24,10,LOW
2024-01-29 11:00:00,J-101,30,12,LOW
2024-01-29 11:00:00,J-102,31,14,LOW
2024-01-29 11:00:00,J-103,18,11,LOW
2024-01-29 11:00:00,J-104,19,13,LOW
2024-01-29 11:00:00,J-105,11,11,LOW
2024-01-29 11:00:00,J-106,6,9,LOW
2024-01-29 11:00:00,J-107,5,10,LOW
2024-01-29 11:00:00,J-108,30,13,LOW
2024-01-29 11:15:00,J-101,26,10,LOW
2024-01-29 11:15:00,J-102,18,8,LOW
2024-01-29 11:15:00,J-103,17,11,LOW
2024-01-29 11:15:00,J-104,16,11,LOW
2024-01-29 11:15:00,J-105,10,10,LOW
2024-01-29 11:15:00,J-106,7,11,LOW
2024-01-29 11:15:00,J-107,5,10,LOW
2024-01-29 11:15:00,J-108,31,13,LOW
2024-01-29 11:30:00,J-101,31,12,LOW
2024-01-29 11:30:00,J-102,26,12,LOW
2024-01-29 11:30:00,J-103,21,13,LOW
2024-01-29 11:30:00,J-104,17,12,LOW
2024-01-29 11:30:00,J-105,11,11,LOW
2024-01-29 11:30:00,J-106,7,11,LOW
2024-01-29 11:30:00,J-107,6,13,LOW
2024-01-29 11:30:00,J-108,24,10,LOW
2024-01-29 11:45:00,J-101,34,13,LOW
2024-01-29 11:45:00,J-102,25,11,LOW
2024-01-29 11:45:00,J-103,19,12,LOW
2024-01-29 11:45:00,J-104,18,13,LOW
2024-01-29 11:45:00,J-105,10,10,LOW
2024-01-29 11:45:00,J-106,8,13,LOW
2024-01-29 11:45:00,J-107,6,13,LOW
2024-01-29 11:45:00,J-108,30,13,LOW
2024-01-29 12:00:00,J-101,57,23,LOW
2024-01-29 12:00:00,J-102,50,23,LOW
2024-01-29 12:00:00,J-103,41,26,LOW
2024-01-29 12:00:00,J-104,,18,LOW
2024-01-29 12:00:00,J-105,24,26,LOW
2024-01-29 12:00:00,J-106,13,21,LOW
2024-01-29 12:00:00,J-107,11,23,LOW
2024-01-29 12:00:00,J-108,52,22,LOW
2024-01-29 12:15:00,J-101,57,23,LOW
2024-01-29 12:15:00,J-102,56,26,LOW
2024-01-29 12:15:00,J-103,44,28,LOW
2024-01-29 12:15:00,J-104,38,27,LOW
2024-01-29 12:15:00,J-105,28,30,LOW
2024-01-29 12:15:00,J-106,18,29,LOW
2024-01-29 12:15:00,J-107,14,30,LOW
2024-01-29 12:15:00,J-108,49,21,LOW
2024-01-29 12:30:00,J-101,47,19,LOW
2024-01-29 12:30:00,J-102,40,18,LOW
2024-01-29 12:30:00,J-103,29,18,LOW
2024-01-29 12:30:00,J-104,26,18,LOW
2024-01-29 12:30:00,J-105,15,16,LOW
2024-01-29 12:30:00,J-106,11,17,LOW
2024-01-29 12:30:00,J-107,8,17,LOW
2024-01-29 12:30:00,J-108,37,16,LOW
2024-01-29 12:45:00,J-101,63,25,LOW
2024-01-29 12:45:00,J-102,52,24,LOW
2024-01-29 12:45:00,J-103,36,23,LOW
2024-01-29 12:45:00,J-104,42,30,LOW
2024-01-29 12:45:00,J-105,25,27,LOW
2024-01-29 12:45:00,J-106,17,27,LOW
2024-01-29 12:45:00,J-107,13,28,LOW
2024-01-29 12:45:00,J-108,69,29,LOW
2024-01-29 13:00:00,J-101,64,26,LOW
2024-01-29 13:00:00,J-102,56,26,LOW
2024-01-29 13:00:00,J-103,41,26,LOW
2024-01-29 13:00:00,J-104,26,18,LOW
2024-01-29 13:00:00,J-105,18,19,LOW
2024-01-29 13:00:00,J-106,14,22,LOW
2024-01-29 13:00:00,J-107,12,26,LOW
2024-01-29 13:00:00,J-108,49,21,LOW
2024-01-29 13:15:00,J-101,74,30,LOW
2024-01-29 13:15:00,J-102,61,28,LOW
2024-01-29 13:15:00,J-103,37,24,LOW
2024-01-29 13:15:00,J-104,44,31,LOW
2024-01-29 13:15:00,J-105,28,30,LOW
2024-01-29 13:15:00,J-106,17,27,LOW
2024-01-29 13:15:00,J-107,10,21,LOW
2024-01-29 13:15:00,J-108,63,27,LOW
2024-01-29 13:30:00,J-101,61,24,LOW
2024-01-29 13:30:00,J-102,42,19,LOW
2024-01-29 13:30:00,J-103,43,27,LOW
2024-01-29 13:30:00,J-104,34,24,LOW
2024-01-29 13:30:00,J-105,21,22,LOW
2024-01-29 13:30:00,J-106,17,27,LOW
2024-01-29 13:30:00,J-107,10,21,LOW
2024-01-29 13:30:00,J-108,65,28,LOW
2024-01-29 13:45:00,J-101,31,12,LOW
2024-01-29 13:45:00,J-102,25,11,LOW
2024-01-29 13:45:00,J-103,20,13,LOW
2024-01-29 13:45:00,J-104,12,8,LOW
2024-01-29 13:45:00,J-105,8,8,LOW
2024-01-29 13:45:00,J-106,6,9,LOW
2024-01-29 13:45:00,J-107,5,10,LOW
2024-01-29 13:45:00,J-108,29,12,LOW
2024-01-29 14:00:00,J-101,21,8,LOW
2024-01-29 14:00:00,J-102,27,12,LOW
2024-01-29 14:00:00,J-103,20,13,LOW
2024-01-29 14:00:00,J-104,18,13,LOW
2024-01-29 14:00:00,J-105,12,13,LOW
2024-01-29 14:00:00,J-106,8,13,LOW
2024-01-29 14:00:00,J-107,6,13,LOW
2024-01-29 14:00:00,J-108,29,12,LOW
2024-01-29 14:15:00,J-101,27,10,LOW
2024-01-29 14:15:00,J-102,21,9,LOW
2024-01-29 14:15:00,J-103,18,11,LOW
2024-01-29 14:15:00,J-104,18,13,LOW
2024-01-29 14:15:00,J-105,10,10,LOW
2024-01-29 14:15:00,J-106,7,11,LOW
2024-01-29 14:15:00,J-107,5,10,LOW
2024-01-29 14:15:00,J-108,30,13,LOW
2024-01-29 14:30:00,J-101,15,6,LOW
2024-01-29 14:30:00,J-102,21,9,LOW
2024-01-29 14:30:00,J-103,15,9,LOW
2024-01-29 14:30:00,J-104,13,9,LOW
2024-01-29 14:30:00,J-105,7,7,LOW
2024-01-29 14:30:00,J-106,6,9,LOW
2024-01-29 14:30:00,J-107,3,6,LOW
2024-01-29 14:30:00,J-108,22,9,LOW
2024-01-29 14:45:00,J-101,31,12,LOW
2024-01-29 14:45:00,J-102,26,12,LOW
2024-01-29 14:45:00,J-103,18,11,LOW
2024-01-29 14:45:00,J-104,14,10,LOW
2024-01-29 14:45:00,J-105,11,11,LOW
2024-01-29 14:45:00,J-106,8,13,LOW
2024-01-29 14:45:00,J-107,6,13,LOW
2024-01-29 14:45:00,J-108,28,12,LOW
2024-01-29 15:00:00,J-101,16,6,LOW
2024-01-29 15:00:00,J-102,21,9,LOW
2024-01-29 15:00:00,J-103,13,8,LOW
2024-01-29 15:00:00,J-104,10,7,LOW
2024-01-29 15:00:00,J-105,8,8,LOW
2024-01-29 15:00:00,J-106,5,8,LOW
2024-01-29 15:00:00,J-107,3,6,LOW
2024-01-29 15:00:00,J-108,18,7,LOW
2024-01-29 15:15:00,J-101,30,12,LOW
2024-01-29 15:15:00,J-102,25,11,LOW
2024-01-29 15:15:00,J-103,14,9,LOW
2024-01-29 15:15:00,J-104,13,9,LOW
2024-01-29 15:15:00,J-105,11,11,LOW
2024-01-29 15:15:00,J-106,6,9,LOW
2024-01-29 15:15:00,J-107,5,10,LOW
2024-01-29 15:15:00,J-108,29,12,LOW
2024-01-29 15:30:00,J-101,28,11,LOW
2024-01-29 15:30:00,J-102,27,12,LOW
2024-01-29 15:30:00,J-103,20,13,LOW
2024-01-29 15:30:00,J-104,16,11,LOW
2024-01-29 15:30:00,J-105,11,11,LOW
2024-01-29 15:30:00,J-106,7,11,LOW
2024-01-29 15:30:00,J-107,4,8,LOW
2024-01-29 15:30:00,J-108,20,8,LOW
2024-01-29 15:45:00,J-101,34,13,LOW
2024-01-29 15:45:00,J-102,27,12,LOW
2024-01-29 15:45:00,J-103,20,13,LOW
2024-01-29 15:45:00,J-104,16,11,LOW
2024-01-29 15:45:00,J-105,12,13,LOW
2024-01-29 15:45:00,J-106,9,14,LOW
2024-01-29 15:45:00,J-107,5,10,LOW
2024-01-29 15:45:00,J-108,27,11,LOW
2024-01-29 16:00:00,J-101,39,15,LOW
2024-01-29 16:00:00,J-102,29,13,LOW
2024-01-29 16:00:00,J-103,25,16,LOW
2024-01-29 16:00:00,J-104,17,12,LOW
2024-01-29 16:00:00,J-105,10,10,LOW
2024-01-29 16:00:00,J-106,8,13,LOW
2024-01-29 16:00:00,J-107,5,10,LOW
2024-01-29 16:00:00,J-108,29,12,LOW
2024-01-29 16:15:00,J-101,36,14,LOW
2024-01-29 16:15:00,J-102,25,11,LOW
2024-01-29 16:15:00,J-103,15,9,LOW
2024-01-29 16:15:00,J-104,17,12,LOW
2024-01-29 16:15:00,J-105,11,11,LOW
2024-01-29 16:15:00,J-106,7,11,LOW
2024-01-29 16:15:00,J-107,6,13,LOW
2024-01-29 16:15:00,J-108,26,11,LOW
2024-01-29 16:30:00,J-101,107,43,MODERATE
2024-01-29 16:30:00,J-102,78,36,LOW
2024-01-29 16:30:00,J-103,73,47,MODERATE
2024-01-29 16:30:00,J-104,46,33,LOW
2024-01-29 16:30:00,J-105,43,46,MODERATE
2024-01-29 16:30:00,J-106,25,40,MODERATE
2024-01-29 16:30:00,J-107,16,34,LOW
2024-01-29 16:30:00,J-108,85,36,LOW
2024-01-29 16:45:00,J-101,104,42,MODERATE
2024-01-29 16:45:00,J-102,68,31,LOW
2024-01-29 16:45:00,J-103,66,42,MODERATE
2024-01-29 16:45:00,J-104,64,46,MODERATE
2024-01-29 16:45:00,J-105,39,42,MODERATE
2024-01-29 16:45:00,J-106,27,43,MODERATE
2024-01-29 16:45:00,J-107,22,47,MODERATE
2024-01-29 16:45:00,J-108,96,41,MODERATE
2024-01-29 17:00:00,J-101,89,36,LOW
2024-01-29 17:00:00,J-102,94,43,MODERATE
2024-01-29 17:00:00,J-103,66,42,MODERATE
2024-01-29 17:00:00,J-104,61,44,MODERATE
2024-01-29 17:00:00,J-105,48,52,MODERATE
2024-01-29 17:00:00,J-106,24,39,LOW
2024-01-29 17:00:00,J-107,20,43,MODERATE
2024-01-29 17:00:00,J-108,83,35,LOW
2024-01-29 17:15:00,J-101,113,45,MODERATE
2024-01-29 17:15:00,J-102,,53,MODERATE
2024-01-29 17:15:00,J-103,97,63,MODERATE
2024-01-29 17:15:00,J-104,76,54,MODERATE
2024-01-29 17:15:00,J-105,41,44,MODERATE
2024-01-29 17:15:00,J-106,33,53,MODERATE
2024-01-29 17:15:00,J-107,23,49,MODERATE
2024-01-29 17:15:00,J-108,110,47,MODERATE
2024-01-29 17:30:00,J-101,100,40,MODERATE
2024-01-29 17:30:00,J-102,91,42,MODERATE
2024-01-29 17:30:00,J-103,57,37,LOW
2024-01-29 17:30:00,J-104,56,40,MODERATE
2024-01-29 17:30:00,J-105,28,30,LOW
2024-01-29 17:30:00,J-106,27,43,MODERATE
2024-01-29 17:30:00,J-107,14,30,LOW
2024-01-29 17:30:00,J-108,97,42,MODERATE
2024-01-29 17:45:00,J-101,183,74,HIGH
2024-01-29 17:45:00,J-102,132,61,MODERATE
2024-01-29 17:45:00,J-103,100,65,MODERATE
2024-01-29 17:45:00,J-104,79,57,MODERATE
2024-01-29 17:45:00,J-105,56,60,MODERATE
2024-01-29 17:45:00,J-106,42,68,MODERATE
2024-01-29 17:45:00,J-107,28,60,MODERATE
2024-01-29 17:45:00,J-108,142,61,MODERATE
2024-01-29 18:00:00,J-101,158,64,MODERATE
2024-01-29 18:00:00,J-102,119,55,MODERATE
2024-01-29 18:00:00,J-103,96,62,MODERATE
2024-01-29 18:00:00,J-104,80,57,MODERATE
2024-01-29 18:00:00,J-105,51,55,MODERATE
2024-01-29 18:00:00,J-106,33,53,MODERATE
2024-01-29 18:00:00,J-107,24,52,MODERATE
2024-01-29 18:00:00,J-108,127,55,MODERATE
2024-01-29 18:15:00,J-101,139,56,MODERATE
2024-01-29 18:15:00,J-102,143,66,MODERATE
2024-01-29 18:15:00,J-103,99,64,MODERATE
2024-01-29 18:15:00,J-104,89,64,MODERATE
2024-01-29 18:15:00,J-105,55,59,MODERATE
2024-01-29 18:15:00,J-106,33,53,MODERATE
2024-01-29 18:15:00,J-107,29,62,MODERATE
2024-01-29 18:15:00,J-108,166,71,HIGH
2024-01-29 18:30:00,J-101,137,55,MODERATE
2024-01-29 18:30:00,J-102,137,63,MODERATE
2024-01-29 18:30:00,J-103,81,52,MODERATE
2024-01-29 18:30:00,J-104,59,42,MODERATE
2024-01-29 18:30:00,J-105,55,59,MODERATE
2024-01-29 18:30:00,J-106,33,53,MODERATE
2024-01-29 18:30:00,J-107,28,60,MODERATE
2024-01-29 18:30:00,J-108,130,56,MODERATE
2024-01-29 18:45:00,J-101,122,49,MODERATE
2024-01-29 18:45:00,J-102,116,53,MODERATE
2024-01-29 18:45:00,J-103,73,47,MODERATE
2024-01-29 18:45:00,J-104,68,49,MODERATE
2024-01-29 18:45:00,J-105,44,47,MODERATE
2024-01-29 18:45:00,J-106,34,55,MODERATE
2024-01-29 18:45:00,J-107,24,52,MODERATE
2024-01-29 18:45:00,J-108,115,49,MODERATE
2024-01-29 19:00:00,J-101,132,53,MODERATE
2024-01-29 19:00:00,J-102,130,60,MODERATE
2024-01-29 19:00:00,J-103,81,52,MODERATE
2024-01-29 19:00:00,J-104,64,46,MODERATE
2024-01-29 19:00:00,J-105,35,37,LOW
2024-01-29 19:00:00,J-106,28,45,MODERATE
2024-01-29 19:00:00,J-107,28,60,MODERATE
2024-01-29 19:00:00,J-108,127,55,MODERATE
2024-01-29 19:15:00,J-101,125,50,MODERATE
2024-01-29 19:15:00,J-102,65,30,LOW
2024-01-29 19:15:00,J-103,74,48,MODERATE
2024-01-29 19:15:00,J-104,65,46,MODERATE
2024-01-29 19:15:00,J-105,32,34,LOW
2024-01-29 19:15:00,J-106,22,35,LOW
2024-01-29 19:15:00,J-107,17,36,LOW
2024-01-29 19:15:00,J-108,90,39,LOW
2024-01-29 19:30:00,J-101,103,41,MODERATE
2024-01-29 19:30:00,J-102,89,41,MODERATE
2024-01-29 19:30:00,J-103,51,33,LOW
2024-01-29 19:30:00,J-104,58,41,MODERATE
2024-01-29 19:30:00,J-105,35,37,LOW
2024-01-29 19:30:00,J-106,21,34,LOW
2024-01-29 19:30:00,J-107,20,43,MODERATE
2024-01-29 19:30:00,J-108,88,38,LOW
2024-01-29 19:45:00,J-101,24,9,LOW
2024-01-29 19:45:00,J-102,21,9,LOW
2024-01-29 19:45:00,J-103,18,11,LOW
2024-01-29 19:45:00,J-104,19,13,LOW
2024-01-29 19:45:00,J-105,,10,LOW
2024-01-29 19:45:00,J-106,6,9,LOW
2024-01-29 19:45:00,J-107,5,10,LOW
2024-01-29 19:45:00,J-108,21,9,LOW
2024-01-29 20:00:00,J-101,31,12,LOW
2024-01-29 20:00:00,J-102,27,12,LOW
2024-01-29 20:00:00,J-103,20,13,LOW
2024-01-29 20:00:00,J-104,15,10,LOW
2024-01-29 20:00:00,J-105,13,14,LOW
2024-01-29 20:00:00,J-106,6,9,LOW
2024-01-29 20:00:00,J-107,5,10,LOW
2024-01-29 20:00:00,J-108,32,13,LOW
2024-01-29 20:15:00,J-101,28,11,LOW
2024-01-29 20:15:00,J-102,23,10,LOW
2024-01-29 20:15:00,J-103,16,10,LOW
2024-01-29 20:15:00,J-104,11,7,LOW
2024-01-29 20:15:00,J-105,10,10,LOW
2024-01-29 20:15:00,J-106,7,11,LOW
2024-01-29 20:15:00,J-107,5,10,LOW
2024-01-29 20:15:00,J-108,27,11,LOW
2024-01-29 20:30:00,J-101,28,11,LOW
2024-01-29 20:30:00,J-102,22,10,LOW
2024-01-29 20:30:00,J-103,14,9,LOW
2024-01-29 20:30:00,J-104,16,11,LOW
2024-01-29 20:30:00,J-105,9,9,LOW
2024-01-29 20:30:00,J-106,6,9,LOW
2024-01-29 20:30:00,J-107,4,8,LOW
2024-01-29 20:30:00,J-108,27,11,LOW
2024-01-29 20:45:00,J-101,19,7,LOW
2024-01-29 20:45:00,J-102,18,8,LOW
2024-01-29 20:45:00,J-103,14,9,LOW
2024-01-29 20:45:00,J-104,10,7,LOW
2024-01-29 20:45:00,J-105,7,7,LOW
2024-01-29 20:45:00,J-106,3,4,LOW
2024-01-29 20:45:00,J-107,3,6,LOW
2024-01-29 20:45:00,J-108,18,7,LOW
2024-01-29 21:00:00,J-101,32,13,LOW
2024-01-29 21:00:00,J-102,26,12,LOW
2024-01-29 21:00:00,J-103,18,11,LOW
2024-01-29 21:00:00,J-104,18,,LOW
2024-01-29 21:00:00,J-105,12,13,LOW
2024-01-29 21:00:00,J-106,7,11,LOW
2024-01-29 21:00:00,J-107,5,10,LOW
2024-01-29 21:00:00,J-108,26,11,LOW
2024-01-29 21:15:00,J-101,38,15,LOW
2024-01-29 21:15:00,J-102,28,13,LOW
2024-01-29 21:15:00,J-103,23,14,LOW
2024-01-29 21:15:00,J-104,19,13,LOW
2024-01-29 21:15:00,J-105,12,13,LOW
2024-01-29 21:15:00,J-106,7,11,LOW
2024-01-29 21:15:00,J-107,5,10,LOW
2024-01-29 21:15:00,J-108,28,12,LOW
2024-01-29 21:30:00,J-101,33,13,LOW
2024-01-29 21:30:00,J-102,23,10,LOW
2024-01-29 21:30:00,J-103,16,10,LOW
2024-01-29 21:30:00,J-104,24,17,LOW
2024-01-29 21:30:00,J-105,10,10,LOW
2024-01-29 21:30:00,J-106,7,11,LOW
2024-01-29 21:30:00,J-107,5,10,LOW
2024-01-29 21:30:00,J-108,,11,LOW
2024-01-29 21:45:00,J-101,37,15,LOW
2024-01-29 21:45:00,J-102,27,12,LOW
2024-01-29 21:45:00,J-103,18,11,LOW
2024-01-29 21:45:00,J-104,18,13,LOW
2024-01-29 21:45:00,J-105,13,14,LOW
2024-01-29 21:45:00,J-106,9,14,LOW
2024-01-29 21:45:00,J-107,6,13,LOW
2024-01-29 21:45:00,J-108,24,10,LOW
2024-01-29 22:00:00,J-101,32,13,LOW
2024-01-29 22:00:00,J-102,23,10,LOW
2024-01-29 22:00:00,J-103,18,11,LOW
2024-01-29 22:00:00,J-104,17,12,LOW
2024-01-29 22:00:00,J-105,11,11,LOW
2024-01-29 22:00:00,J-106,6,9,LOW
2024-01-29 22:00:00,J-107,6,13,LOW
2024-01-29 22:00:00,J-108,30,13,LOW
2024-01-29 22:15:00,J-101,30,12,LOW
2024-01-29 22:15:00,J-102,28,13,LOW
2024-01-29 22:15:00,J-103,19,12,LOW
2024-01-29 22:15:00,J-104,16,11,LOW
2024-01-29 22:15:00,J-105,11,11,LOW
2024-01-29 22:15:00,J-106,7,11,LOW
2024-01-29 22:15:00,J-107,7,15,LOW
2024-01-29 22:15:00,J-108,27,11,LOW
2024-01-29 22:30:00,J-101,28,11,LOW
2024-01-29 22:30:00,J-102,19,8,LOW
2024-01-29 22:30:00,J-103,17,11,LOW
2024-01-29 22:30:00,J-104,12,8,LOW
2024-01-29 22:30:00,J-105,10,10,LOW
2024-01-29 22:30:00,J-106,7,11,LOW
2024-01-29 22:30:00,J-107,3,6,LOW
2024-01-29 22:30:00,J-108,30,13,LOW
2024-01-29 22:45:00,J-101,18,7,LOW
2024-01-29 22:45:00,J-102,16,7,LOW
2024-01-29 22:45:00,J-103,12,7,LOW
2024-01-29 22:45:00,J-104,10,7,LOW
2024-01-29 22:45:00,J-105,8,8,LOW
2024-01-29 22:45:00,J-106,4,6,LOW
2024-01-29 22:45:00,J-107,4,8,LOW
2024-01-29 22:45:00,J-108,21,9,LOW
2024-01-29 23:00:00,J-101,31,12,LOW
2024-01-29 23:00:00,J-102,26,12,LOW
2024-01-29 23:00:00,J-103,21,13,LOW
2024-01-29 23:00:00,J-104,18,13,LOW
2024-01-29 23:00:00,J-105,12,13,LOW
2024-01-29 23:00:00,J-106,8,13,LOW
2024-01-29 23:00:00,J-107,5,10,LOW
2024-01-29 23:00:00,J-108,36,15,LOW
2024-01-29 23:15:00,J-101,32,13,LOW
2024-01-29 23:15:00,J-102,24,11,LOW
2024-01-29 23:15:00,J-103,22,14,LOW
2024-01-29 23:15:00,J-104,17,12,LOW
2024-01-29 23:15:00,J-105,15,16,LOW
2024-01-29 23:15:00,J-106,7,11,LOW
2024-01-29 23:15:00,J-107,6,13,LOW
2024-01-29 23:15:00,J-108,31,13,LOW
2024-01-29 23:30:00,J-101,26,10,LOW
2024-01-29 23:30:00,J-102,34,15,LOW
2024-01-29 23:30:00,J-103,18,11,LOW
2024-01-29 23:30:00,J-104,19,13,LOW
2024-01-29 23:30:00,J-105,13,14,LOW
2024-01-29 23:30:00,J-106,9,14,LOW
2024-01-29 23:30:00,J-107,6,13,LOW
2024-01-29 23:30:00,J-108,30,13,LOW
2024-01-29 23:45:00,J-101,20,8,LOW
2024-01-29 23:45:00,J-102,14,6,LOW
2024-01-29 23:45:00,J-103,9,5,LOW
2024-01-29 23:45:00,J-104,11,7,LOW
2024-01-29 23:45:00,J-105,8,8,LOW
2024-01-29 23:45:00,J-106,,8,LOW
2024-01-29 23:45:00,J-107,3,6,LOW
2024-01-29 23:45:00,J-108,21,9,LOW
2024-01-30 00:00:00,J-101,27,10,LOW
2024-01-30 00:00:00,J-102,25,11,LOW
2024-01-30 00:00:00,J-103,14,9,LOW
2024-01-30 00:00:00,J-104,17,12,LOW
2024-01-30 00:00:00,J-105,10,10,LOW
2024-01-30 00:00:00,J-106,6,9,LOW
2024-01-30 00:00:00,J-107,6,13,LOW
2024-01-30 00:00:00,J-108,23,9,LOW
2024-01-30 00:15:00,J-101,26,10,LOW
2024-01-30 00:15:00,J-102,25,11,LOW
2024-01-30 00:15:00,J-103,22,14,LOW
2024-01-30 00:15:00,J-104,,13,LOW
2024-01-30 00:15:00,J-105,11,11,LOW
2024-01-30 00:15:00,J-106,8,13,LOW
2024-01-30 00:15:00,J-107,6,13,LOW
2024-01-30 00:15:00,J-108,26,11,LOW
2024-01-30 00:30:00,J-101,22,8,LOW
2024-01-30 00:30:00,J-102,22,10,LOW
2024-01-30 00:30:00,J-103,18,11,LOW
2024-01-30 00:30:00,J-104,17,12,LOW
2024-01-30 00:30:00,J-105,9,9,LOW
2024-01-30 00:30:00,J-106,5,8,LOW
2024-01-30 00:30:00,J-107,4,8,LOW
2024-01-30 00:30:00,J-108,20,8,LOW
2024-01-30 00:45:00,J-101,22,8,LOW
2024-01-30 00:45:00,J-102,30,13,LOW
2024-01-30 00:45:00,J-103,21,13,LOW
2024-01-30 00:45:00,J-104,15,10,LOW
2024-01-30 00:45:00,J-105,10,10,LOW
2024-01-30 00:45:00,J-106,7,11,LOW
2024-01-30 00:45:00,J-107,5,10,LOW
2024-01-30 00:45:00,J-108,24,10,LOW
2024-01-30 01:00:00,J-101,4,1,LOW
2024-01-30 01:00:00,J-102,3,1,LOW
2024-01-30 01:00:00,J-103,2,1,LOW
2024-01-30 01:00:00,J-104,2,1,LOW
2024-01-30 01:00:00,J-105,1,1,LOW
2024-01-30 01:00:00,J-106,1,1,LOW
2024-01-30 01:00:00,J-107,0,0,LOW
2024-01-30 01:00:00,J-108,4,1,LOW
2024-01-30 01:15:00,J-101,3,1,LOW
2024-01-30 01:15:00,J-102,3,1,LOW
2024-01-30 01:15:00,J-103,2,1,LOW
2024-01-30 01:15:00,J-104,2,1,LOW
2024-01-30 01:15:00,J-105,2,2,LOW
2024-01-30 01:15:00,J-106,1,1,LOW
2024-01-30 01:15:00,J-107,0,0,LOW
2024-01-30 01:15:00,J-108,4,1,LOW
2024-01-30 01:30:00,J-101,5,2,LOW
2024-01-30 01:30:00,J-102,4,1,LOW
2024-01-30 01:30:00,J-103,3,1,LOW
2024-01-30 01:30:00,J-104,2,1,LOW
2024-01-30 01:30:00,J-105,1,1,LOW
2024-01-30 01:30:00,J-106,1,1,LOW
2024-01-30 01:30:00,J-107,0,0,LOW
2024-01-30 01:30:00,J-108,4,1,LOW
2024-01-30 01:45:00,J-101,4,1,LOW
2024-01-30 01:45:00,J-102,4,1,LOW
2024-01-30 01:45:00,J-103,2,1,LOW
2024-01-30 01:45:00,J-104,2,1,LOW
2024-01-30 01:45:00,J-105,1,1,LOW
2024-01-30 01:45:00,J-106,0,0,LOW
2024-01-30 01:45:00,J-107,0,0,LOW
2024-01-30 01:45:00,J-108,4,1,LOW
2024-01-30 02:00:00,J-101,3,1,LOW
2024-01-30 02:00:00,J-102,2,0,LOW
2024-01-30 02:00:00,J-103,1,0,LOW
2024-01-30 02:00:00,J-104,2,1,LOW
2024-01-30 02:00:00,J-105,1,1,LOW
2024-01-30 02:00:00,J-106,0,0,LOW
2024-01-30 02:00:00,J-107,0,0,LOW
2024-01-30 02:00:00,J-108,2,0,LOW
2024-01-30 02:15:00,J-101,4,1,LOW
2024-01-30 02:15:00,J-102,4,1,LOW
2024-01-30 02:15:00,J-103,2,1,LOW
2024-01-30 02:15:00,J-104,2,1,LOW
2024-01-30 02:15:00,J-105,1,1,LOW
2024-01-30 02:15:00,J-106,1,1,LOW
2024-01-30 02:15:00,J-107,0,0,LOW
2024-01-30 02:15:00,J-108,4,1,LOW
2024-01-30 02:30:00,J-101,5,2,LOW
2024-01-30 02:30:00,J-102,4,1,LOW
2024-01-30 02:30:00,J-103,3,1,LOW
2024-01-30 02:30:00,J-104,3,2,LOW
2024-01-30 02:30:00,J-105,1,1,LOW
2024-01-30 02:30:00,J-106,1,1,LOW
2024-01-30 02:30:00,J-107,0,0,LOW
2024-01-30 02:30:00,J-108,3,1,LOW
2024-01-30 02:45:00,J-101,3,1,LOW
2024-01-30 02:45:00,J-102,3,1,LOW
2024-01-30 02:45:00,J-103,2,1,LOW
2024-01-30 02:45:00,J-104,1,0,LOW
2024-01-30 02:45:00,J-105,1,1,LOW
2024-01-30 02:45:00,J-106,0,0,LOW
2024-01-30 02:45:00,J-107,0,0,LOW
2024-01-30 02:45:00,J-108,,0,LOW
2024-01-30 03:00:00,J-101,4,1,LOW
2024-01-30 03:00:00,J-102,3,1,LOW
2024-01-30 03:00:00,J-103,2,1,LOW
2024-01-30 03:00:00,J-104,2,1,LOW
2024-01-30 03:00:00,J-105,1,1,LOW
2024-01-30 03:00:00,J-106,1,1,LOW
2024-01-30 03:00:00,J-107,0,0,LOW
2024-01-30 03:00:00,J-108,4,1,LOW
2024-01-30 03:15:00,J-101,4,1,LOW
2024-01-30 03:15:00,J-102,3,1,LOW
2024-01-30 03:15:00,J-103,2,1,LOW
2024-01-30 03:15:00,J-104,2,1,LOW
2024-01-30 03:15:00,J-105,1,1,LOW
2024-01-30 03:15:00,J-106,0,0,LOW
2024-01-30 03:15:00,J-107,0,0,LOW
2024-01-30 03:15:00,J-108,3,1,LOW
2024-01-30 03:30:00,J-101,3,1,LOW
2024-01-30 03:30:00,J-102,3,1,LOW
2024-01-30 03:30:00,J-103,2,1,LOW
2024-01-30 03:30:00,J-104,2,1,LOW
2024-01-30 03:30:00,J-105,1,1,LOW
2024-01-30 03:30:00,J-106,0,0,LOW
2024-01-30 03:30:00,J-107,0,0,LOW
2024-01-30 03:30:00,J-108,3,1,LOW
2024-01-30 03:45:00,J-101,4,1,LOW
2024-01-30 03:45:00,J-102,4,1,LOW
2024-01-30 03:45:00,J-103,3,1,LOW
2024-01-30 03:45:00,J-104,3,2,LOW
2024-01-30 03:45:00,J-105,1,1,LOW
2024-01-30 03:45:00,J-106,1,1,LOW
2024-01-30 03:45:00,J-107,0,0,LOW
2024-01-30 03:45:00,J-108,5,2,LOW
2024-01-30 04:00:00,J-101,3,1,LOW
2024-01-30 04:00:00,J-102,3,1,LOW
2024-01-30 04:00:00,J-103,2,1,LOW
2024-01-30 04:00:00,J-104,2,1,LOW
2024-01-30 04:00:00,J-105,1,1,LOW
2024-01-30 04:00:00,J-106,0,0,LOW
2024-01-30 04:00:00,J-107,0,0,LOW
2024-01-30 04:00:00,J-108,4,1,LOW
2024-01-30 04:15:00,J-101,4,1,LOW
2024-01-30 04:15:00,J-102,3,1,LOW
2024-01-30 04:15:00,J-103,2,1,LOW
2024-01-30 04:15:00,J-104,2,1,LOW
2024-01-30 04:15:00,J-105,1,1,LOW
2024-01-30 04:15:00,J-106,1,1,LOW
2024-01-30 04:15:00,J-107,0,0,LOW
2024-01-30 04:15:00,J-108,3,1,LOW
2024-01-30 04:30:00,J-101,3,1,LOW
2024-01-30 04:30:00,J-102,4,1,LOW
2024-01-30 04:30:00,J-103,2,1,LOW
2024-01-30 04:30:00,J-104,2,1,LOW
2024-01-30 04:30:00,J-105,1,1,LOW
2024-01-30 04:30:00,J-106,1,1,LOW
2024-01-30 04:30:00,J-107,0,0,LOW
2024-01-30 04:30:00,J-108,3,1,LOW
2024-01-30 04:45:00,J-101,2,0,LOW
2024-01-30 04:45:00,J-102,2,0,LOW
2024-01-30 04:45:00,J-103,2,1,LOW
2024-01-30 04:45:00,J-104,1,,LOW
2024-01-30 04:45:00,J-105,0,0,LOW
2024-01-30 04:45:00,J-106,0,0,LOW
2024-01-30 04:45:00,J-107,0,0,LOW
2024-01-30 04:45:00,J-108,2,0,LOW
2024-01-30 05:00:00,J-101,3,1,LOW
2024-01-30 05:00:00,J-102,4,1,LOW
2024-01-30 05:00:00,J-103,3,1,LOW
2024-01-30 05:00:00,J-104,2,1,LOW
2024-01-30 05:00:00,J-105,2,2,LOW
2024-01-30 05:00:00,J-106,1,1,LOW
2024-01-30 05:00:00,J-107,0,0,LOW
2024-01-30 05:00:00,J-108,4,1,LOW
2024-01-30 05:15:00,J-101,36,14,LOW
2024-01-30 05:15:00,J-102,30,13,LOW
2024-01-30 05:15:00,J-103,18,11,LOW
2024-01-30 05:15:00,J-104,20,,LOW
2024-01-30 05:15:00,J-105,9,9,LOW
2024-01-30 05:15:00,J-106,8,13,LOW
2024-01-30 05:15:00,J-107,6,13,LOW
2024-01-30 05:15:00,J-108,35,15,LOW
2024-01-30 05:30:00,J-101,25,10,LOW
2024-01-30 05:30:00,J-102,24,11,LOW
2024-01-30 05:30:00,J-103,16,10,LOW
2024-01-30 05:30:00,J-104,9,6,LOW
2024-01-30 05:30:00,J-105,9,9,LOW
2024-01-30 05:30:00,J-106,8,13,LOW
2024-01-30 05:30:00,J-107,6,13,LOW
2024-01-30 05:30:00,J-108,24,10,LOW
2024-01-30 05:45:00,J-101,28,11,LOW
2024-01-30 05:45:00,J-102,24,11,LOW
2024-01-30 05:45:00,J-103,16,10,LOW
2024-01-30 05:45:00,J-104,16,11,LOW
2024-01-30 05:45:00,J-105,10,10,LOW
2024-01-30 05:45:00,J-106,6,9,LOW
2024-01-30 05:45:00,J-107,4,8,LOW
2024-01-30 05:45:00,J-108,26,11,LOW
2024-01-30 06:00:00,J-101,38,15,LOW
2024-01-30 06:00:00,J-102,27,12,LOW
2024-01-30 06:00:00,J-103,21,13,LOW
2024-01-30 06:00:00,J-104,20,14,LOW
2024-01-30 06:00:00,J-105,13,14,LOW
2024-01-30 06:00:00,J-106,8,13,LOW
2024-01-30 06:00:00,J-107,5,10,LOW
2024-01-30 06:00:00,J-108,26,11,LOW
2024-01-30 06:15:00,J-101,31,12,LOW
2024-01-30 06:15:00,J-102,26,12,LOW
2024-01-30 06:15:00,J-103,22,14,LOW
2024-01-30 06:15:00,J-104,15,10,LOW
2024-01-30 06:15:00,J-105,12,13,LOW
2024-01-30 06:15:00,J-106,7,11,LOW
2024-01-30 06:15:00,J-107,5,10,LOW
2024-01-30 06:15:00,J-108,20,,LOW
2024-01-30 06:30:00,J-101,31,12,LOW
2024-01-30 06:30:00,J-102,20,9,LOW
2024-01-30 06:30:00,J-103,18,11,LOW
2024-01-30 06:30:00,J-104,16,11,LOW
2024-01-30 06:30:00,J-105,12,13,LOW
2024-01-30 06:30:00,J-106,8,13,LOW
2024-01-30 06:30:00,J-107,4,8,LOW
2024-01-30 06:30:00,J-108,27,11,LOW
2024-01-30 06:45:00,J-101,21,8,LOW
2024-01-30 06:45:00,J-102,20,9,LOW
2024-01-30 06:45:00,J-103,14,9,LOW
2024-01-30 06:45:00,J-104,12,8,LOW
2024-01-30 06:45:00,J-105,10,10,LOW
2024-01-30 06:45:00,J-106,5,8,LOW
2024-01-30 06:45:00,J-107,4,8,LOW
2024-01-30 06:45:00,J-108,19,8,LOW
2024-01-30 07:00:00,J-101,37,15,LOW
2024-01-30 07:00:00,J-102,28,13,LOW
2024-01-30 07:00:00,J-103,15,9,LOW
2024-01-30 07:00:00,J-104,18,13,LOW
2024-01-30 07:00:00,J-105,9,9,LOW
2024-01-30 07:00:00,J-106,9,14,LOW
2024-01-30 07:00:00,J-107,5,10,LOW
2024-01-30 07:00:00,J-108,37,16,LOW
2024-01-30 07:15:00,J-101,30,12,LOW
2024-01-30 07:15:00,J-102,21,9,LOW
2024-01-30 07:15:00,J-103,18,11,LOW
2024-01-30 07:15:00,J-104,15,10,LOW
2024-01-30 07:15:00,J-105,8,8,LOW
2024-01-30 07:15:00,J-106,7,11,LOW
2024-01-30 07:15:00,J-107,6,13,LOW
2024-01-30 07:15:00,J-108,30,13,LOW
2024-01-30 07:30:00,J-101,60,24,LOW
2024-01-30 07:30:00,J-102,83,38,LOW
2024-01-30 07:30:00,J-103,50,32,LOW
2024-01-30 07:30:00,J-104,47,33,LOW
2024-01-30 07:30:00,J-105,27,29,LOW
2024-01-30 07:30:00,J-106,19,30,LOW
2024-01-30 07:30:00,J-107,17,36,LOW
2024-01-30 07:30:00,J-108,69,29,LOW
2024-01-30 07:45:00,J-101,95,38,LOW
2024-01-30 07:45:00,J-102,99,45,MODERATE
2024-01-30 07:45:00,J-103,70,45,MODERATE
2024-01-30 07:45:00,J-104,52,37,LOW
2024-01-30 07:45:00,J-105,42,45,MODERATE
2024-01-30 07:45:00,J-106,26,42,MODERATE
2024-01-30 07:45:00,J-107,18,39,LOW
2024-01-30 07:45:00,J-108,95,41,MODERATE
2024-01-30 08:00:00,J-101,143,58,MODERATE
2024-01-30 08:00:00,J-102,114,52,MODERATE
2024-01-30 08:00:00,J-103,76,49,MODERATE
2024-01-30 08:00:00,J-104,77,55,MODERATE
2024-01-30 08:00:00,J-105,48,52,MODERATE
2024-01-30 08:00:00,J-106,34,55,MODERATE
2024-01-30 08:00:00,J-107,24,52,MODERATE
2024-01-30 08:00:00,J-108,125,54,MODERATE
2024-01-30 08:15:00,J-101,169,68,MODERATE
2024-01-30 08:15:00,J-102,103,47,MODERATE
2024-01-30 08:15:00,J-103,87,56,MODERATE
2024-01-30 08:15:00,J-104,78,56,MODERATE
2024-01-30 08:15:00,J-105,55,59,MODERATE
2024-01-30 08:15:00,J-106,31,50,MODERATE
2024-01-30 08:15:00,J-107,29,62,MODERATE
2024-01-30 08:15:00,J-108,131,56,MODERATE
2024-01-30 08:30:00,J-101,139,56,MODERATE
2024-01-30 08:30:00,J-102,145,67,MODERATE
2024-01-30 08:30:00,J-103,108,70,HIGH
2024-01-30 08:30:00,J-104,92,66,MODERATE
2024-01-30 08:30:00,J-105,66,71,HIGH
2024-01-30 08:30:00,J-106,33,53,MODERATE
2024-01-30 08:30:00,J-107,30,65,MODERATE
2024-01-30 08:30:00,J-108,143,61,MODERATE
2024-01-30 08:45:00,J-101,151,61,MODERATE
2024-01-30 08:45:00,J-102,163,75,HIGH
2024-01-30 08:45:00,J-103,116,75,HIGH
2024-01-30 08:45:00,J-104,84,60,MODERATE
2024-01-30 08:45:00,J-105,67,72,HIGH
2024-01-30 08:45:00,J-106,41,66,MODERATE
2024-01-30 08:45:00,J-107,29,62,MODERATE
2024-01-30 08:45:00,J-108,107,46,MODERATE
2024-01-30 09:00:00,J-101,130,52,MODERATE
2024-01-30 09:00:00,J-102,154,71,HIGH
2024-01-30 09:00:00,J-103,90,58,MODERATE
2024-01-30 09:00:00,J-104,94,67,MODERATE
2024-01-30 09:00:00,J-105,62,67,MODERATE
2024-01-30 09:00:00,J-106,36,58,MODERATE
2024-01-30 09:00:00,J-107,30,65,MODERATE
2024-01-30 09:00:00,J-108,172,74,HIGH
2024-01-30 09:15:00,J-101,155,62,MODERATE
2024-01-30 09:15:00,J-102,113,52,MODERATE
2024-01-30 09:15:00,J-103,105,68,MODERATE
2024-01-30 09:15:00,J-104,84,60,MODERATE
2024-01-30 09:15:00,J-105,62,67,MODERATE
2024-01-30 09:15:00,J-106,36,58,MODERATE
2024-01-30 09:15:00,J-107,26,56,MODERATE
2024-01-30 09:15:00,J-108,149,64,MODERATE
2024-01-30 09:30:00,J-101,139,56,MODERATE
2024-01-30 09:30:00,J-102,118,54,MODERATE
2024-01-30 09:30:00,J-103,51,33,LOW
2024-01-30 09:30:00,J-104,75,54,MODERATE
2024-01-30 09:30:00,J-105,32,34,LOW
2024-01-30 09:30:00,J-106,35,56,MODERATE
2024-01-30 09:30:00,J-107,17,36,LOW
2024-01-30 09:30:00,J-108,93,40,MODERATE
2024-01-30 09:45:00,J-101,99,40,MODERATE
2024-01-30 09:45:00,J-102,91,42,MODERATE
2024-01-30 09:45:00,J-103,64,41,MODERATE
2024-01-30 09:45:00,J-104,57,41,MODERATE
2024-01-30 09:45:00,J-105,29,31,LOW
2024-01-30 09:45:00,J-106,23,37,LOW
2024-01-30 09:45:00,J-107,20,43,MODERATE
2024-01-30 09:45:00,J-108,107,46,MODERATE
2024-01-30 10:00:00,J-101,87,35,LOW
2024-01-30 10:00:00,J-102,74,34,LOW
2024-01-30 10:00:00,J-103,62,40,MODERATE
2024-01-30 10:00:00,J-104,41,29,LOW
2024-01-30 10:00:00,J-105,25,27,LOW
2024-01-30 10:00:00,J-106,15,24,LOW
2024-01-30 10:00:00,J-107,14,30,LOW
2024-01-30 10:00:00,J-108,69,29,LOW
2024-01-30 10:15:00,J-101,23,9,LOW
2024-01-30 10:15:00,J-102,29,13,LOW
2024-01-30 10:15:00,J-103,16,10,LOW
2024-01-30 10:15:00,J-104,18,13,LOW
2024-01-30 10:15:00,J-105,9,9,LOW
2024-01-30 10:15:00,J-106,6,9,LOW
2024-01-30 10:15:00,J-107,5,10,LOW
2024-01-30 10:15:00,J-108,24,10,LOW
2024-01-30 10:30:00,J-101,32,13,LOW
2024-01-30 10:30:00,J-102,31,14,LOW
2024-01-30 10:30:00,J-103,17,11,LOW
2024-01-30 10:30:00,J-104,14,10,LOW
2024-01-30 10:30:00,J-105,12,13,LOW
2024-01-30 10:30:00,J-106,9,14,LOW
2024-01-30 10:30:00,J-107,5,10,LOW
2024-01-30 10:30:00,J-108,32,13,LOW
2024-01-30 10:45:00,J-101,34,13,LOW
2024-01-30 10:45:00,J-102,27,12,LOW
2024-01-30 10:45:00,J-103,23,14,LOW
2024-01-30 10:45:00,J-104,21,15,LOW
2024-01-30 10:45:00,J-105,10,10,LOW
2024-01-30 10:45:00,J-106,8,13,LOW
2024-01-30 10:45:00,J-107,5,10,LOW
2024-01-30 10:45:00,J-108,29,12,LOW
2024-01-30 11:00:00,J-101,19,7,LOW
2024-01-30 11:00:00,J-102,20,9,LOW
2024-01-30 11:00:00,J-103,13,8,LOW
2024-01-30 11:00:00,J-104,11,7,LOW
2024-01-30 11:00:00,J-105,9,9,LOW
2024-01-30 11:00:00,J-106,4,6,LOW
2024-01-30 11:00:00,J-107,4,8,LOW
2024-01-30 11:00:00,J-108,24,10,LOW
2024-01-30 11:15:00,J-101,32,13,LOW
2024-01-30 11:15:00,J-102,29,13,LOW
2024-01-30 11:15:00,J-103,21,13,LOW
2024-01-30 11:15:00,J-104,14,10,LOW
2024-01-30 11:15:00,J-105,10,10,LOW
2024-01-30 11:15:00,J-106,9,14,LOW
2024-01-30 11:15:00,J-107,6,13,LOW
2024-01-30 11:15:00,J-108,29,12,LOW
2024-01-30 11:30:00,J-101,20,8,LOW
2024-01-30 11:30:00,J-102,14,6,LOW
2024-01-30 11:30:00,J-103,11,7,LOW
2024-01-30 11:30:00,J-104,12,8,LOW
2024-01-30 11:30:00,J-105,7,7,LOW
2024-01-30 11:30:00,J-106,5,8,LOW
2024-01-30 11:30:00,J-107,2,4,LOW
2024-01-30 11:30:00,J-108,19,8,LOW
2024-01-30 11:45:00,J-101,30,12,LOW
2024-01-30 11:45:00,J-102,25,11,LOW
2024-01-30 11:45:00,J-103,21,13,LOW
2024-01-30 11:45:00,J-104,17,12,LOW
2024-01-30 11:45:00,J-105,14,15,LOW
2024-01-30 11:45:00,J-106,9,14,LOW
2024-01-30 11:45:00,J-107,5,10,LOW
2024-01-30 11:45:00,J-108,28,12,LOW
2024-01-30 12:00:00,J-101,35,14,LOW
2024-01-30 12:00:00,J-102,29,13,LOW
2024-01-30 12:00:00,J-103,25,16,LOW
2024-01-30 12:00:00,J-104,19,13,LOW
2024-01-30 12:00:00,J-105,12,13,LOW
2024-01-30 12:00:00,J-106,12,19,LOW
2024-01-30 12:00:00,J-107,7,15,LOW
2024-01-30 12:00:00,J-108,34,14,LOW
2024-01-30 12:15:00,J-101,49,19,LOW
2024-01-30 12:15:00,J-102,43,19,LOW
2024-01-30 12:15:00,J-103,31,20,LOW
2024-01-30 12:15:00,J-104,34,24,LOW
2024-01-30 12:15:00,J-105,22,23,LOW
2024-01-30 12:15:00,J-106,14,22,LOW
2024-01-30 12:15:00,J-107,9,19,LOW
2024-01-30 12:15:00,J-108,49,21,LOW
2024-01-30 12:30:00,J-101,61,24,LOW
2024-01-30 12:30:00,J-102,49,22,LOW
2024-01-30 12:30:00,J-103,49,31,LOW
2024-01-30 12:30:00,J-104,35,25,LOW
2024-01-30 12:30:00,J-105,23,24,LOW
2024-01-30 12:30:00,J-106,17,27,LOW
2024-01-30 12:30:00,J-107,11,23,LOW
2024-01-30 12:30:00,J-108,57,24,LOW
2024-01-30 12:45:00,J-101,45,18,LOW
2024-01-30 12:45:00,J-102,56,26,LOW
2024-01-30 12:45:00,J-103,48,31,LOW
2024-01-30 12:45:00,J-104,35,25,LOW
2024-01-30 12:45:00,J-105,26,28,LOW
2024-01-30 12:45:00,J-106,10,16,LOW
2024-01-30 12:45:00,J-107,13,28,LOW
2024-01-30 12:45:00,J-108,42,18,LOW
2024-01-30 13:00:00,J-101,60,24,LOW
2024-01-30 13:00:00,J-102,53,24,LOW
2024-01-30 13:00:00,J-103,41,26,LOW
2024-01-30 13:00:00,J-104,28,20,LOW
2024-01-30 13:00:00,J-105,26,28,LOW
2024-01-30 13:00:00,J-106,14,22,LOW
2024-01-30 13:00:00,J-107,11,23,LOW
2024-01-30 13:00:00,J-108,57,24,LOW
2024-01-30 13:15:00,J-101,48,19,LOW
2024-01-30 13:15:00,J-102,52,24,LOW
2024-01-30 13:15:00,J-103,41,26,LOW
2024-01-30 13:15:00,J-104,41,29,LOW
2024-01-30 13:15:00,J-105,20,21,LOW
2024-01-30 13:15:00,J-106,13,21,LOW
2024-01-30 13:15:00,J-107,9,19,LOW
2024-01-30 13:15:00,J-108,55,23,LOW
2024-01-30 13:30:00,J-101,67,27,LOW
2024-01-30 13:30:00,J-102,60,27,LOW
2024-01-30 13:30:00,J-103,34,22,LOW
2024-01-30 13:30:00,J-104,36,26,LOW
2024-01-30 13:30:00,J-105,20,21,LOW
2024-01-30 13:30:00,J-106,15,24,LOW
2024-01-30 13:30:00,J-107,11,23,LOW
2024-01-30 13:30:00,J-108,62,26,LOW
2024-01-30 13:45:00,J-101,37,15,LOW
2024-01-30 13:45:00,J-102,27,12,LOW
2024-01-30 13:45:00,J-103,21,13,LOW
2024-01-30 13:45:00,J-104,16,11,LOW
2024-01-30 13:45:00,J-105,11,11,LOW
2024-01-30 13:45:00,J-106,9,14,LOW
2024-01-30 13:45:00,J-107,6,13,LOW
2024-01-30 13:45:00,J-108,25,10,LOW
2024-01-30 14:00:00,J-101,30,12,LOW
2024-01-30 14:00:00,J-102,29,13,LOW
2024-01-30 14:00:00,J-103,16,10,LOW
2024-01-30 14:00:00,J-104,19,13,LOW
2024-01-30 14:00:00,J-105,10,10,LOW
2024-01-30 14:00:00,J-106,9,14,LOW
2024-01-30 14:00:00,J-107,5,10,LOW
2024-01-30 14:00:00,J-108,32,13,LOW
2024-01-30 14:15:00,J-101,29,11,LOW
2024-01-30 14:15:00,J-102,30,13,LOW
2024-01-30 14:15:00,J-103,20,13,LOW
2024-01-30 14:15:00,J-104,17,12,LOW
2024-01-30 14:15:00,J-105,,11,LOW
2024-01-30 14:15:00,J-106,7,11,LOW
2024-01-30 14:15:00,J-107,5,10,LOW
2024-01-30 14:15:00,J-108,28,12,LOW
2024-01-30 14:30:00,J-101,25,10,LOW
2024-01-30 14:30:00,J-102,26,12,LOW
2024-01-30 14:30:00,J-103,18,11,LOW
2024-01-30 14:30:00,J-104,14,10,LOW
2024-01-30 14:30:00,J-105,13,14,LOW
2024-01-30 14:30:00,J-106,7,11,LOW
2024-01-30 14:30:00,J-107,4,8,LOW
2024-01-30 14:30:00,J-108,20,8,LOW
2024-01-30 14:45:00,J-101,20,8,LOW
2024-01-30 14:45:00,J-102,17,7,LOW
2024-01-30 14:45:00,J-103,16,10,LOW
2024-01-30 14:45:00,J-104,13,9,LOW
2024-01-30 14:45:00,J-105,10,10,LOW
2024-01-30 14:45:00,J-106,5,,LOW
2024-01-30 14:45:00,J-107,4,8,LOW
2024-01-30 14:45:00,J-108,21,9,LOW
2024-01-30 15:00:00,J-101,37,15,LOW
2024-01-30 15:00:00,J-102,26,12,LOW
2024-01-30 15:00:00,J-103,21,13,LOW
2024-01-30 15:00:00,J-104,14,10,LOW
2024-01-30 15:00:00,J-105,9,9,LOW
2024-01-30 15:00:00,J-106,7,11,LOW
2024-01-30 15:00:00,J-107,5,10,LOW
2024-01-30 15:00:00,J-108,32,13,LOW
2024-01-30 15:15:00,J-101,25,10,LOW
2024-01-30 15:15:00,J-102,20,9,LOW
2024-01-30 15:15:00,J-103,17,11,LOW
2024-01-30 15:15:00,J-104,16,11,LOW
2024-01-30 15:15:00,J-105,12,13,LOW
2024-01-30 15:15:00,J-106,7,11,LOW
2024-01-30 15:15:00,J-107,5,10,LOW
2024-01-30 15:15:00,J-108,28,12,LOW
2024-01-30 15:30:00,J-101,32,13,LOW
2024-01-30 15:30:00,J-102,27,12,LOW
2024-01-30 15:30:00,J-103,22,14,LOW
2024-01-30 15:30:00,J-104,19,13,LOW
2024-01-30 15:30:00,J-105,10,10,LOW
2024-01-30 15:30:00,J-106,7,11,LOW
2024-01-30 15:30:00,J-107,5,10,LOW
2024-01-30 15:30:00,J-108,30,13,LOW
2024-01-30 15:45:00,J-101,24,9,LOW
2024-01-30 15:45:00,J-102,23,10,LOW
2024-01-30 15:45:00,J-103,17,11,LOW
2024-01-30 15:45:00,J-104,14,10,LOW
2024-01-30 15:45:00,J-105,10,10,LOW
2024-01-30 15:45:00,J-106,6,9,LOW
2024-01-30 15:45:00,J-107,5,10,LOW
2024-01-30 15:45:00,J-108,25,10,LOW
2024-01-30 16:00:00,J-101,28,11,LOW
2024-01-30 16:00:00,J-102,24,11,LOW
2024-01-30 16:00:00,J-103,16,10,LOW
2024-01-30 16:00:00,J-104,17,12,LOW
2024-01-30 16:00:00,J-105,13,14,LOW
2024-01-30 16:00:00,J-106,8,13,LOW
2024-01-30 16:00:00,J-107,6,13,LOW
2024-01-30 16:00:00,J-108,34,14,LOW
2024-01-30 16:15:00,J-101,34,13,LOW
2024-01-30 16:15:00,J-102,31,14,LOW
2024-01-30 16:15:00,J-103,17,11,LOW
2024-01-30 16:15:00,J-104,15,10,LOW
2024-01-30 16:15:00,J-105,10,10,LOW
2024-01-30 16:15:00,J-106,8,13,LOW
2024-01-30 16:15:00,J-107,6,13,LOW
2024-01-30 16:15:00,J-108,22,9,LOW
2024-01-30 16:30:00,J-101,72,29,LOW
2024-01-30 16:30:00,J-102,75,34,LOW
2024-01-30 16:30:00,J-103,60,39,LOW
2024-01-30 16:30:00,J-104,53,38,LOW
2024-01-30 16:30:00,J-105,32,34,LOW
2024-01-30 16:30:00,J-106,26,42,MODERATE
2024-01-30 16:30:00,J-107,13,28,LOW
2024-01-30 16:30:00,J-108,71,30,LOW
2024-01-30 16:45:00,J-101,118,47,MODERATE
2024-01-30 16:45:00,J-102,94,43,MODERATE
2024-01-30 16:45:00,J-103,73,47,MODERATE
2024-01-30 16:45:00,J-104,68,49,MODERATE
2024-01-30 16:45:00,J-105,46,49,MODERATE
2024-01-30 16:45:00,J-106,26,42,MODERATE
2024-01-30 16:45:00,J-107,21,45,MODERATE
2024-01-30 16:45:00,J-108,99,42,MODERATE
2024-01-30 17:00:00,J-101,127,51,MODERATE
2024-01-30 17:00:00,J-102,95,44,MODERATE
2024-01-30 17:00:00,J-103,74,48,MODERATE
2024-01-30 17:00:00,J-104,61,44,MODERATE
2024-01-30 17:00:00,J-105,44,47,MODERATE
2024-01-30 17:00:00,J-106,26,42,MODERATE
2024-01-30 17:00:00,J-107,19,41,MODERATE
2024-01-30 17:00:00,J-108,119,51,MODERATE
2024-01-30 17:15:00,J-101,137,55,MODERATE
2024-01-30 17:15:00,J-102,111,51,MODERATE
2024-01-30 17:15:00,J-103,87,56,MODERATE
2024-01-30 17:15:00,J-104,88,63,MODERATE
2024-01-30 17:15:00,J-105,46,49,MODERATE
2024-01-30 17:15:00,J-106,38,61,MODERATE
2024-01-30 17:15:00,J-107,27,58,MODERATE
2024-01-30 17:15:00,J-108,139,60,MODERATE
2024-01-30 17:30:00,J-101,174,70,HIGH
2024-01-30 17:30:00,J-102,121,56,MODERATE
2024-01-30 17:30:00,J-103,82,53,MODERATE
2024-01-30 17:30:00,J-104,68,49,MODERATE
2024-01-30 17:30:00,J-105,53,57,MODERATE
2024-01-30 17:30:00,J-106,39,63,MODERATE
2024-01-30 17:30:00,J-107,25,54,MODERATE
2024-01-30 17:30:00,J-108,93,40,MODERATE
2024-01-30 17:45:00,J-101,169,68,MODERATE
2024-01-30 17:45:00,J-102,118,54,MODERATE
2024-01-30 17:45:00,J-103,74,48,MODERATE
2024-01-30 17:45:00,J-104,79,57,MODERATE
2024-01-30 17:45:00,J-105,60,65,MODERATE
2024-01-30 17:45:00,J-106,36,58,MODERATE
2024-01-30 17:45:00,J-107,24,52,MODERATE
2024-01-30 17:45:00,J-108,138,59,MODERATE
2024-01-30 18:00:00,J-101,186,75,HIGH
2024-01-30 18:00:00,J-102,140,65,MODERATE
2024-01-30 18:00:00,J-103,102,66,MODERATE
2024-01-30 18:00:00,J-104,76,54,MODERATE
2024-01-30 18:00:00,J-105,63,68,MODERATE
2024-01-30 18:00:00,J-106,38,61,MODERATE
2024-01-30 18:00:00,J-107,27,58,MODERATE
2024-01-30 18:00:00,J-108,152,65,MODERATE
2024-01-30 18:15:00,J-101,165,67,MODERATE
2024-01-30 18:15:00,J-102,166,77,HIGH
2024-01-30 18:15:00,J-103,107,69,MODERATE
2024-01-30 18:15:00,J-104,86,62,MODERATE
2024-01-30 18:15:00,J-105,59,63,MODERATE
2024-01-30 18:15:00,J-106,38,61,MODERATE
2024-01-30 18:15:00,J-107,27,58,MODERATE
2024-01-30 18:15:00,J-108,143,61,MODERATE
2024-01-30 18:30:00,J-101,134,54,MODERATE
2024-01-30 18:30:00,J-102,100,46,MODERATE
2024-01-30 18:30:00,J-103,72,46,MODERATE
2024-01-30 18:30:00,J-104,69,49,MODERATE
2024-01-30 18:30:00,J-105,45,48,MODERATE
2024-01-30 18:30:00,J-106,32,52,MODERATE
2024-01-30 18:30:00,J-107,25,54,MODERATE
2024-01-30 18:30:00,J-108,114,49,MODERATE
2024-01-30 18:45:00,J-101,141,57,MODERATE
2024-01-30 18:45:00,J-102,117,54,MODERATE
2024-01-30 18:45:00,J-103,91,59,MODERATE
2024-01-30 18:45:00,J-104,93,67,MODERATE
2024-01-30 18:45:00,J-105,49,53,MODERATE
2024-01-30 18:45:00,J-106,32,52,MODERATE
2024-01-30 18:45:00,J-107,26,56,MODERATE
2024-01-30 18:45:00,J-108,131,56,MODERATE
2024-01-30 19:00:00,J-101,99,40,MODERATE
2024-01-30 19:00:00,J-102,74,34,LOW
2024-01-30 19:00:00,J-103,63,40,MODERATE
2024-01-30 19:00:00,J-104,52,37,LOW
2024-01-30 19:00:00,J-105,31,33,LOW
2024-01-30 19:00:00,J-106,16,26,LOW
2024-01-30 19:00:00,J-107,19,41,MODERATE
2024-01-30 19:00:00,J-108,,39,LOW
2024-01-30 19:15:00,J-101,118,47,MODERATE
2024-01-30 19:15:00,J-102,100,46,MODERATE
2024-01-30 19:15:00,J-103,92,59,MODERATE
2024-01-30 19:15:00,J-104,59,42,MODERATE
2024-01-30 19:15:00,J-105,38,41,MODERATE
2024-01-30 19:15:00,J-106,30,48,MODERATE
2024-01-30 19:15:00,J-107,21,45,MODERATE
2024-01-30 19:15:00,J-108,112,48,MODERATE
2024-01-30 19:30:00,J-101,89,36,LOW
2024-01-30 19:30:00,J-102,44,20,LOW
2024-01-30 19:30:00,J-103,52,33,LOW
2024-01-30 19:30:00,J-104,40,28,LOW
2024-01-30 19:30:00,J-105,38,41,MODERATE
2024-01-30 19:30:00,J-106,22,35,LOW
2024-01-30 19:30:00,J-107,18,39,LOW
2024-01-30 19:30:00,J-108,95,,MODERATE
2024-01-30 19:45:00,J-101,26,10,LOW
2024-01-30 19:45:00,J-102,22,10,LOW
2024-01-30 19:45:00,J-103,16,10,LOW
2024-01-30 19:45:00,J-104,17,12,LOW
2024-01-30 19:45:00,J-105,13,14,LOW
2024-01-30 19:45:00,J-106,6,9,LOW
2024-01-30 19:45:00,J-107,5,10,LOW
2024-01-30 19:45:00,J-108,27,11,LOW
2024-01-30 20:00:00,J-101,30,12,LOW
2024-01-30 20:00:00,J-102,28,13,LOW
2024-01-30 20:00:00,J-103,20,13,LOW
2024-01-30 20:00:00,J-104,14,10,LOW
2024-01-30 20:00:00,J-105,11,11,LOW
2024-01-30 20:00:00,J-106,6,9,LOW
2024-01-30 20:00:00,J-107,5,10,LOW
2024-01-30 20:00:00,J-108,29,12,LOW
2024-01-30 20:15:00,J-101,31,12,LOW
2024-01-30 20:15:00,J-102,24,11,LOW
2024-01-30 20:15:00,J-103,15,9,LOW
2024-01-30 20:15:00,J-104,15,10,LOW
2024-01-30 20:15:00,J-105,13,14,LOW
2024-01-30 20:15:00,J-106,7,11,LOW
2024-01-30 20:15:00,J-107,7,15,LOW
2024-01-30 20:15:00,J-108,28,12,LOW
2024-01-30 20:30:00,J-101,24,9,LOW
2024-01-30 20:30:00,J-102,30,13,LOW
2024-01-30 20:30:00,J-103,23,14,LOW
2024-01-30 20:30:00,J-104,19,13,LOW
2024-01-30 20:30:00,J-105,9,9,LOW
2024-01-30 20:30:00,J-106,6,9,LOW
2024-01-30 20:30:00,J-107,6,13,LOW
2024-01-30 20:30:00,J-108,28,12,LOW
2024-01-30 20:45:00,J-101,35,14,LOW
2024-01-30 20:45:00,J-102,27,12,LOW
2024-01-30 20:45:00,J-103,21,13,LOW
2024-01-30 20:45:00,J-104,19,13,LOW
2024-01-30 20:45:00,J-105,10,10,LOW
2024-01-30 20:45:00,J-106,6,9,LOW
2024-01-30 20:45:00,J-107,6,13,LOW
2024-01-30 20:45:00,J-108,31,13,LOW
2024-01-30 21:00:00,J-101,29,11,LOW
2024-01-30 21:00:00,J-102,21,9,LOW
2024-01-30 21:00:00,J-103,17,11,LOW
2024-01-30 21:00:00,J-104,14,10,LOW
2024-01-30 21:00:00,J-105,12,13,LOW
2024-01-30 21:00:00,J-106,8,13,LOW
2024-01-30 21:00:00,J-107,6,13,LOW
2024-01-30 21:00:00,J-108,32,13,LOW
2024-01-30 21:15:00,J-101,24,9,LOW
2024-01-30 21:15:00,J-102,25,11,LOW
2024-01-30 21:15:00,J-103,20,13,LOW
2024-01-30 21:15:00,J-104,19,13,LOW
2024-01-30 21:15:00,J-105,13,14,LOW
2024-01-30 21:15:00,J-106,7,11,LOW
2024-01-30 21:15:00,J-107,6,13,LOW
2024-01-30 21:15:00,J-108,25,10,LOW
2024-01-30 21:30:00,J-101,36,14,LOW
2024-01-30 21:30:00,J-102,24,11,LOW
2024-01-30 21:30:00,J-103,20,13,LOW
2024-01-30 21:30:00,J-104,16,11,LOW
2024-01-30 21:30:00,J-105,12,13,LOW
2024-01-30 21:30:00,J-106,7,11,LOW
2024-01-30 21:30:00,J-107,5,10,LOW
2024-01-30 21:30:00,J-108,28,12,LOW
2024-01-30 21:45:00,J-101,31,12,LOW
2024-01-30 21:45:00,J-102,25,11,LOW
2024-01-30 21:45:00,J-103,20,13,LOW
2024-01-30 21:45:00,J-104,15,10,LOW
2024-01-30 21:45:00,J-105,13,14,LOW
2024-01-30 21:45:00,J-106,7,11,LOW
2024-01-30 21:45:00,J-107,6,13,LOW
2024-01-30 21:45:00,J-108,35,15,LOW
2024-01-30 22:00:00,J-101,32,13,LOW
2024-01-30 22:00:00,J-102,23,10,LOW
2024-01-30 22:00:00,J-103,16,10,LOW
2024-01-30 22:00:00,J-104,15,10,LOW
2024-01-30 22:00:00,J-105,8,8,LOW
2024-01-30 22:00:00,J-106,6,9,LOW
2024-01-30 22:00:00,J-107,4,8,LOW
2024-01-30 22:00:00,J-108,27,11,LOW
2024-01-30 22:15:00,J-101,20,8,LOW
2024-01-30 22:15:00,J-102,16,7,LOW
2024-01-30 22:15:00,J-103,13,8,LOW
2024-01-30 22:15:00,J-104,10,7,LOW
2024-01-30 22:15:00,J-105,8,8,LOW
2024-01-30 22:15:00,J-106,4,6,LOW
2024-01-30 22:15:00,J-107,3,6,LOW
2024-01-30 22:15:00,J-108,16,6,LOW
2024-01-30 22:30:00,J-101,31,12,LOW
2024-01-30 22:30:00,J-102,28,13,LOW
2024-01-30 22:30:00,J-103,17,11,LOW
2024-01-30 22:30:00,J-104,17,12,LOW
2024-01-30 22:30:00,J-105,11,11,LOW
2024-01-30 22:30:00,J-106,5,8,LOW
2024-01-30 22:30:00,J-107,6,13,LOW
2024-01-30 22:30:00,J-108,24,10,LOW
2024-01-30 22:45:00,J-101,29,11,LOW
2024-01-30 22:45:00,J-102,25,11,LOW
2024-01-30 22:45:00,J-103,20,13,LOW
2024-01-30 22:45:00,J-104,20,14,LOW
2024-01-30 22:45:00,J-105,12,13,LOW
2024-01-30 22:45:00,J-106,8,13,LOW
2024-01-30 22:45:00,J-107,5,10,LOW
2024-01-30 22:45:00,J-108,34,14,LOW
2024-01-30 23:00:00,J-101,33,13,LOW
2024-01-30 23:00:00,J-102,24,11,LOW
2024-01-30 23:00:00,J-103,21,13,LOW
2024-01-30 23:00:00,J-104,21,15,LOW
2024-01-30 23:00:00,J-105,14,15,LOW
2024-01-30 23:00:00,J-106,8,13,LOW
2024-01-30 23:00:00,J-107,5,10,LOW
2024-01-30 23:00:00,J-108,28,12,LOW
2024-01-30 23:15:00,J-101,30,12,LOW
2024-01-30 23:15:00,J-102,22,10,LOW
2024-01-30 23:15:00,J-103,20,13,LOW
2024-01-30 23:15:00,J-104,18,13,LOW
2024-01-30 23:15:00,J-105,11,11,LOW
2024-01-30 23:15:00,J-106,7,11,LOW
2024-01-30 23:15:00,J-107,4,8,LOW
2024-01-30 23:15:00,J-108,27,11,LOW
2024-01-30 23:30:00,J-101,38,15,LOW
2024-01-30 23:30:00,J-102,20,9,LOW
2024-01-30 23:30:00,J-103,17,11,LOW
2024-01-30 23:30:00,J-104,17,12,LOW
2024-01-30 23:30:00,J-105,9,9,LOW
2024-01-30 23:30:00,J-106,8,13,LOW
2024-01-30 23:30:00,J-107,6,13,LOW
2024-01-30 23:30:00,J-108,25,10,LOW
2024-01-30 23:45:00,J-101,28,11,LOW
2024-01-30 23:45:00,J-102,25,11,LOW
2024-01-30 23:45:00,J-103,18,11,LOW
2024-01-30 23:45:00,J-104,12,8,LOW
2024-01-30 23:45:00,J-105,12,13,LOW
2024-01-30 23:45:00,J-106,9,14,LOW
2024-01-30 23:45:00,J-107,6,13,LOW
2024-01-30 23:45:00,J-108,26,11,LOW
